action	guid	original	current
retained-guid	769890c09f9abdf42af40a0e8b1f8ea0	Assets/Feel/MMFeedbacks/MMFeedbacksForThirdParty/TextMeshPro/Feedbacks/MMF_TMPLineSpacing.cs	Assets/Scripts/ThirdParty/Feel/MMFeedbacks/MMFeedbacksForThirdParty/TextMeshPro/Feedbacks/MMF_TMPLineSpacing.cs
removed-demo	b5b9db77b259a12469a05063c52d1d11	Assets/Feel/MMTools/Demos/MMTween/Fonts/Lato/TTF/Lato-BoldItalic.ttf	
removed-demo	26b6cbb95d0d71c4cb728778641aec2b	Assets/Feel/MMFeedbacks/Demos/SequencingDemo/Textures/Tiles44_rgh.png	
retained-guid	8dccaa5e1799e3b48ab214e494816880	Assets/Feel/MMFeedbacks/MMFeedbacksForThirdParty/HDRP/Shakers/MMDepthOfFieldShaker_HDRP.cs	Assets/Scripts/ThirdParty/Feel/MMFeedbacks/MMFeedbacksForThirdParty/HDRP/Shakers/MMDepthOfFieldShaker_HDRP.cs
retained-guid	273f85de13f3ea84a9fe0139daf01c37	Assets/Feel/MMTools/Core/MMExtensions/MMListExtensions.cs	Assets/Scripts/ThirdParty/Feel/MMTools/Core/MMExtensions/MMListExtensions.cs
removed-demo	3376c0b6a8c5f4b539dbbf44b0698d59	Assets/Feel/NiceVibrations/HapticSamples/Footsteps/FootstepGravel1.wav	
retained-guid	e980ecbe40d8ec64eb0a87b32fed766e	Assets/Feel/MMFeedbacks/MMFeedbacks/Springs/Core/Components/MMSpringVector2Component.cs	Assets/Scripts/ThirdParty/Feel/MMFeedbacks/MMFeedbacks/Springs/Core/Components/MMSpringVector2Component.cs
retained-guid	f2cba57e3c6751145ba55ff4962addea	Assets/Feel/MMFeedbacks/MMFeedbacks/Feedbacks/MMF_Scale.cs	Assets/Scripts/ThirdParty/Feel/MMFeedbacks/MMFeedbacks/Feedbacks/MMF_Scale.cs
removed-demo	d75374dc42d4c9d4b8f44f6c9453116f	Assets/Feel/FeelDemosHDRP/Falcon/Materials/FeelFalconPaint.mat	
removed-demo	64bf73228f5adf34e99e2654890dc25d	Assets/Feel/FeelDemos/Strike/Lighting/StrikeURPSettings.lighting	
retained-guid	aff4855d499cb7646b344323f4129b58	Assets/Feel/MMTools/Accessories/MMGUI/Sprites/MMTools_GUI_1x1.png	Assets/Art/Textures/Feel/MMTools/Accessories/MMGUI/Sprites/MMTools_GUI_1x1.png
retained-guid	d6480c3a11ef13143b71f9c64c7da64c	Assets/Feel/MMFeedbacks/MMFeedbacks/Sequencing/Scripts/MMSequence.cs	Assets/Scripts/ThirdParty/Feel/MMFeedbacks/MMFeedbacks/Sequencing/Scripts/MMSequence.cs
removed-demo	bb27b2715855c43e68e953138ae502c0	Assets/Feel/NiceVibrations/HapticSamples/ApplicationUX/Button3.haptic	
retained-guid	57336066c3d7ff5418ae88b7880aafed	Assets/Feel/MMTools/Accessories/MMDebugMenu/Prefabs/MMDebugMenuTextTiny.prefab	Assets/Art/Prefabs/Feel/MMTools/Accessories/MMDebugMenu/Prefabs/MMDebugMenuTextTiny.prefab
removed-demo	ebdde62f5ecec4656aedd528b468e011	Assets/Feel/NiceVibrations/HapticSamples/Weapons/ShotgunLoad1.wav	
retained-guid	d9dbf313afb206f458581847ac758375	Assets/Feel/MMTools/Core/Editor/MoreMountains.Tools.Editor.asmdef	Assets/Scripts/ThirdParty/Feel/MMTools/Core/Editor/MoreMountains.Tools.Editor.asmdef
removed-demo	5ca7bbd41447b43a0adf826b58700385	Assets/Feel/NiceVibrations/HapticSamples/Music/Snare1.haptic	
removed-demo	aade7dfbbcc2bb749a75c813546d0b48	Assets/Feel/FeelDemos/Barbarians/Models/Materials/Wood.003.mat	
removed-demo	7ea3158ed21ffd042aaf638fc95dd240	Assets/Feel/MMFeedbacks/Demos/SequencingDemo/Textures/Tiles31_nrm.png	
removed-demo	201a3f0fd44444e4da86b3ded7f4448f	Assets/Feel/NiceVibrations/Demo/Common/Sprites/NVDottedPattern.png	
removed-demo	0c0726441c6f3904a8204975a152abe7	Assets/Feel/FeelDemos/Strike/Textures/FeelStrikeBall.png	
retained-guid	50fd27fe4d3854042af8178658492f5b	Assets/Feel/MMTools/Core/Editor/MMRadio/MMPropertyReceiverDrawer.cs	Assets/Scripts/ThirdParty/Feel/MMTools/Core/Editor/MMRadio/MMPropertyReceiverDrawer.cs
retained-guid	eb1b2db13e60f244dae9130e1ea580d0	Assets/Feel/MMFeedbacks/MMFeedbacks/Springs/Core/Components/MMSpringVector3Component.cs	Assets/Scripts/ThirdParty/Feel/MMFeedbacks/MMFeedbacks/Springs/Core/Components/MMSpringVector3Component.cs
retained-guid	277be439bdc9329468f9e6d0799d54be	Assets/Feel/MMFeedbacks/MMFeedbacks/Core/MMChannels/ChannelC.asset	Assets/Data/Feedback/Feel/MMFeedbacks/MMFeedbacks/Core/MMChannels/ChannelC.asset
removed-demo	902148089959e4e0094692971d6a817c	Assets/Feel/NiceVibrations/HapticSamples/Impacts/Glass3.haptic	
removed-demo	4ed226ca40e001b4da9c290e8530c682	Assets/Feel/FeelDemos/Wheel/Animation/FeelWheelDustAnimation.anim	
retained-guid	8eb29863876e355408fe5429a4948fe5	Assets/Feel/MMFeedbacks/MMFeedbacks/Feedbacks/MMF_SetParent.cs	Assets/Scripts/ThirdParty/Feel/MMFeedbacks/MMFeedbacks/Feedbacks/MMF_SetParent.cs
retained-guid	e4ca86eeefb9e704a9e99ebb71e8345d	Assets/Feel/MMTools/Accessories/Editor/MoreMountains.Tools.Accessories.Editor.asmref	Assets/Scripts/ThirdParty/Feel/MMTools/Accessories/Editor/MoreMountains.Tools.Accessories.Editor.asmref
retained-guid	d1b8594b6c8c7fe478fab3b86d0b62db	Assets/Feel/MMFeedbacks/MMFeedbacks/Shakers/MMCameraFieldOfViewShaker.cs	Assets/Scripts/ThirdParty/Feel/MMFeedbacks/MMFeedbacks/Shakers/MMCameraFieldOfViewShaker.cs
removed-demo	9096c72bd497923479605df131852973	Assets/Feel/FeelDemos/Barbarians/Prefabs/FeelBarbarianEnemy.prefab	
retained-guid	447f85d5ac582a541bd440a4dcc469e0	Assets/Feel/MMFeedbacks/MMFeedbacks/Feedbacks/MMF_TextureScale.cs	Assets/Scripts/ThirdParty/Feel/MMFeedbacks/MMFeedbacks/Feedbacks/MMF_TextureScale.cs
retained-guid	05cb76770cb65124ebc19520574e2a60	Assets/Feel/MMTools/Accessories/MMVFX/MMRamps/MMRamp3.png	Assets/Art/Textures/Feel/MMTools/Accessories/MMVFX/MMRamps/MMRamp3.png
removed-demo	cfb3f31a3e4974faab3ecce1e8eb035f	Assets/Feel/NiceVibrations/HapticSamples/Impacts/Body1.wav	
removed-demo	c109e1b1cadedb64686484f1dcb6de6a	Assets/Feel/FeelDemos/CardsUI/Lighting/FeelCardsUISettings.lighting	
removed-demo	6fd0b649401ca5b419a5ebf5df170c0f	Assets/Feel/MMFeedbacks/Demos/MMFeedbacksDemo/Textures/FeedbacksDemoGhost.png	
removed-demo	8d1ffe9067c85124ab7be70b32a01c50	Assets/Feel/MMFeedbacks/Demos/MMFeedbacksDemo/Camera/Gizmos/Cinemachine/cm_logo_lg.png	
removed-demo	d7061329c567890488d84aeeb01d9b15	Assets/Feel/FeelDemos/Letters/Materials/FeelLettersDemoSparkMaterial.mat	
removed-demo	0d9a9c3b9b9947b4b9b6b42f381d6cc1	Assets/Feel/NiceVibrations/Demo/Common/Scripts/UI/MMProgressBar.cs	
retained-guid	3940f67cfdf57d642894f21532af98e6	Assets/Feel/MMTools/Accessories/MMPrototypeTextures/Textures/MMProtoTextures/MMProtoTextures_BlueCrosses.png	Assets/Art/Textures/Feel/MMTools/Accessories/MMPrototypeTextures/Textures/MMProtoTextures/MMProtoTextures_BlueCrosses.png
removed-demo	3b9f0e66476e74586b74f17826e39294	Assets/Feel/NiceVibrations/HapticSamples/Weapons/DistanceGunShot3.haptic	
removed-demo	ade14d335fafb01448aae9fd8172457f	Assets/Feel/MMFeedbacks/Demos/MMFeedbacksDemo/Models/Dude/DudeEyes.anim	
removed-demo	00cafe0a18485bf4986d87092f3b2c63	Assets/Feel/MMTools/Demos/MMGhostCamera/Models/MMGhostCameraCity.fbx	
removed-demo	b8c0f4c828e8022498c8a5c6c0fa8ec4	Assets/Feel/FeelDemos/Letters/Sprites/FeelLettersDemoEyeBlack.png	
removed-demo	46576ebd24ca95b418aa0c64e9a60f53	Assets/Feel/FeelDemos/Springs/Materials/FeelSpringsTalkingTreesRocks.mat	
removed-demo	74aa5cbd4ad343f4fa2901ae097e2aa3	Assets/Feel/FeelDemos/Barbarians/Models/Materials/rock.mat	
removed-demo	8a936e0f4bd6142b69aad2e28fb97a95	Assets/Feel/NiceVibrations/HapticSamples/Music/Drums1.haptic	
removed-demo	092b85f5f05bc0f4bb97bab8327f367e	Assets/Feel/FeelDemos/CardsUI/Prefabs/FeelCardsUI_Card_Fireproof.prefab	
retained-guid	cdec9bf9a59856c48a9bd8fe7caaedc7	Assets/Feel/MMTools/Core/MMAttributes/MMDebugLogCommandArgumentCountAttribute.cs	Assets/Scripts/ThirdParty/Feel/MMTools/Core/MMAttributes/MMDebugLogCommandArgumentCountAttribute.cs
retained-guid	b9f71c3d801e5f84b88c2cb7256503ee	Assets/Feel/MMTools/Accessories/MMInstantiation/MMSpawnAround.cs	Assets/Scripts/ThirdParty/Feel/MMTools/Accessories/MMInstantiation/MMSpawnAround.cs
retained-guid	5da54437c52380745ab2d12656252b80	Assets/Feel/MMTools/Accessories/MMPrototypeTextures/Textures/MMProtoTextures/MMProtoTextures_BlueFrame.png	Assets/Art/Textures/Feel/MMTools/Accessories/MMPrototypeTextures/Textures/MMProtoTextures/MMProtoTextures_BlueFrame.png
removed-demo	ebf4609aed0dc4d82ad954bb603461fd	Assets/Feel/NiceVibrations/HapticSamples/ApplicationUX/Beep3.wav	
retained-guid	934c751bdc1eca14bb13d3c6b311c60c	Assets/Feel/MMTools/Core/MMAudio/MMSoundManager/Events/MMSoundManagerAllSoundsControlEvent.cs	Assets/Scripts/ThirdParty/Feel/MMTools/Core/MMAudio/MMSoundManager/Events/MMSoundManagerAllSoundsControlEvent.cs
removed-demo	85f4cc65b063a4e718be79d7b1f41346	Assets/Feel/NiceVibrations/HapticSamples/Nature/Thunder2.wav	
retained-guid	d20df93fb7de8457baa15a213a53ab19	Assets/Feel/NiceVibrations/Scripts/Components/HapticSource.cs	Assets/Scripts/ThirdParty/Feel/NiceVibrations/Scripts/Components/HapticSource.cs
removed-demo	5e1730b1282c5784ba9af2179d75fdc6	Assets/Feel/FeelDemos/Tactical/Materials/FeelTacticalGunMaterial.mat	
retained-guid	0f830b4b35476a64095c922deaa35b72	Assets/Feel/MMTools/Demos/MMTween/Fonts/Lato/SDF/Lato-BlackItalic SDF.asset	Assets/Data/Feedback/Feel/MMTools/Demos/MMTween/Fonts/Lato/SDF/Lato-BlackItalic SDF.asset
removed-demo	dcabc9bcc2a8340ada5729e569aebd48	Assets/Feel/NiceVibrations/HapticSamples/Objects/SwitchHeavy2.wav	
removed-demo	4b112bc2d5df4c247864fd3499a53d9e	Assets/Feel/FeelDemos/UIToolkitFeedbacksDemo/Stylesheets/FeelUIToolkitFeedbacksDemoStylesheet.uss	
retained-guid	8f66483fc4928824e96ba9aa3eb86e6f	Assets/Feel/MMFeedbacks/MMFeedbacksForThirdParty/MMTools/MoreMountains.Feedbacks.MMTools.asmref	Assets/Scripts/ThirdParty/Feel/MMFeedbacks/MMFeedbacksForThirdParty/MMTools/MoreMountains.Feedbacks.MMTools.asmref
removed-demo	4229181c105e0794a90ed8031ed963a3	Assets/Feel/MMFeedbacks/Demos/SequencingDemo/Textures/PaintedMetal02_col.png	
removed-demo	ea579184be3210e458d3beef7ebe7fe0	Assets/Feel/FeelDemos/MMProgressBar/Sprites/FeelMMProgressBarRadial.png	
retained-guid	e5a6fcac99c686a4ba4c6f04b2e0f02f	Assets/Feel/NiceVibrations/Define/NiceVibrationsDefineSymbols.cs	Assets/Scripts/ThirdParty/Feel/NiceVibrations/Define/NiceVibrationsDefineSymbols.cs
retained-guid	2fe5de52b83841b49bb695e0d21a84e0	Assets/Feel/MMTools/Accessories/MoreMountains.Tools.Accessories.asmref	Assets/Scripts/ThirdParty/Feel/MMTools/Accessories/MoreMountains.Tools.Accessories.asmref
retained-guid	bc7924747b6dade48ac9a15d72b5176b	Assets/Feel/MMTools/Core/MMAudio/MMSMPlaylist/MMSMPlaylist.cs	Assets/Scripts/ThirdParty/Feel/MMTools/Core/MMAudio/MMSMPlaylist/MMSMPlaylist.cs
removed-demo	c6f36653924a447c18e1cdbc2e14a822	Assets/Feel/NiceVibrations/HapticSamples/Objects/Keyboard3.haptic	
retained-guid	e815f28291646fc47a4ea53fa52db2a4	Assets/Feel/MMTools/Accessories/MMDebugMenu/Scripts/Events/MMDebugMenuSliderEvent.cs	Assets/Scripts/ThirdParty/Feel/MMTools/Accessories/MMDebugMenu/Scripts/Events/MMDebugMenuSliderEvent.cs
removed-demo	df6ba66827ad642daa95fb9bc020da9f	Assets/Feel/NiceVibrations/HapticSamples/Objects/Coin4.haptic	
removed-demo	b134d6c286ef04c36a28a929b9f614c5	Assets/Feel/NiceVibrations/HapticSamples/Impacts/Glass2.wav	
retained-guid	93cb35ed4e3a7554cbb5cdc5e2bdfd4d	Assets/Feel/MMFeedbacks/MMFeedbacksForThirdParty/MMTools/Feedbacks/MMF_MMSoundManagerSoundData.cs	Assets/Scripts/ThirdParty/Feel/MMFeedbacks/MMFeedbacksForThirdParty/MMTools/Feedbacks/MMF_MMSoundManagerSoundData.cs
removed-demo	4615302ba7af13645aec1ad743d65dcf	Assets/Feel/NiceVibrations/Demo/DemoAssets/BallDemo/Scripts/BallDemoWall.cs	
retained-guid	ff1bc0ee84c11704b9fdeae5c51f6a76	Assets/Feel/MMFeedbacks/MMFeedbacksForThirdParty/UIToolkit/Feedbacks/MMF_UIToolkitScale.cs	Assets/Scripts/ThirdParty/Feel/MMFeedbacks/MMFeedbacksForThirdParty/UIToolkit/Feedbacks/MMF_UIToolkitScale.cs
retained-guid	2d01154bce0123949a8800d85a063092	Assets/Feel/MMFeedbacks/MMFeedbacksForThirdParty/URP/Shakers/MMChromaticAberrationShaker_URP.cs	Assets/Scripts/ThirdParty/Feel/MMFeedbacks/MMFeedbacksForThirdParty/URP/Shakers/MMChromaticAberrationShaker_URP.cs
removed-demo	9180f39d07a35fa4791ff41242e2b768	Assets/Feel/FeelDemos/Barbarians/Models/Materials/Leaves.005.mat	
retained-guid	00b9fc554bc35094d9e423683c81474e	Assets/Feel/MMFeedbacks/MMFeedbacksForThirdParty/HDRP/Shakers/MMPaniniProjectionShaker_HDRP.cs	Assets/Scripts/ThirdParty/Feel/MMFeedbacks/MMFeedbacksForThirdParty/HDRP/Shakers/MMPaniniProjectionShaker_HDRP.cs
removed-demo	2b540936da83a594695cf9f7b31ea045	Assets/Feel/FeelDemos/Barbarians/Lighting/LightingData.asset	
retained-guid	fc509a62d8e6cfc45a8431d8d586b9f6	Assets/Feel/MMTools/Foundation/MMControls/MMTouchAxis.cs	Assets/Scripts/ThirdParty/Feel/MMTools/Foundation/MMControls/MMTouchAxis.cs
removed-demo	35c96e2fd54984c10a14df6dd77db148	Assets/Feel/NiceVibrations/HapticSamples/Weapons/LightMachineGunLoad1.wav	
removed-demo	94f43f82d46dcdb4db47e75f6c65be01	Assets/Feel/NiceVibrations/Demo/Common/Sprites/NVArrow.png	
retained-guid	3944eaaf70beffa4097d8c293604125e	Assets/Feel/MMTools/Demos/MMTween/Fonts/Lato/SDF/Lato SDF.asset	Assets/Data/Feedback/Feel/MMTools/Demos/MMTween/Fonts/Lato/SDF/Lato SDF.asset
retained-guid	1374d534191fbdf40b704f29771981b9	Assets/Feel/MMTools/Accessories/MMMovement/MMFaceDirection.cs	Assets/Scripts/ThirdParty/Feel/MMTools/Accessories/MMMovement/MMFaceDirection.cs
retained-guid	9ce2978bc356b834984f6553e51886ce	Assets/Feel/MMFeedbacks/MMFeedbacks/Feedbacks/MMF_InstantiateObject.cs	Assets/Scripts/ThirdParty/Feel/MMFeedbacks/MMFeedbacks/Feedbacks/MMF_InstantiateObject.cs
retained-guid	a6f79153eaeaf214e9259d50f28e637f	Assets/Feel/MMTools/Accessories/MMPrototypeTextures/Textures/MMProtoTextures/MMProtoTextures_GreenCrosses.png	Assets/Art/Textures/Feel/MMTools/Accessories/MMPrototypeTextures/Textures/MMProtoTextures/MMProtoTextures_GreenCrosses.png
removed-demo	1771a9a00be3bd44d9ccabfd1f19148c	Assets/Feel/FeelDemos/Letters/Materials/FeelLettersDemoSkybox.mat	
removed-demo	352d34cac2435634fb99618d19a3929c	Assets/Feel/MMTools/Demos/MMSceneLoading/MMSceneLoadingDemoSceneB.unity	
retained-guid	f54b8ae4d72e16445b407e4ad5ad4264	Assets/Feel/MMTools/Accessories/MMShaders/MMBoilingLine.shader	Assets/Art/Shaders/Feel/MMTools/Accessories/MMShaders/MMBoilingLine.shader
removed-demo	3cc72561b9a8f1742888abad55b726e2	Assets/Feel/FeelDemos/Tactical/Animations/FeelTactical@Reloading.fbx	
removed-demo	34349ba9a92a78e4384a72b5d6d27d90	Assets/Feel/FeelDemos/SquashAndStretch/Materials/FeelSquashAndStretchChalet.mat	
retained-guid	e3229bd32ac955842a56a44c38a45f9e	Assets/Feel/MMFeedbacks/MMFeedbacks/Feedbacks/MMF_PlayerControl.cs	Assets/Scripts/ThirdParty/Feel/MMFeedbacks/MMFeedbacks/Feedbacks/MMF_PlayerControl.cs
retained-guid	1806add7d16bbe4419725ed4681c2c18	Assets/Feel/MMTools/Accessories/MMVFX/MMParticles/MMParticlesDust.png	Assets/Art/Textures/Feel/MMTools/Accessories/MMVFX/MMParticles/MMParticlesDust.png
retained-guid	c5efb216979c3fd489936ad2e22d7e94	Assets/Feel/MMFeedbacks/MMFeedbacksForThirdParty/URP/Shakers/MMFilmGrainShaker_URP.cs	Assets/Scripts/ThirdParty/Feel/MMFeedbacks/MMFeedbacksForThirdParty/URP/Shakers/MMFilmGrainShaker_URP.cs
retained-guid	44a39707cf7142b45a78bb9d0e5ebfa5	Assets/Feel/MMTools/Core/MMAttributes/MMColorAttribute.cs	Assets/Scripts/ThirdParty/Feel/MMTools/Core/MMAttributes/MMColorAttribute.cs
removed-demo	cc685207a46826746af448ba3a0eaa07	Assets/Feel/FeelDemos/Bounce/Sounds/FeelBounceLanding.wav	
retained-guid	ceea5d59c11750f4e8deb2c47ff8bcb4	Assets/Feel/MMTools/Accessories/MMVision/MMConeOfVision2D.cs	Assets/Scripts/ThirdParty/Feel/MMTools/Accessories/MMVision/MMConeOfVision2D.cs
retained-guid	ea0440c408d18a54cb9610dd676e7e65	Assets/Feel/MMFeedbacks/MMFeedbacks/Springs/Springs/MMSpringRectTransformPosition.cs	Assets/Scripts/ThirdParty/Feel/MMFeedbacks/MMFeedbacks/Springs/Springs/MMSpringRectTransformPosition.cs
removed-demo	d1bcd35b15aeec2499895609c9f7f00f	Assets/Feel/FeelDemos/Wheel/Models/FeelWheelGround.fbx	
removed-demo	442f0bf836b266f499004e2f72719dc7	Assets/Feel/FeelDemos/MMSequencer/Materials/FeelMMSequencerDemoSkybox.mat	
retained-guid	c90af9401f16038488cbc1a21e79de15	Assets/Feel/MMFeedbacks/MMFeedbacksForThirdParty/PostProcessing/Helpers/MMPostProcessingHelpers.cs	Assets/Scripts/ThirdParty/Feel/MMFeedbacks/MMFeedbacksForThirdParty/PostProcessing/Helpers/MMPostProcessingHelpers.cs
retained-guid	e79061224d0604740b66d87c50047581	Assets/Feel/MMFeedbacks/MMFeedbacksForThirdParty/URP/Shakers/MMChannelMixerShaker_URP.cs	Assets/Scripts/ThirdParty/Feel/MMFeedbacks/MMFeedbacksForThirdParty/URP/Shakers/MMChannelMixerShaker_URP.cs
retained-guid	b34371db751e55942bc9b51871b77ca1	Assets/Feel/MMFeedbacks/MMFeedbacksForThirdParty/MMTools/Feedbacks/MMF_FloatingText.cs	Assets/Scripts/ThirdParty/Feel/MMFeedbacks/MMFeedbacksForThirdParty/MMTools/Feedbacks/MMF_FloatingText.cs
retained-guid	9680118cd018daf4e92199c3b12ba729	Assets/Feel/MMFeedbacks/MMFeedbacksForThirdParty/HDRP/Springs/MMSpringVignetteCenter_HDRP.cs	Assets/Scripts/ThirdParty/Feel/MMFeedbacks/MMFeedbacksForThirdParty/HDRP/Springs/MMSpringVignetteCenter_HDRP.cs
removed-demo	ca990f9c6bc86d14faeb5ef3fc258c69	Assets/Feel/FeelDemos/Letters/Sounds/FeelLettersDemoSing1.wav	
removed-demo	21b5c105f373e476c93ac1a61c2a671f	Assets/Feel/NiceVibrations/Demo/DemoAssets/HapticClipsDemo/Haptics/NVDrumsLoop.haptic	
retained-guid	4c9581b0f074374498fe2166d24a660b	Assets/Feel/MMTools/Demos/MMTween/Fonts/Lato/SDF/Lato-LightItalic SDF.asset	Assets/Data/Feedback/Feel/MMTools/Demos/MMTween/Fonts/Lato/SDF/Lato-LightItalic SDF.asset
retained-guid	35b65ddee73b8544486c63441149886c	Assets/Feel/MMFeedbacks/MMFeedbacksForThirdParty/MMTools/Feedbacks/MMF_FloatController.cs	Assets/Scripts/ThirdParty/Feel/MMFeedbacks/MMFeedbacksForThirdParty/MMTools/Feedbacks/MMF_FloatController.cs
retained-guid	45b7f6ca773ad4e81ad2ed6d93158953	Assets/Feel/MMTools/Core/Editor/MMAttributes/MMInformationDrawer.cs	Assets/Scripts/ThirdParty/Feel/MMTools/Core/Editor/MMAttributes/MMInformationDrawer.cs
retained-guid	e6b7fc2cafd170f4f8b039b213b568c6	Assets/Feel/MMTools/Accessories/MMGUI/MMSliderStep.cs	Assets/Scripts/ThirdParty/Feel/MMTools/Accessories/MMGUI/MMSliderStep.cs
removed-demo	1ccced4156f904b4ab04ada67006bbeb	Assets/Feel/NiceVibrations/HapticSamples/Weapons/ShotgunShell1.haptic	
retained-guid	07e5069cdf9ee934f8d7b768c461452c	Assets/Feel/MMTools/Accessories/MMVision/MMConeOfLight.shader	Assets/Art/Shaders/Feel/MMTools/Accessories/MMVision/MMConeOfLight.shader
retained-guid	8a7e8d0ecb9743b489dc9f0ee9627be6	Assets/Feel/MMFeedbacks/MMFeedbacksForThirdParty/PostProcessing/Feedbacks/MMF_ColorGrading.cs	Assets/Scripts/ThirdParty/Feel/MMFeedbacks/MMFeedbacksForThirdParty/PostProcessing/Feedbacks/MMF_ColorGrading.cs
removed-demo	73fdd485fdb1ba44fabd9bc27dfbb268	Assets/Feel/MMFeedbacks/Demos/MMFeedbacksDemo/Materials/FeedbacksDemoCheese.mat	
retained-guid	8d3188dd93bc22141a98ee77523b7853	Assets/Feel/MMFeedbacks/MMFeedbacks/Feedbacks/MMF_CanvasGroupBlocksRaycasts.cs	Assets/Scripts/ThirdParty/Feel/MMFeedbacks/MMFeedbacks/Feedbacks/MMF_CanvasGroupBlocksRaycasts.cs
removed-demo	d6113590b867fc94ebee0c2351ee5629	Assets/Feel/FeelDemos/Bounce/Materials/FeelBounceRocks.mat	
removed-demo	641a8481d5d754ddfbde20f3641215d1	Assets/Feel/NiceVibrations/HapticSamples/Weapons/ShotgunLoad2.wav	
retained-guid	7a7b40b69918c9840b090deb2a59d5eb	Assets/Feel/MMFeedbacks/MMFeedbacksForThirdParty/NiceVibrations/Feedbacks/MMF_NVClip.cs	Assets/Scripts/ThirdParty/Feel/MMFeedbacks/MMFeedbacksForThirdParty/NiceVibrations/Feedbacks/MMF_NVClip.cs
retained-guid	9687a46a55ccbca4f92cdff319b70844	Assets/Feel/MMTools/Foundation/MMAnimation/MMRagdoller.cs	Assets/Scripts/ThirdParty/Feel/MMTools/Foundation/MMAnimation/MMRagdoller.cs
removed-demo	5345706f9ba649047aa5920c8340f9ae	Assets/Feel/FeelDemos/Letters/Sounds/FeelLettersDemoSing2.wav	
retained-guid	80890712e6d1d954e9a1cfbd3b70e79f	Assets/Feel/MMFeedbacks/MMFeedbacksForThirdParty/PostProcessing/Feedbacks/MMF_LensDistortion.cs	Assets/Scripts/ThirdParty/Feel/MMFeedbacks/MMFeedbacksForThirdParty/PostProcessing/Feedbacks/MMF_LensDistortion.cs
removed-demo	5d46ccdc66b36714a9ebe4f733b8425e	Assets/Feel/FeelDemos/Barbarians/Textures/BarbarianGreenBodyTexture.png	
retained-guid	38f5f99a403324842b72d7bb5d781405	Assets/Feel/MMTools/Foundation/MMAnimation/MMRagdollerIgnore.cs	Assets/Scripts/ThirdParty/Feel/MMTools/Foundation/MMAnimation/MMRagdollerIgnore.cs
retained-guid	4fbec3043b4bcc941b84734f579dc2c8	Assets/Feel/MMTools/Accessories/MMVFX/MMNoise/MMSimplexNoise.png	Assets/Art/Textures/Feel/MMTools/Accessories/MMVFX/MMNoise/MMSimplexNoise.png
retained-guid	afb2be2d186835148b46d3b0c4ae900d	Assets/Feel/MMFeedbacks/MMFeedbacksForThirdParty/Cinemachine/MoreMountains.Feedbacks.Cinemachine.asmref	Assets/Scripts/ThirdParty/Feel/MMFeedbacks/MMFeedbacksForThirdParty/Cinemachine/MoreMountains.Feedbacks.Cinemachine.asmref
removed-demo	5f7c21d0e40236f4a88f4747a93a1f56	Assets/Feel/FeelDemos/Barbarians/Models/Materials/Leaves.004.mat	
retained-guid	c1ff13de90405b44ca56efcdfea7be6f	Assets/Feel/MMFeedbacks/MMFeedbacks/Feedbacks/MMF_ReferenceHolder.cs	Assets/Scripts/ThirdParty/Feel/MMFeedbacks/MMFeedbacks/Feedbacks/MMF_ReferenceHolder.cs
retained-guid	1297af1e1808f5a48b35411d71934370	Assets/Feel/MMTools/Accessories/MMGUI/Materials/MMFaderRoundMaterialMasked.mat	Assets/Art/Materials/Feel/MMTools/Accessories/MMGUI/Materials/MMFaderRoundMaterialMasked.mat
removed-demo	ef713a82a60f6cf45a06e190e86b84d3	Assets/Feel/MMTools/Demos/MMDebugMenu/MMDebugMenuTestClass.cs	
removed-demo	0033691af0cecc64f87058510cb435e4	Assets/Feel/FeelDemos/Letters/Sprites/FeelLettersDemoL.png	
retained-guid	03434ee759b2dcc45b2a246dfc70ec89	Assets/Feel/MMFeedbacks/MMFeedbacksForThirdParty/URP/Springs/MMSpringWhiteBalanceTint_URP.cs	Assets/Scripts/ThirdParty/Feel/MMFeedbacks/MMFeedbacksForThirdParty/URP/Springs/MMSpringWhiteBalanceTint_URP.cs
retained-guid	ea8b9abba4f1a2949b1f9d03a2440aa4	Assets/Feel/MMFeedbacks/MMFeedbacks/Springs/Springs/MMSpringTMPAlpha.cs	Assets/Scripts/ThirdParty/Feel/MMFeedbacks/MMFeedbacks/Springs/Springs/MMSpringTMPAlpha.cs
retained-guid	e0056b25dc228574191f188adc74a57a	Assets/Feel/MMFeedbacks/MMFeedbacksForThirdParty/HDRP/Springs/MMSpringBloomIntensity_HDRP.cs	Assets/Scripts/ThirdParty/Feel/MMFeedbacks/MMFeedbacksForThirdParty/HDRP/Springs/MMSpringBloomIntensity_HDRP.cs
removed-demo	b200b9b27a958504fb95c9cb13c20976	Assets/Feel/MMFeedbacks/Demos/SequencingDemo/SequencerDemo_Profiles/MMSequencerDemoGlobalPPP_URP.asset	
removed-demo	d2b7fe7395e1243c08b607ed95765840	Assets/Feel/NiceVibrations/HapticSamples/Impacts/CombatPunch1.haptic	
retained-guid	869d9e226f9d85148ba6b532ba92aa63	Assets/Feel/MMFeedbacks/MMFeedbacksForThirdParty/URP/Shakers/MMLight2DShaker_URP.cs	Assets/Scripts/ThirdParty/Feel/MMFeedbacks/MMFeedbacksForThirdParty/URP/Shakers/MMLight2DShaker_URP.cs
removed-demo	079721a2efb9b41559557cc7cfaf01f6	Assets/Feel/NiceVibrations/HapticSamples/Objects/Book2.haptic	
retained-guid	4111d7e29da39ee46b807daa22dd3af9	Assets/Feel/MMTools/Accessories/MMDebugMenu/Scripts/MMDebugMenuItems/MMDebugMenuItemButton.cs	Assets/Scripts/ThirdParty/Feel/MMTools/Accessories/MMDebugMenu/Scripts/MMDebugMenuItems/MMDebugMenuItemButton.cs
retained-guid	ecda383e35cc53e4ca2b9d5857dbd8f4	Assets/Feel/MMFeedbacks/MMFeedbacks/Core/MMF_Player/MMF_FeedbackAttributes.cs	Assets/Scripts/ThirdParty/Feel/MMFeedbacks/MMFeedbacks/Core/MMF_Player/MMF_FeedbackAttributes.cs
retained-guid	9ea7a938d4b9d584db335667287955f2	Assets/Feel/MMTools/Core/MMExtensions/MMColorExtensions.cs	Assets/Scripts/ThirdParty/Feel/MMTools/Core/MMExtensions/MMColorExtensions.cs
removed-demo	8d712c81db4f93049b55efa80c9770b9	Assets/Feel/MMFeedbacks/Demos/MMFeedbacksDemo/Materials/FeedbacksDemoGreen.mat	
retained-guid	732c2868ba8b5ae43b78fceeb122bda4	Assets/Feel/MMFeedbacks/MMFeedbacksForThirdParty/HDRP/Springs/MMSpringWhiteBalanceTint_HDRP.cs	Assets/Scripts/ThirdParty/Feel/MMFeedbacks/MMFeedbacksForThirdParty/HDRP/Springs/MMSpringWhiteBalanceTint_HDRP.cs
removed-demo	7b408ad851ce44cc2a5a2420793adb9f	Assets/Feel/NiceVibrations/HapticSamples/Objects/Hammer2.wav	
removed-demo	bbf069ce5bd1c4360ba1993ed2633bc1	Assets/Feel/NiceVibrations/HapticSamples/Nature/CreatureRoar1.haptic	
removed-demo	870fdb8f8364af4408c9ae7eb1a234f8	Assets/Feel/FeelDemos/Barbarians/Animations/FeelBarbarianAnimatorController.controller	
removed-demo	6957ae55bef248d4fb8bf58a85bed109	Assets/Feel/FeelDemos/Blob/Materials/FeelBlobPlastic.mat	
removed-demo	a582528a989a849d8b089b8bd4398298	Assets/Feel/NiceVibrations/HapticSamples/Impacts/Glass1.wav	
retained-guid	db8a2f512b50d437b8268f17384f58c8	Assets/Feel/NiceVibrations/Scripts/Components/Resources/nv-pattern-template.txt	Assets/Data/Feedback/Feel/NiceVibrations/Scripts/Components/Defaults/nv-pattern-template.txt
retained-guid	03d0a01e308ebd141ba5386b17e109e3	Assets/Feel/MMTools/Accessories/MMParticles/MMDelayParticles.cs	Assets/Scripts/ThirdParty/Feel/MMTools/Accessories/MMParticles/MMDelayParticles.cs
removed-demo	a16c33a1240b8ce4f930161a7c85fae6	Assets/Feel/MMFeedbacks/Demos/MMFeedbacksDemo/UI/Button.prefab	
removed-demo	a7979fc6240354abb890260bd49f2545	Assets/Feel/NiceVibrations/HapticSamples/Music/Drums2.haptic	
retained-guid	0453e37c3c22e7145b8c23c7fa96de36	Assets/Feel/MMFeedbacks/MMFeedbacksForThirdParty/TextMeshPro/MMFloatingText/Prefabs/MMFloatingTextMeshPro.prefab	Assets/Art/Prefabs/Feel/MMFeedbacks/MMFeedbacksForThirdParty/TextMeshPro/MMFloatingText/Prefabs/MMFloatingTextMeshPro.prefab
removed-demo	4b685326475200245ba5a32fc9fb1c1b	Assets/Feel/MMFeedbacks/Demos/SequencingDemo/Sounds/Kit/MMSequencingTom1.wav	
retained-guid	186a986c8de07d3478b88dc10e508869	Assets/Feel/MMTools/Accessories/MMDebugMenu/Scripts/Events/MMDebugMenuSliderEventListener.cs	Assets/Scripts/ThirdParty/Feel/MMTools/Accessories/MMDebugMenu/Scripts/Events/MMDebugMenuSliderEventListener.cs
retained-guid	a438c486d396ace46871d21f3d52bdf5	Assets/Feel/MMFeedbacks/MMFeedbacksForThirdParty/Cinemachine/Feedbacks/MMF_CinemachineCameraDutch.cs	Assets/Scripts/ThirdParty/Feel/MMFeedbacks/MMFeedbacksForThirdParty/Cinemachine/Feedbacks/MMF_CinemachineCameraDutch.cs
removed-demo	6bfdffa6331643a40b13cc948c4b96e0	Assets/Feel/FeelDemos/Letters/Sounds/FeelLettersDemoHa1.wav	
retained-guid	36bf680dabd04c14288ec99ad204ee89	Assets/Feel/MMTools/Foundation/MMAI/AITransition.cs	Assets/Scripts/ThirdParty/Feel/MMTools/Foundation/MMAI/AITransition.cs
removed-demo	29378ecd9dd8d3d49a37d6729efd1ca5	Assets/Feel/MMTools/Demos/MMBezierLineRenderer/MMBezierLineRenderer.unity	
retained-guid	f1ac9205114b9d44a8eed663e283ea09	Assets/Feel/MMTools/Accessories/MMCurves/Plotter/MMPlotterAxis.cs	Assets/Scripts/ThirdParty/Feel/MMTools/Accessories/MMCurves/Plotter/MMPlotterAxis.cs
retained-guid	0d8a387a51a2b414b8160677b26c9d1a	Assets/Feel/MMTools/Accessories/MMVFX/MMRipple/MMRippleSaw2.mat	Assets/Art/Materials/Feel/MMTools/Accessories/MMVFX/MMRipple/MMRippleSaw2.mat
retained-guid	9de5862b14b53c74e8f45bf953fabf7e	Assets/Feel/MMTools/Core/MMHelpers/MMScene.cs	Assets/Scripts/ThirdParty/Feel/MMTools/Core/MMHelpers/MMScene.cs
removed-demo	55871670d807bef42839ce5ea9b30274	Assets/Feel/FeelDemos/Letters/Sounds/FeelLettersDemoSing4.wav	
retained-guid	cecdbf60b0c9d47c9a26b99a41425de0	Assets/Feel/MMTools/Foundation/MMAchievements/Sprites/AchievementBackground.png	Assets/Art/Textures/Feel/MMTools/Foundation/MMAchievements/Sprites/AchievementBackground.png
retained-guid	9d11abeecdd903045a64fffcd165e178	Assets/Feel/MMTools/Core/Editor/MMAttributes/MMNavMeshAreaMaskAttributeDrawer.cs	Assets/Scripts/ThirdParty/Feel/MMTools/Core/Editor/MMAttributes/MMNavMeshAreaMaskAttributeDrawer.cs
removed-demo	29093db279d5d0540b9a25a9d7355362	Assets/Feel/FeelDemos/Tactical/Models/FeelTacticalAssaultRifle.fbx	
removed-demo	8bbe93a47170aba408f7eb0fb89dca46	Assets/Feel/FeelDemos/Springs/Materials/FeelSpringsBarbariansHelmetHorns.mat	
removed-demo	4b4855626e574f44ba43876941f82210	Assets/Feel/NiceVibrations/Demo/DemoAssets/WobbleDemo/Scripts/WobbleDemoManager.cs	
removed-demo	a34739bef9f96964ea9c4e74bc76b121	Assets/Feel/FeelDemos/UIToolkitFeedbacksDemo/Stylesheets/FeelUIToolkitFeedbacksDemoExtraStylesheet.uss	
removed-demo	02c424cc17b7ed144a6407da09662e51	Assets/Feel/FeelDemos/Springs/Materials/FeelSpringsUnlitRedDots.mat	
removed-demo	56975ca9fb26b94469f48f0108f835bc	Assets/Feel/FeelDemos/Springs/Materials/FeelSpringsBarbariansGround.mat	
retained-guid	e41826a58ab20124eab7cfc4d79a1eaa	Assets/Feel/MMTools/Accessories/MMDebugMenu/Scripts/MMDebugTouchDisplay.cs	Assets/Scripts/ThirdParty/Feel/MMTools/Accessories/MMDebugMenu/Scripts/MMDebugTouchDisplay.cs
removed-demo	544a21c17508e944d895ba631bd81244	Assets/Feel/FeelDemos/Brass/Materials/FeelBrassGround3.mat	
retained-guid	1f39d038dce44a7428bbe3628ec512d0	Assets/Feel/MMFeedbacks/MMFeedbacksForThirdParty/URP/Shakers/MMDepthOfFieldShaker_URP.cs	Assets/Scripts/ThirdParty/Feel/MMFeedbacks/MMFeedbacksForThirdParty/URP/Shakers/MMDepthOfFieldShaker_URP.cs
retained-guid	90d58dde470982e44ab64592b6029c50	Assets/Feel/MMFeedbacks/MMFeedbacks/Shakers/MMAudioSourceVolumeShaker.cs	Assets/Scripts/ThirdParty/Feel/MMFeedbacks/MMFeedbacks/Shakers/MMAudioSourceVolumeShaker.cs
removed-demo	eaf9954881d0ec54cb87bbe549858926	Assets/Feel/NiceVibrations/Demo/Common/Sprites/NVKnob.png	
retained-guid	f7f15f032bd296c4e8197aa296f04fbb	Assets/Feel/MMFeedbacks/MMFeedbacks/Springs/Feedbacks/MMF_SpringVector2.cs	Assets/Scripts/ThirdParty/Feel/MMFeedbacks/MMFeedbacks/Springs/Feedbacks/MMF_SpringVector2.cs
removed-demo	232a071ec2198754f84e37640167a61c	Assets/Feel/FeelDemos/Strike/AHAP/FeelStrikeCharge.ahap.json	
removed-demo	4252c3791fcf01a4bb23d69ab4c4a295	Assets/Feel/FeelDemos/Strike/Textures/FeelStrikeWoodOcclusion.png	
removed-demo	07da0761b3d1343e896f689ad2577eb9	Assets/Feel/NiceVibrations/HapticSamples/Weapons/DistanceGunShot2.haptic	
removed-demo	c6de2585731c3ae40a81524a39e8a32a	Assets/Feel/MMTools/Demos/MMGizmos/MMGizmoDemo.unity	
removed-demo	5600988dca3baa14ab4b4b89f00f879e	Assets/Feel/FeelDemos/Letters/Sprites/FeelLettersDemoMouth8.png	
retained-guid	73098ca8f002adc4f9debdbe47a78c9a	Assets/Feel/MMTools/Core/MMObjectPool/MMMultipleObjectPooler.cs	Assets/Scripts/ThirdParty/Feel/MMTools/Core/MMObjectPool/MMMultipleObjectPooler.cs
removed-demo	53429a7c07d33d949b71bdb5c4d5b6d8	Assets/Feel/FeelDemos/Tactical/Sounds/FeelTacticalReloadNeeded.wav	
removed-demo	8ad403f13bc6243c4aadcc0a8348e389	Assets/Feel/NiceVibrations/HapticSamples/SoundFX/Boost1.wav	
removed-demo	246d8342c33396a488c19a031f8d655e	Assets/Feel/MMTools/Demos/MMTween/Fonts/Lato/TTF/Lato-Light.ttf	
removed-demo	052a1ddaa5cde89418cc663713871270	Assets/Feel/FeelDemos/Snake/Sounds/FeelSnakePiano3.wav	
removed-demo	2190c21266fe04767ae3f89f379061b0	Assets/Feel/NiceVibrations/HapticSamples/Objects/Woodsaw1.haptic	
removed-demo	a26feb16bb9f2df41badeddb95abe94e	Assets/Feel/FeelDemos/Barbarians/Materials/FeelBarbarianAttackParticleMaterial.mat	
retained-guid	4b96a37932e03d84586c714caa05bf79	Assets/Feel/MMTools/Core/MMAudio/MMSoundManager/Events/MMSoundManagerSoundFadeEvent.cs	Assets/Scripts/ThirdParty/Feel/MMTools/Core/MMAudio/MMSoundManager/Events/MMSoundManagerSoundFadeEvent.cs
removed-demo	2ed1a43e37258a645b445d25eaa6c8e7	Assets/Feel/FeelDemosHDRP/Falcon/Sounds/FeelFalconEngineStartSound.wav	
retained-guid	a74b1b5d357902346825fdfd125ea399	Assets/Feel/MMTools/Core/MMSaveLoad/MMSaveLoadTestScene.unity	Assets/Scenes/Feel/MMTools/Core/MMSaveLoad/MMSaveLoadTestScene.unity
removed-demo	93667318b5de24146bffa2041c96fcd8	Assets/Feel/MMFeedbacks/Demos/MMFeedbacksDemo/Models/Background/Background.fbx	
removed-demo	aa1c93a212a31e8458e49fef6fa00885	Assets/Feel/FeelDemos/Tactical/Animations/FeelTacticalNeutral.anim	
removed-demo	7fde4c9141938aa43bb4719fda47aad8	Assets/Feel/NiceVibrations/Demo/DemoAssets/WobbleDemo/Sounds/NVWobbleSpring.wav	
removed-demo	e7b776ddbc27adf469439ca5cdc1426e	Assets/Feel/FeelDemos/Snake/Sounds/FeelSnakeDrum.wav	
removed-demo	ea8a04d36984947ddaf296db5484d176	Assets/Feel/NiceVibrations/HapticSamples/Impacts/CarCrash1.wav	
retained-guid	fa26be0caf703664aa4524fb89373dd1	Assets/Feel/MMFeedbacks/MMFeedbacks/Springs/Core/MMSpringClampSettings.cs	Assets/Scripts/ThirdParty/Feel/MMFeedbacks/MMFeedbacks/Springs/Core/MMSpringClampSettings.cs
removed-demo	516e3ec07e472164f97fd51ce17b13b0	Assets/Feel/NiceVibrations/Demo/Common/Scripts/UI/MMSpriteReplace.cs	
removed-demo	0a4d3aae2b26b4e14aecb823eb10eb85	Assets/Feel/NiceVibrations/HapticSamples/Objects/Pen1.wav	
retained-guid	4b4d071b416837d40b9bab019b738769	Assets/Feel/MMTools/Core/MMSaveLoad/MMSaveLoadManagerMethod.cs	Assets/Scripts/ThirdParty/Feel/MMTools/Core/MMSaveLoad/MMSaveLoadManagerMethod.cs
retained-guid	293c62544284dea419e338a8524a7fb4	Assets/Feel/MMFeedbacks/MMFeedbacks/Core/MMFeedbackTiming.cs	Assets/Scripts/ThirdParty/Feel/MMFeedbacks/MMFeedbacks/Core/MMFeedbackTiming.cs
removed-demo	3d30a37fa8b8b4239a9e5a8ecf2bcca0	Assets/Feel/NiceVibrations/HapticSamples/Impacts/Body3.haptic	
removed-demo	557773c989ca5454b90b6416bb012ee3	Assets/Feel/NiceVibrations/HapticSamples/Objects/SwitchLight3.haptic	
removed-demo	18f19d03b5eb5f6438c7255ed4adfd44	Assets/Feel/FeelDemos/Barbarians/Sounds/FeelBarbariansGrunt2.wav	
removed-demo	4cb634cd904754615b18e24545da86ab	Assets/Feel/NiceVibrations/HapticSamples/ApplicationUX/Hover2.wav	
removed-demo	bc3296cde2eaf8d44900625db2a9c5be	Assets/Feel/FeelDemos/Strike/StrikeURP/FeelStrikeReflectionProbe-0.exr	
removed-demo	807a347bd241c1b468551c4b80c166ee	Assets/Feel/FeelDemos/Brass/Materials/FeelBrassClothes 1.mat	
removed-demo	d6252c9736dd3514dae1fc4563f27d43	Assets/Feel/MMFeedbacks/Demos/SequencingDemo/Sounds/Kit/MMSequencingNote1.wav	
removed-demo	1a56e529cc6f9354ebe7986cb56493be	Assets/Feel/MMFeedbacks/Demos/SequencingDemo/Materials/SequencerCarpet06.mat	
retained-guid	a2cfef06e5c2aee4dad9fb668eddb176	Assets/Feel/MMTools/Core/Editor/MMRadio/MMRadioSignalGeneratorEditor.cs	Assets/Scripts/ThirdParty/Feel/MMTools/Core/Editor/MMRadio/MMRadioSignalGeneratorEditor.cs
retained-guid	dd5c9de2e9b0d6540b318450df3fb297	Assets/Feel/MMFeedbacks/MMFeedbacks/Core/Legacy/MMFeedbacksEnabler.cs	Assets/Scripts/ThirdParty/Feel/MMFeedbacks/MMFeedbacks/Core/Legacy/MMFeedbacksEnabler.cs
removed-demo	10f1060b18f7ba34f92053a256e89d10	Assets/Feel/MMFeedbacks/Demos/MMFeedbacksDemo/Models/MMBurger.fbx	
retained-guid	5e48c6b5155ab684092ac6890f8f3af4	Assets/Feel/MMTools/Demos/MMTween/Fonts/Lato/SDF/Lato-Semibold SDF.asset	Assets/Data/Feedback/Feel/MMTools/Demos/MMTween/Fonts/Lato/SDF/Lato-Semibold SDF.asset
retained-guid	3aad8b45814dc6f4cab32abed0a152b8	Assets/Feel/MMTools/Accessories/MMActivation/MMToggleActive.cs	Assets/Scripts/ThirdParty/Feel/MMTools/Accessories/MMActivation/MMToggleActive.cs
retained-guid	5a39fcd2b055db14184fbda2b333f40c	Assets/Feel/MMTools/Accessories/MMActivation/MMPlatformActivation.cs	Assets/Scripts/ThirdParty/Feel/MMTools/Accessories/MMActivation/MMPlatformActivation.cs
removed-demo	b095455289bc04fca92e91be30c46fa5	Assets/Feel/NiceVibrations/HapticSamples/Impacts/Punch1.wav	
removed-demo	9e34b43e9bf99a447998a311f10f77e9	Assets/Feel/FeelDemos/Duck/FeelDuck.unity	
retained-guid	7ca043dc9da4b1e49a30103f3e9a5fa8	Assets/Feel/MMFeedbacks/MMFeedbacks/Shakers/MMAudioFilterHighPassShaker.cs	Assets/Scripts/ThirdParty/Feel/MMFeedbacks/MMFeedbacks/Shakers/MMAudioFilterHighPassShaker.cs
retained-guid	c0c6834fc909cbf439bdf1d669ef2958	Assets/Feel/MMFeedbacks/MMFeedbacksForThirdParty/HDRP/Springs/MMSpringColorAdjustmentsSaturation_HDRP.cs	Assets/Scripts/ThirdParty/Feel/MMFeedbacks/MMFeedbacksForThirdParty/HDRP/Springs/MMSpringColorAdjustmentsSaturation_HDRP.cs
removed-demo	6a7e2ca1987944de39aba76339acf1b0	Assets/Feel/NiceVibrations/HapticSamples/ApplicationUX/Beep3.haptic	
retained-guid	ca6eb3d6d3c09444ca79e5047b01e58c	Assets/Feel/MMTools/Core/MMAttributes/MMRequiresConstantRepaintAttribute.cs	Assets/Scripts/ThirdParty/Feel/MMTools/Core/MMAttributes/MMRequiresConstantRepaintAttribute.cs
removed-demo	d17be13a510eb8d4e9143fc087d48ac8	Assets/Feel/NiceVibrations/Demo/Common/Scripts/DemoManager.cs	
retained-guid	d0cf5074ca154b84c9792d6d8c1e8ab0	Assets/Feel/MMTools/Accessories/MMUtilities/MMSceneViewIcon.cs	Assets/Scripts/ThirdParty/Feel/MMTools/Accessories/MMUtilities/MMSceneViewIcon.cs
removed-demo	f14dd1b35629eb44b85455e276cab64a	Assets/Feel/FeelDemos/Toaster/Materials/FeelToasterMugMaterial.mat	
retained-guid	a617e0f28404308478e66c689628ebf8	Assets/Feel/MMTools/Accessories/MMVFX/MMRipple/MMRippleSpiral1.mat	Assets/Art/Materials/Feel/MMTools/Accessories/MMVFX/MMRipple/MMRippleSpiral1.mat
removed-demo	434d7023f5e92d542b23666ffb61e63d	Assets/Feel/FeelDemos/Snake/Materials/FeelSnakeBackgroundMaterial.mat	
removed-demo	01a5bc3e4d0d4f54ebae2fb3ae9048f4	Assets/Feel/FeelDemos/Tactical/Prefabs/FeelTacticalFeedbackPoweredFloatingText.prefab	
removed-demo	5b6d24a7a31bbc74e901dd324c6d2c85	Assets/Feel/FeelDemos/Barbarians/Textures/BarbarianBodyTexture.png	
retained-guid	07b798a3f371c8f4f9919515319eb447	Assets/Feel/MMTools/Accessories/MMUtilities/MMTransformRandomizer.cs	Assets/Scripts/ThirdParty/Feel/MMTools/Accessories/MMUtilities/MMTransformRandomizer.cs
removed-demo	618ddfc15e28454459ee2236b25eb5be	Assets/Feel/MMTools/Demos/MMFollowTarget/MMFollowTargetDemoGroundMaterial.mat	
removed-demo	27ac4d418f8c1f741b076e8d203aa642	Assets/Feel/MMFeedbacks/Demos/SequencingDemo/Textures/Metal03_col.png	
removed-demo	54440253e69f3dc40971707d9e51d7da	Assets/Feel/MMFeedbacks/Demos/SequencingDemo/Sounds/Kit/MMSequencingNote3.wav	
removed-demo	120d834796037bf43802cdec7efa7096	Assets/Feel/FeelDemos/Toaster/Audio/FeelToasterSound.wav	
removed-demo	a07c9e956826afc4fbbcdf440521d85c	Assets/Feel/NiceVibrations/Demo/DemoAssets/BallDemo/HitAnimation.anim	
removed-demo	8afe5f72f4d9ef242a63799641fa0e12	Assets/Feel/FeelDemos/Strike/Sounds/FeelStrikeHit.wav	
removed-demo	5930511fddc4a284ba70e40b13438e0b	Assets/Feel/FeelDemosHDRP/Falcon/HDRPSettings/FeelFalconHDRenderPipelineAsset.asset	
retained-guid	8101c376367d6e44f84e602722e5ac10	Assets/Feel/MMTools/Core/MMSceneLoading/LoadingScreens/MMAdditiveLoadingScreenFastFade.unity	Assets/Scenes/Feel/MMTools/Core/MMSceneLoading/LoadingScreens/MMAdditiveLoadingScreenFastFade.unity
removed-demo	bb209fb0eab5d4f21b12d98cd39f91b0	Assets/Feel/NiceVibrations/HapticSamples/Objects/Keyboard2.haptic	
retained-guid	e0e80ff7156603346bbdc8c121863234	Assets/Feel/MMTools/Accessories/MMVFX/MMRipple/MMRippleBubble1.mat	Assets/Art/Materials/Feel/MMTools/Accessories/MMVFX/MMRipple/MMRippleBubble1.mat
retained-guid	25b0ed6a11cf3824a8b13811a1420451	Assets/Feel/MMTools/Accessories/MMVFX/MMRipple/MMRippleCircle2NM.png	Assets/Art/Textures/Feel/MMTools/Accessories/MMVFX/MMRipple/MMRippleCircle2NM.png
retained-guid	ca68228d4301d47fab6a64b6d285e2dd	Assets/Feel/NiceVibrations/Scripts/Components/DeviceCapabilities.cs	Assets/Scripts/ThirdParty/Feel/NiceVibrations/Scripts/Components/DeviceCapabilities.cs
removed-demo	6d3808af06b15344d9ec6756eb711b86	Assets/Feel/FeelDemos/Springs/PostProcessing/FeelSpringsTreesPostProcessingVolume.asset	
retained-guid	279c3792841e74f96b13b007d349facc	Assets/Feel/NiceVibrations/Plugins/macOS/libnice_vibrations_editor_plugin.dylib	Assets/Scripts/ThirdParty/Feel/NiceVibrations/Plugins/macOS/libnice_vibrations_editor_plugin.dylib
removed-demo	85100f2846b96ab4db6a40b985d86c31	Assets/Feel/FeelDemos/Barbarians/Materials/FeelBarbarianBackgroundGrass.mat	
retained-guid	addcaa6f7df18984691dc300b3be4f7b	Assets/Feel/MMTools/Accessories/MMDebugMenu/Prefabs/MMDebugMenuSlider.prefab	Assets/Art/Prefabs/Feel/MMTools/Accessories/MMDebugMenu/Prefabs/MMDebugMenuSlider.prefab
removed-demo	06aafbf979b77400ba25f775e1d2ead9	Assets/Feel/NiceVibrations/HapticSamples/Weapons/HeavyMachineGunLoad1.haptic	
removed-demo	0caa033144b76ea459799fff82b26335	Assets/Feel/FeelDemos/Toaster/Prefabs/FeelToasterPrefab.prefab	
removed-demo	f875bba495f73804582057f1fa52419e	Assets/Feel/MMFeedbacks/Demos/SequencingDemo/Sounds/Kit/MMSequencingTom4.wav	
retained-guid	9bd9265533309304db171aa9f916554a	Assets/Feel/MMTools/Core/MMSceneLoading/Sprites/LoadingAnimation.png	Assets/Art/Textures/Feel/MMTools/Core/MMSceneLoading/Sprites/LoadingAnimation.png
retained-guid	77fbd9fa5542ff04f80886780072ea6c	Assets/Feel/MMTools/Accessories/MMVFX/MMParticles/MMParticlesWhirlwind.png	Assets/Art/Textures/Feel/MMTools/Accessories/MMVFX/MMParticles/MMParticlesWhirlwind.png
removed-demo	10e7c81bccf528b468314ffae2d979ee	Assets/Feel/MMFeedbacks/Demos/SequencingDemo/Textures/PaintedMetal02_met.png	
retained-guid	32dd23bf97680be41a75b45b50f0d8ac	Assets/Feel/MMTools/Accessories/MMPerformance/MMFPSUnlock.cs	Assets/Scripts/ThirdParty/Feel/MMTools/Accessories/MMPerformance/MMFPSUnlock.cs
removed-demo	e36ec190f12fb2f48a83333af62f5de5	Assets/Feel/FeelDemos/Barbarians/Materials/FeelBarbarianBackgroundRock.mat	
retained-guid	109f4af2c917dc74aa07733bafe2f548	Assets/Feel/MMFeedbacks/MMFeedbacks/Core/MMF_Player/MMF_PlayerEnabler.cs	Assets/Scripts/ThirdParty/Feel/MMFeedbacks/MMFeedbacks/Core/MMF_Player/MMF_PlayerEnabler.cs
retained-guid	f2be8011322fbf943a44edc64dedbf2c	Assets/Feel/MMTools/Accessories/MMDebugMenu/Prefabs/MMDebugMenuButtonBorder.prefab	Assets/Art/Prefabs/Feel/MMTools/Accessories/MMDebugMenu/Prefabs/MMDebugMenuButtonBorder.prefab
removed-demo	df2b0fd193fd843e2a71bf092b370cea	Assets/Feel/NiceVibrations/HapticSamples/Objects/Velcro1.haptic	
retained-guid	d9497e52f2de0254eaec18ccb13d788f	Assets/Feel/MMTools/Accessories/MMGUI/Materials/MMFaderRoundMaterialMask.mat	Assets/Art/Materials/Feel/MMTools/Accessories/MMGUI/Materials/MMFaderRoundMaterialMask.mat
removed-demo	c5544e72c7419464ebbf12739c61cf67	Assets/Feel/FeelDemos/Tactical/Sounds/FeelTacticalReload.wav	
removed-demo	bebedb9f3395e5b408ff645048a4cbe2	Assets/Feel/FeelDemos/Strike/Sounds/FeelStrikeThrow.wav	
removed-demo	0e0da2512eb228249b90c3a2d729080b	Assets/Feel/FeelDemos/Strike/Volume/FeelStrikeVolumeProfile.asset	
removed-demo	ca84483515897314ab34ade6c928d2ca	Assets/Feel/FeelDemos/CardsUI/PostProcessing/FeelCardsUIPPProfile.asset	
retained-guid	75c82ca66be53244b90a3a4794a07e63	Assets/Feel/MMTools/Core/MMExtensions/MMVector4Extensions.cs	Assets/Scripts/ThirdParty/Feel/MMTools/Core/MMExtensions/MMVector4Extensions.cs
removed-demo	a4475960903154554b44af35f83ca639	Assets/Feel/NiceVibrations/HapticSamples/Weapons/HeavyMachineGunLoad1.wav	
removed-demo	e11dde6e0b28698408384c45fc92170b	Assets/Feel/NiceVibrations/Demo/DemoAssets/WobbleDemo/Animations/WobbleButtonAnimator.controller	
removed-demo	697b6e7dea1fde146b7e3e5cf3ed9e9f	Assets/Feel/FeelDemos/FeelTemplatesDemo.unitypackage	
removed-demo	de3a1baa54cd4fe45a1fa936353a2d57	Assets/Feel/FeelDemos/GettingStartedTutorial/PostProcessing/FeelGettingStartedTutorial PostProcessingProfile_URP.asset	
retained-guid	1466e386bacf73e428d7e19707b9e185	Assets/Feel/MMFeedbacks/MMFeedbacks/Core/MMF_Player/MMF_Feedback.cs	Assets/Scripts/ThirdParty/Feel/MMFeedbacks/MMFeedbacks/Core/MMF_Player/MMF_Feedback.cs
removed-demo	5a896219e92d3432894a4720ceaa7267	Assets/Feel/NiceVibrations/HapticSamples/Objects/Flashlight2.haptic	
retained-guid	991ae4d843392bc4e9ec4e7d8649d94e	Assets/Feel/MMTools/Core/MMRadio/MMProperty/MMPropertyLink/MMPropertyLinkColor.cs	Assets/Scripts/ThirdParty/Feel/MMTools/Core/MMRadio/MMProperty/MMPropertyLink/MMPropertyLinkColor.cs
removed-demo	e991e8338c2853d44b4bc3ad13aee865	Assets/Feel/MMTools/Demos/MMSceneLoading/SceneStartsTester.prefab	
removed-demo	28a795932f88c544982a3248b1387dfc	Assets/Feel/FeelDemos/Tactical/Prefabs/FeelTacticalSimpleFloatingText.prefab	
retained-guid	cd48b27a4bcde354a99ab15f0bd82486	Assets/Feel/MMFeedbacks/MMFeedbacks/Springs/Springs/MMSpringScale.cs	Assets/Scripts/ThirdParty/Feel/MMFeedbacks/MMFeedbacks/Springs/Springs/MMSpringScale.cs
retained-guid	bdc5330a25b04664fbea7584bb62d859	Assets/Feel/MMTools/Accessories/MMPrototypeTextures/Textures/MMProtoTextures/MMProtoTextures_BlueDots.png	Assets/Art/Textures/Feel/MMTools/Accessories/MMPrototypeTextures/Textures/MMProtoTextures/MMProtoTextures_BlueDots.png
removed-demo	9b87c0dd981e72b4abff6b56929b3e68	Assets/Feel/MMFeedbacks/Demos/MMFeedbacksDemo/Models/MMCupcake.fbx	
retained-guid	1e4e4b1cacbffd14ebb3aea93190805f	Assets/Feel/MMTools/Accessories/MMDebugMenu/Scripts/Commands/MMDebugMenuCommands.cs	Assets/Scripts/ThirdParty/Feel/MMTools/Accessories/MMDebugMenu/Scripts/Commands/MMDebugMenuCommands.cs
retained-guid	503fff45948a0ea4cb047c033294e914	Assets/Feel/MMTools/Core/MMTween/MMTweenType.cs	Assets/Scripts/ThirdParty/Feel/MMTools/Core/MMTween/MMTweenType.cs
retained-guid	8434b53deaa9ae04f87f3c24bf70d482	Assets/Feel/MMTools/Accessories/MMActivation/MMConditionalActivation.cs	Assets/Scripts/ThirdParty/Feel/MMTools/Accessories/MMActivation/MMConditionalActivation.cs
retained-guid	6906d20e526ebe749b396f651e78e047	Assets/Feel/MMFeedbacks/MMFeedbacksForThirdParty/MMTools/MMRadio/MMF_FeedbackBase.cs	Assets/Scripts/ThirdParty/Feel/MMFeedbacks/MMFeedbacksForThirdParty/MMTools/MMRadio/MMF_FeedbackBase.cs
removed-demo	2bdd38b8aebea1441a25488746ec71ac	Assets/Feel/FeelDemos/MMProgressBar/FeelMMProgressBar.unity	
removed-demo	a1bc3be25cbcd914ab881b9f55281c1f	Assets/Feel/NiceVibrations/Demo/Common/Fonts/RobotoMono-Light.ttf	
removed-demo	3c2b770a337e648528945c0b97fa31f3	Assets/Feel/NiceVibrations/HapticSamples/Impacts/Concrete3.haptic	
removed-demo	a8ab5bb476387734aa188aca8b22c24e	Assets/Feel/FeelDemos/Tactical/PostProcessing/FeelTacticalPostProcessingProfile.asset	
removed-demo	29783400eeddb8f408f4095aaa44cd3e	Assets/Feel/FeelDemos/Common/Scripts/FeelDemosNextDemoButtonInput.cs	
removed-demo	323f402f3db10d04686482d5febc26a2	Assets/Feel/MMTools/Demos/MMTween/Materials/MMPlotterPointMaterial 1.mat	
removed-demo	699c8284c5263874a914994da288ca1e	Assets/Feel/FeelDemos/Bounce/Sounds/FeelBounceCharge.wav	
removed-demo	a97d79031ec706140a9e04a5b21e82f7	Assets/Feel/MMTools/Demos/MMObservable/MMObservableDemoObserverAutoSleep.cs	
removed-demo	e96dfcd924e9dea448d44276d381e48e	Assets/Feel/FeelDemos/Blob/Lighting/LightingData.asset	
retained-guid	b44bc3e42b280e843bc6108cbdee8253	Assets/Feel/MMFeedbacks/Editor/Core/MMFeedbacksEditor.cs	Assets/Scripts/ThirdParty/Feel/MMFeedbacks/Editor/Core/MMFeedbacksEditor.cs
retained-guid	7c690b0b68e66a04d83df51f41d80650	Assets/Feel/MMTools/Core/MMAttributes/MMRequiresConstantRepaintOnlyWhenPlayingAttribute.cs	Assets/Scripts/ThirdParty/Feel/MMTools/Core/MMAttributes/MMRequiresConstantRepaintOnlyWhenPlayingAttribute.cs
retained-guid	57a0b9bc628ab4740af4b6f1f0b2e134	Assets/Feel/NiceVibrations/Lofelt.NiceVibrations.asmdef	Assets/Scripts/ThirdParty/Feel/NiceVibrations/Lofelt.NiceVibrations.asmdef
retained-guid	a1d53c42aa1029048b98580478952105	Assets/Feel/MMTools/Foundation/Editor/MMAchievements/MMAchievementMenu.cs	Assets/Scripts/ThirdParty/Feel/MMTools/Foundation/Editor/MMAchievements/MMAchievementMenu.cs
retained-guid	2ee48f409bf2e3e4baf85ca77d2ca0af	Assets/Feel/MMFeedbacks/MMFeedbacksForThirdParty/Cinemachine/Feedbacks/MMF_CinemachineImpulse.cs	Assets/Scripts/ThirdParty/Feel/MMFeedbacks/MMFeedbacksForThirdParty/Cinemachine/Feedbacks/MMF_CinemachineImpulse.cs
removed-demo	12b5ede874e698048b6aed355a6066e1	Assets/Feel/FeelDemos/Letters/Cinemachine/FeelLettersDemoVerticalImpulse.asset	
removed-demo	ae7e74295b743cb4ea17c6a29d1549f1	Assets/Feel/FeelDemos/Wheel/Sounds/FeelWheelMusic.wav	
removed-demo	f5fabd937f2c64601beaefd717589e11	Assets/Feel/NiceVibrations/HapticSamples/Impacts/Punch1.haptic	
removed-demo	6f9a3feda45015847997d62c4695715a	Assets/Feel/MMFeedbacks/Demos/MMFeedbacksDemo/Materials/FeedbacksDemoBurger.mat	
removed-demo	acd880415f4d54b419027943a57b8a7a	Assets/Feel/NiceVibrations/HapticSamples/Weapons/ShotgunLoad3.wav	
retained-guid	6a6c4a44291630848b8d616911bd8c47	Assets/Feel/MMTools/Accessories/MMProcedural/MMGridGenerators/MMGridGeneratorPerlinNoise.cs	Assets/Scripts/ThirdParty/Feel/MMTools/Accessories/MMProcedural/MMGridGenerators/MMGridGeneratorPerlinNoise.cs
retained-guid	47f1225adf998da428534e361e152700	Assets/Feel/MMFeedbacks/MMFeedbacksForThirdParty/URP/Feedbacks/MMF_GlobalPPVolumeAutoBlend_URP.cs	Assets/Scripts/ThirdParty/Feel/MMFeedbacks/MMFeedbacksForThirdParty/URP/Feedbacks/MMF_GlobalPPVolumeAutoBlend_URP.cs
removed-demo	3348d597afee2d14cac482c32849c3a7	Assets/Feel/FeelDemos/Wheel/FeelWheel.unity	
removed-demo	219ef5de70dc5644cb3cc8e41fdeb81e	Assets/Feel/FeelDemos/Barbarians/Sounds/FeelBarbariansAmbient.wav	
retained-guid	12a7d0ec5f1424c129527c01a444e964	Assets/Feel/MMTools/Foundation/MMAchievements/Scripts/MMAchievement.cs	Assets/Scripts/ThirdParty/Feel/MMTools/Foundation/MMAchievements/Scripts/MMAchievement.cs
retained-guid	c6012357a5b6f714ca471d66b44e12b6	Assets/Feel/MMFeedbacks/MMFeedbacks/Feedbacks/MMF_ImageTextureScale.cs	Assets/Scripts/ThirdParty/Feel/MMFeedbacks/MMFeedbacks/Feedbacks/MMF_ImageTextureScale.cs
retained-guid	fc916684710ef194aa41f4de7b75b8bf	Assets/Feel/NiceVibrations/3RD-PARTY-LICENSES.md	Assets/Documentation/Feel/NiceVibrations/3RD-PARTY-LICENSES.md
retained-guid	53907edcd2e7d344c8517b4e1da9e75f	Assets/Feel/MMFeedbacks/MMFeedbacksForThirdParty/Cinemachine/Helpers/MMCinemachineHelpers.cs	Assets/Scripts/ThirdParty/Feel/MMFeedbacks/MMFeedbacksForThirdParty/Cinemachine/Helpers/MMCinemachineHelpers.cs
retained-guid	503457306a89e2340857fde6c3f196e8	Assets/Feel/MMTools/Accessories/MMVFX/MMBrushes/MMBrush3.png	Assets/Art/Textures/Feel/MMTools/Accessories/MMVFX/MMBrushes/MMBrush3.png
removed-demo	efd7ec4745c4b8e408b18d7c942b28c4	Assets/Feel/MMFeedbacks/Demos/MMFeedbacksDemo/Textures/MMFeedbacksDemoGround.png	
removed-demo	c9ffc752570782f4290b398d543085ab	Assets/Feel/FeelDemos/Blob/PostProcessing/FeelBlobPostProcessing Profile.asset	
removed-demo	e6d63104096d85a49abf2e9e39d8dfc0	Assets/Feel/FeelDemos/Blob/Textures/FeelBlobSkyboxTexture.hdr	
retained-guid	15fc18f096da54f4c9777f3cabf74f3a	Assets/Feel/MMFeedbacks/MMFeedbacks/Feedbacks/MMF_Enable.cs	Assets/Scripts/ThirdParty/Feel/MMFeedbacks/MMFeedbacks/Feedbacks/MMF_Enable.cs
removed-demo	fbe71d89f74e5ae48b1c53317cd45f56	Assets/Feel/FeelDemosHDRP/Falcon/Materials/FeelFalconWind2.mat	
removed-demo	285146d0269644f879e78aacbb13b3b3	Assets/Feel/NiceVibrations/HapticSamples/Objects/Coins3.wav	
retained-guid	3ffa54671933237418443d1faa5b3a23	Assets/Feel/MMFeedbacks/MMFeedbacksForThirdParty/URP/Springs/MMSpringVignetteCenter_URP.cs	Assets/Scripts/ThirdParty/Feel/MMFeedbacks/MMFeedbacksForThirdParty/URP/Springs/MMSpringVignetteCenter_URP.cs
retained-guid	25aad3ee60dba574fb749c6ea78d559d	Assets/Feel/MMTools/Accessories/MMInstantiation/MMSpawnAroundTester.cs	Assets/Scripts/ThirdParty/Feel/MMTools/Accessories/MMInstantiation/MMSpawnAroundTester.cs
retained-guid	0f7449660378a3c4aa7ab771c5a336ea	Assets/Feel/MMTools/Core/MMAudio/MMSoundManager/Events/MMSoundManagerEvent.cs	Assets/Scripts/ThirdParty/Feel/MMTools/Core/MMAudio/MMSoundManager/Events/MMSoundManagerEvent.cs
retained-guid	eea19a9647af946678dbcea38129dd98	Assets/Feel/NiceVibrations/Scripts/Components/HapticController.cs	Assets/Scripts/ThirdParty/Feel/NiceVibrations/Scripts/Components/HapticController.cs
removed-demo	5a5d9e44215a2914cbdef5e01b27561c	Assets/Feel/FeelDemos/Toaster/RenderTexture/FeelToasterRenderTexture.renderTexture	
retained-guid	6e8f18290b3c9ff499c82d3ff939754c	Assets/Feel/MMTools/Accessories/MMCamera/MMOrbitalCamera.cs	Assets/Scripts/ThirdParty/Feel/MMTools/Accessories/MMCamera/MMOrbitalCamera.cs
retained-guid	2b0a35f7d8f5b3443a41bb74a444220e	Assets/Feel/MMTools/Core/MMAudio/MMPlaylist/MMPlaylist.cs	Assets/Scripts/ThirdParty/Feel/MMTools/Core/MMAudio/MMPlaylist/MMPlaylist.cs
retained-guid	be687c348d0c62c45a733dc1ae6f018f	Assets/Feel/MMFeedbacks/Editor/Core/UIToolkit/Textures/FeelCloseSearchField.png	Assets/Art/UI/Feel/MMFeedbacks/Editor/Core/UIToolkit/Textures/FeelCloseSearchField.png
removed-demo	db702dc4cff314785bbc5a16becaaeb1	Assets/Feel/NiceVibrations/Demo/DemoAssets/HapticClipsDemo/Haptics/NVLaser.haptic	
retained-guid	921537c8cf6464a24bd55f54ec8ea0d0	Assets/Feel/NiceVibrations/Scripts/Components/LofeltHaptics.cs	Assets/Scripts/ThirdParty/Feel/NiceVibrations/Scripts/Components/LofeltHaptics.cs
removed-demo	02daf4fd323b54d8d9e19c42654a0b00	Assets/Feel/NiceVibrations/HapticSamples/SoundFX/MovieProjector1.wav	
retained-guid	7bf3b8d115b7a0d42a8f0289c3c6e0cc	Assets/Feel/MMFeedbacks/MMFeedbacks/Springs/Springs/MMSpringImageAlpha.cs	Assets/Scripts/ThirdParty/Feel/MMFeedbacks/MMFeedbacks/Springs/Springs/MMSpringImageAlpha.cs
retained-guid	e157e875e121b174d903add782257618	Assets/Feel/MMFeedbacks/MMFeedbacks/Springs/Springs/MMSpringShaderController.cs	Assets/Scripts/ThirdParty/Feel/MMFeedbacks/MMFeedbacks/Springs/Springs/MMSpringShaderController.cs
retained-guid	b567abd7b952dc748b9dd6b139e37bbf	Assets/Feel/MMFeedbacks/MMFeedbacksForThirdParty/MMTools/Feedbacks/MMF_Property.cs	Assets/Scripts/ThirdParty/Feel/MMFeedbacks/MMFeedbacksForThirdParty/MMTools/Feedbacks/MMF_Property.cs
retained-guid	dee3b2b4131e71b4896b58b4361de7ac	Assets/Feel/MMTools/Accessories/MMUtilities/MMOpenURL.cs	Assets/Scripts/ThirdParty/Feel/MMTools/Accessories/MMUtilities/MMOpenURL.cs
retained-guid	ba5bf5d06e4a7ef4a8002f4444c4dab6	Assets/Feel/MMTools/Core/MMAttributes/MMInspectorButtonBarAttribute.cs	Assets/Scripts/ThirdParty/Feel/MMTools/Core/MMAttributes/MMInspectorButtonBarAttribute.cs
retained-guid	68f2e968d11ecbf46882dff546d9da6b	Assets/Feel/MMFeedbacks/MMFeedbacksForThirdParty/PostProcessing/Feedbacks/MMF_ChromaticAberration.cs	Assets/Scripts/ThirdParty/Feel/MMFeedbacks/MMFeedbacksForThirdParty/PostProcessing/Feedbacks/MMF_ChromaticAberration.cs
removed-demo	aed3f0f499af7214392e9b98ccaf1000	Assets/Feel/FeelDemos/Bounce/Materials/FeelBounceTrees2.mat	
removed-demo	44968537475903e4b9a247432f8b660a	Assets/Feel/FeelDemos/Wheel/Sounds/FeelWheelEngine.wav	
removed-demo	8dbf78ee886421f4c83dcef0f997dbeb	Assets/Feel/FeelDemos/Duck/Materials/FeelDuckSmokeParticleMaterial.mat	
retained-guid	4332ad3ebf8592c41bc275ff77d24b29	Assets/Feel/MMTools/Accessories/MMDebugMenu/Prefabs/MMDebugMenuTextLong.prefab	Assets/Art/Prefabs/Feel/MMTools/Accessories/MMDebugMenu/Prefabs/MMDebugMenuTextLong.prefab
retained-guid	ce2656e6b00dc8d4788dc4d382e1588a	Assets/Feel/MMTools/Core/MMTween/MMAnimationCurveGenerator.cs	Assets/Scripts/ThirdParty/Feel/MMTools/Core/MMTween/MMAnimationCurveGenerator.cs
retained-guid	93076aeef94b6194eacceebc74fcd3b5	Assets/Feel/MMFeedbacks/MMFeedbacksForThirdParty/MMTools/Feedbacks/MMF_TextFontSize.cs	Assets/Scripts/ThirdParty/Feel/MMFeedbacks/MMFeedbacksForThirdParty/MMTools/Feedbacks/MMF_TextFontSize.cs
retained-guid	1beb22790c538de4180c96ef7cbd68a6	Assets/Feel/MMFeedbacks/MMFeedbacksForThirdParty/UIToolkit/Feedbacks/MMF_UIToolkitText.cs	Assets/Scripts/ThirdParty/Feel/MMFeedbacks/MMFeedbacksForThirdParty/UIToolkit/Feedbacks/MMF_UIToolkitText.cs
removed-demo	306099faffd407d4aa284b9fcb1d3da8	Assets/Feel/FeelDemos/SquashAndStretch/PhysicsMaterials/FeelSquashAndStretchCarMaterial.physicMaterial	
removed-demo	d761cbd3d012843919eaa563a15a4a91	Assets/Feel/NiceVibrations/HapticSamples/Impacts/Concrete3.wav	
retained-guid	a0268287db794044a9b5492805490c05	Assets/Feel/MMFeedbacks/MMFeedbacks/Springs/Core/MMSpringVector3.cs	Assets/Scripts/ThirdParty/Feel/MMFeedbacks/MMFeedbacks/Springs/Core/MMSpringVector3.cs
removed-demo	ae6eb209df497b846a8d698d0d2c07c2	Assets/Feel/FeelDemos/Tactical/Animations/FeelTactical@Idle.fbx	
retained-guid	9bb3dab26afe5274597af318a1c3592c	Assets/Feel/MMFeedbacks/Editor/Core/UIToolkit/MMF_PlayerEditorUITKStyleSheet_Foldouts.uss	Assets/Scripts/ThirdParty/Feel/MMFeedbacks/Editor/Core/UIToolkit/MMF_PlayerEditorUITKStyleSheet_Foldouts.uss
removed-demo	ef404fbee21d25c43828c6a39015f168	Assets/Feel/MMTools/Demos/MoreMountains.Tools.Demos.asmref	
retained-guid	04edc4cbd72331c43b3ac89c21f37980	Assets/Feel/MMTools/Accessories/MMPrototypeTextures/Textures/MMProtoTextures/MMProtoTextures_LightGreyDots.png	Assets/Art/Textures/Feel/MMTools/Accessories/MMPrototypeTextures/Textures/MMProtoTextures/MMProtoTextures_LightGreyDots.png
removed-demo	a23c1344c10a74aff8582e55078d35b8	Assets/Feel/NiceVibrations/HapticSamples/SoundFX/IceCubes1.haptic	
removed-demo	ef1f777facc2a024c8bc6aecad8c85c1	Assets/Feel/FeelDemos/CardsUI/Prefabs/FeelCardsUI_Card_Lady.prefab	
removed-demo	bddd263c419132147b901c6035ad8cb1	Assets/Feel/FeelDemos/Springs/Materials/FeelSpringsTalkingTreesPineLeaves.mat	
removed-demo	947e64e64e653264e99ff5dff5d67136	Assets/Feel/FeelDemos/Strike/Materials/FeelStrikeResetFloor.mat	
removed-demo	bce8d937c3bd4b040b410056d6224dff	Assets/Feel/FeelDemos/Letters/Materials/FeelLettersDemoBoilingLineSmall.mat	
retained-guid	0bdb020a90b5f5247ab5695053e84e11	Assets/Feel/MMTools/Accessories/MMPrototypeTextures/Textures/MMProtoTextures/MMProtoTextures_RedSquares.png	Assets/Art/Textures/Feel/MMTools/Accessories/MMPrototypeTextures/Textures/MMProtoTextures/MMProtoTextures_RedSquares.png
retained-guid	8ce385a1b7b20b9489103d52d3105023	Assets/Feel/MMFeedbacks/Editor/Springs/MMSpringVector2PropertyDrawer.cs	Assets/Scripts/ThirdParty/Feel/MMFeedbacks/Editor/Springs/MMSpringVector2PropertyDrawer.cs
retained-guid	4e775494159ed5e4c997035d2df49776	Assets/Feel/MMTools/Foundation/MMAchievements/Scripts/MMAchievementDisplayItem.cs	Assets/Scripts/ThirdParty/Feel/MMTools/Foundation/MMAchievements/Scripts/MMAchievementDisplayItem.cs
retained-guid	f832a347ffbe22e478be454dc5dc3cff	Assets/Feel/MMFeedbacks/Editor/FeedbackListOutputter/FeedbackListOutputer.cs	Assets/Scripts/ThirdParty/Feel/MMFeedbacks/Editor/FeedbackListOutputter/FeedbackListOutputer.cs
retained-guid	d4b1f8e8d330f2b49989b5d7a3a6ade5	Assets/Feel/MMTools/Accessories/MMShaders/MMAdvancedToon_URP.shader	Assets/Art/Shaders/Feel/MMTools/Accessories/MMShaders/MMAdvancedToon_URP.shader
retained-guid	00bf1cad26d9e9342b90f463840caf08	Assets/Feel/MMFeedbacks/Editor/Core/MMFeedbacksConfiguration.cs	Assets/Scripts/ThirdParty/Feel/MMFeedbacks/Editor/Core/MMFeedbacksConfiguration.cs
retained-guid	c32d98c861c973c409133940cf9c2231	Assets/Feel/MMFeedbacks/MMFeedbacks/Shakers/MMLightShaker.cs	Assets/Scripts/ThirdParty/Feel/MMFeedbacks/MMFeedbacks/Shakers/MMLightShaker.cs
retained-guid	863e22bb4bee3884e8c0e9d1823db321	Assets/Feel/MMFeedbacks/MMFeedbacksForThirdParty/URP/Helpers/MMGlobalPostProcessingVolumeAutoBlend_URP.cs	Assets/Scripts/ThirdParty/Feel/MMFeedbacks/MMFeedbacksForThirdParty/URP/Helpers/MMGlobalPostProcessingVolumeAutoBlend_URP.cs
removed-demo	3e6f2958791e0a24bb464182d3235ea4	Assets/Feel/FeelDemos/GettingStartedTutorial/Scripts/GettingStartedTutorialHeroReference.cs	
retained-guid	cde03156615a31044a8dc5e05ebc3dc9	Assets/Feel/MMTools/Accessories/MMVFX/MMBloomDirt/MMBloomDirt1.png	Assets/Art/Textures/Feel/MMTools/Accessories/MMVFX/MMBloomDirt/MMBloomDirt1.png
removed-demo	0ec40230bd576417ea32eaa2f8f784e2	Assets/Feel/NiceVibrations/HapticSamples/ApplicationUX/Award1.haptic	
removed-demo	3915a73d23676f548b2ade7e7cef6024	Assets/Feel/FeelDemos/Strike/AHAP/FeelStrikeHit.ahap.json	
retained-guid	5a5c04124f3de9c4c99bc8ccccb85f21	Assets/Feel/MMFeedbacks/MMFeedbacks/Feedbacks/MMF_CameraOrthographicSize.cs	Assets/Scripts/ThirdParty/Feel/MMFeedbacks/MMFeedbacks/Feedbacks/MMF_CameraOrthographicSize.cs
removed-demo	e94aeab608be8764faed1b8a9595228f	Assets/Feel/MMFeedbacks/Demos/SequencingDemo/Textures/Facade02_emi.png	
retained-guid	b177fc310544d6a4c94b26e23d9b31d1	Assets/Feel/NiceVibrations/Plugins/Windows/x64/nice_vibrations_editor_plugin.dll	Assets/Scripts/ThirdParty/Feel/NiceVibrations/Plugins/Windows/x64/nice_vibrations_editor_plugin.dll
removed-demo	7a6a5b8d33df74587a64f37e99156676	Assets/Feel/NiceVibrations/HapticSamples/Music/Cymbal2.haptic	
removed-demo	8ca0015824b8de04ca5bb02b8bb335ab	Assets/Feel/MMFeedbacks/Demos/SequencingDemo/Textures/Metal03_nrm.png	
retained-guid	71bd7b8dc6ab21844b34803a4084a56e	Assets/Feel/MMTools/Accessories/MMTilemaps/MMTilemap.cs	Assets/Scripts/ThirdParty/Feel/MMTools/Accessories/MMTilemaps/MMTilemap.cs
retained-guid	e4e9029e392667449a8e7021ac4d66b4	Assets/Feel/MMTools/Core/Editor/MMRadio/MMPropertyPickerDrawer.cs	Assets/Scripts/ThirdParty/Feel/MMTools/Core/Editor/MMRadio/MMPropertyPickerDrawer.cs
retained-guid	2f0223e337b99754ca91160443728c46	Assets/Feel/MMTools/Core/MMHelpers/MMDebugOnScreenConsole.cs	Assets/Scripts/ThirdParty/Feel/MMTools/Core/MMHelpers/MMDebugOnScreenConsole.cs
removed-demo	54fb76d2c037a4e29a0644454a80d039	Assets/Feel/NiceVibrations/HapticSamples/Objects/Book3.haptic	
removed-demo	c573e8d9136b2d845b8feb4240689515	Assets/Feel/FeelDemos/SquashAndStretch/Lighting/FeelSquashAndStretchSettings.lighting	
removed-demo	9ce434ac86a021e418c3060399e7abdd	Assets/Feel/FeelDemos/Duck/Sprites/FeelDuckShadow.png	
retained-guid	8f8bad73dac7361489c555af4bf184ea	Assets/Feel/MMFeedbacks/Editor/Core/UIToolkit/MMF_PlayerEditorUITKStyleSheet.uss	Assets/Scripts/ThirdParty/Feel/MMFeedbacks/Editor/Core/UIToolkit/MMF_PlayerEditorUITKStyleSheet.uss
removed-demo	c1a7a4e32d30d4b6c9c73f61b7d22f47	Assets/Feel/NiceVibrations/HapticSamples/Weapons/ShotgunFire2.haptic	
retained-guid	8f1a7efd09d5b3647afbef7890b18017	Assets/Feel/MMFeedbacks/MMFeedbacksForThirdParty/MMTools/Feedbacks/MMF_RandomEvents.cs	Assets/Scripts/ThirdParty/Feel/MMFeedbacks/MMFeedbacksForThirdParty/MMTools/Feedbacks/MMF_RandomEvents.cs
removed-demo	22840ef425398694b9aed07314045ecb	Assets/Feel/FeelDemos/Wheel/PostProcessing/FeelWheelPostProcessingProfile.asset	
retained-guid	c4cd9f982e331c347a78bcae05117b99	Assets/Feel/MMFeedbacks/MMFeedbacksForThirdParty/PostProcessing/Springs/MMSpringVignetteCenter.cs	Assets/Scripts/ThirdParty/Feel/MMFeedbacks/MMFeedbacksForThirdParty/PostProcessing/Springs/MMSpringVignetteCenter.cs
removed-demo	5581f801bb45f46508948b1ab38f1178	Assets/Feel/NiceVibrations/HapticSamples/Weapons/ShotgunFire2.wav	
retained-guid	14a47d8bf77ba3943a535dae0d46e99d	Assets/Feel/MMFeedbacks/MMFeedbacksForThirdParty/MMTools/Feedbacks/MMF_ImageAlpha.cs	Assets/Scripts/ThirdParty/Feel/MMFeedbacks/MMFeedbacksForThirdParty/MMTools/Feedbacks/MMF_ImageAlpha.cs
removed-demo	4d00b6dc30962ba448a830be5211dc47	Assets/Feel/FeelDemos/FeelDemosBiRP.unitypackage	
retained-guid	932d7950b01edc04d8d29d2669394cf5	Assets/Feel/MMFeedbacks/MMFeedbacksForThirdParty/TextMeshPro/Feedbacks/MMF_TMPOutlineWidth.cs	Assets/Scripts/ThirdParty/Feel/MMFeedbacks/MMFeedbacksForThirdParty/TextMeshPro/Feedbacks/MMF_TMPOutlineWidth.cs
retained-guid	f3b13b1ebf6e39d4ca1ce4ac83706896	Assets/Feel/MMTools/Accessories/MMVFX/MMNoise/MMWhiteNoise.png	Assets/Art/Textures/Feel/MMTools/Accessories/MMVFX/MMNoise/MMWhiteNoise.png
removed-demo	8082b586364e1004bb6374a5c9110eb3	Assets/Feel/MMFeedbacks/Demos/SequencingDemo/Textures/Facade02_col.png	
retained-guid	5451e999c8f9dfb41aa3b2894ffc3d60	Assets/Feel/MMTools/Foundation/MMAnimation/MMAnimationParameter.cs	Assets/Scripts/ThirdParty/Feel/MMTools/Foundation/MMAnimation/MMAnimationParameter.cs
retained-guid	16a86a7f581fc4dfb953e0df8ad3ecac	Assets/Feel/MMTools/Foundation/MMAchievements/Sprites/AchievementIcon.png	Assets/Art/Textures/Feel/MMTools/Foundation/MMAchievements/Sprites/AchievementIcon.png
retained-guid	123f46c3aae9cbd4bba38e5dcf9cecae	Assets/Feel/MMTools/Core/MMAudio/MMSoundManager/MMSoundManagerPlayOptions.cs	Assets/Scripts/ThirdParty/Feel/MMTools/Core/MMAudio/MMSoundManager/MMSoundManagerPlayOptions.cs
retained-guid	1dc025857430aa041b4588942e1f27d7	Assets/Feel/MMTools/Core/MMRadio/MMProperty/MMPropertyLink/MMPropertyLinkQuaternion.cs	Assets/Scripts/ThirdParty/Feel/MMTools/Core/MMRadio/MMProperty/MMPropertyLink/MMPropertyLinkQuaternion.cs
retained-guid	72d51457cd4e8a5438095d1ce5ce5f6f	Assets/Feel/MMTools/Core/MMAudio/MMAudioEvents/MMAudioEvents.cs	Assets/Scripts/ThirdParty/Feel/MMTools/Core/MMAudio/MMAudioEvents/MMAudioEvents.cs
retained-guid	766d979625785dc48aecf8835de77661	Assets/Feel/MMTools/Core/MMExtensions/MMRectTransformExtensions.cs	Assets/Scripts/ThirdParty/Feel/MMTools/Core/MMExtensions/MMRectTransformExtensions.cs
removed-demo	e680bdab2c6324e47aace87b5b4bcf7f	Assets/Feel/NiceVibrations/HapticSamples/Impacts/CombatPunch2.wav	
retained-guid	0516121ec1782264898972570320fbc9	Assets/Feel/MMFeedbacks/MMFeedbacksForThirdParty/HDRP/Springs/MMSpringWhiteBalanceTemperature_HDRP.cs	Assets/Scripts/ThirdParty/Feel/MMFeedbacks/MMFeedbacksForThirdParty/HDRP/Springs/MMSpringWhiteBalanceTemperature_HDRP.cs
retained-guid	672424a3a46489f459437ba5a9afa89d	Assets/Feel/MMFeedbacks/MMFeedbacks/Springs/Springs/MMSpringTMPDilate.cs	Assets/Scripts/ThirdParty/Feel/MMFeedbacks/MMFeedbacks/Springs/Springs/MMSpringTMPDilate.cs
removed-demo	08b15283493d14e6ebacebed36250d4e	Assets/Feel/NiceVibrations/HapticSamples/Impacts/BulletMetal1.wav	
removed-demo	2a5aae9320faa844fb00f0ae30c4e98b	Assets/Feel/FeelDemos/ParallaxUI/Sprites/FeelParallaxUICar.png	
removed-demo	6e91e6783d739a94abca9fdfa7eaf699	Assets/Feel/MMFeedbacks/Demos/SequencingDemo/Textures/Tiles33_nrm.png	
removed-demo	d0e27e5c897e198429a260f660c78fee	Assets/Feel/MMTools/Demos/MMControls/MMControlsDemo/ReflectionProbe-0.exr	
removed-demo	14309b80c23b62044b2e4d8e4017ed68	Assets/Feel/MMFeedbacks/Demos/MMFeedbacksDemo/Models/Dude/MMFeedbackDemoDude@Jump.fbx	
removed-demo	c28701c3224247a46869279f16a2a243	Assets/Feel/FeelDemos/CardsUI/Materials/FeelCardsSquareLightning.mat	
removed-demo	a2f8de5eab9a5d54dac13b16b81fbc59	Assets/Feel/FeelDemosHDRP/Falcon/Lighting/FeelFalconReflectionProbe-1.exr	
removed-demo	dabfbfe7f3ea04cb7baa04527eb7892f	Assets/Feel/NiceVibrations/HapticSamples/Objects/Woodsaw3.haptic	
retained-guid	4cfddfd71be34fb43b85eec28d5cf24a	Assets/Feel/MMFeedbacks/MMFeedbacks/Shakers/MMAudioSourcePitchShaker.cs	Assets/Scripts/ThirdParty/Feel/MMFeedbacks/MMFeedbacks/Shakers/MMAudioSourcePitchShaker.cs
removed-demo	b7c958f2a614d6f4fb61597d5c63dae9	Assets/Feel/FeelDemos/Barbarians/Lighting/Lightmap-0_comp_light.exr	
removed-demo	1a3d766705e8fce41bcaa2921051a083	Assets/Feel/NiceVibrations/Demo/Common/Sprites/NVRoundedCornersBig.png	
retained-guid	413e26d7ac278d24fb4ab58e410a9850	Assets/Feel/MMFeedbacks/MMFeedbacksForThirdParty/URP/Shakers/MMWhiteBalanceShaker_URP.cs	Assets/Scripts/ThirdParty/Feel/MMFeedbacks/MMFeedbacksForThirdParty/URP/Shakers/MMWhiteBalanceShaker_URP.cs
retained-guid	7e05480e454f546b4b1780169ecf2d6c	Assets/Feel/MMTools/Core/MMEvents/MMEventManager.cs	Assets/Scripts/ThirdParty/Feel/MMTools/Core/MMEvents/MMEventManager.cs
retained-guid	ef20247bd5f04449293bb8ea3982f3ac	Assets/Feel/NiceVibrations/Scripts/Components/Gamepad.cs	Assets/Scripts/ThirdParty/Feel/NiceVibrations/Scripts/Components/Gamepad.cs
retained-guid	723c68a65280145479e4e0b2f94a6ff0	Assets/Feel/MMTools/Accessories/MMActivation/MMAutoExecution.cs	Assets/Scripts/ThirdParty/Feel/MMTools/Accessories/MMActivation/MMAutoExecution.cs
removed-demo	c82459d2f97aade4caf43f9372eb7f02	Assets/Feel/FeelDemos/Letters/Materials/FeelLettersDemoSingMaterial.mat	
retained-guid	ce42aabd176ab5e4d8ba2a0dc416e78e	Assets/Feel/MMFeedbacks/MMFeedbacksForThirdParty/TextMeshPro/Feedbacks/MMF_TMPDilate.cs	Assets/Scripts/ThirdParty/Feel/MMFeedbacks/MMFeedbacksForThirdParty/TextMeshPro/Feedbacks/MMF_TMPDilate.cs
removed-demo	378a722c891e7a742a03ee57b9fa1be6	Assets/Feel/MMFeedbacks/Demos/SequencingDemo/Textures/Tiles69_nrm.png	
retained-guid	fc798aa25d3634ebbb996c8d60ace648	Assets/Feel/MMTools/Core/MMHelpers/MMMaths.cs	Assets/Scripts/ThirdParty/Feel/MMTools/Core/MMHelpers/MMMaths.cs
removed-demo	f0b0c2febc6812f4eb48ed812dad7e07	Assets/Feel/FeelDemos/Letters/Materials/FeelLettersDemoDustParticlesMaterial.mat	
removed-demo	d9eb08a69941e416e9dfe63c5b987148	Assets/Feel/NiceVibrations/HapticSamples/Objects/Coins7.wav	
removed-demo	1ae56196f5de043419e106824d0fa51d	Assets/Feel/MMFeedbacks/Demos/MMFeedbacksDemo/Prefabs/FeedbackDemoSphere.prefab	
removed-demo	eb5037930d3bbe143a8a570722950901	Assets/Feel/FeelDemos/CardsUI/Textures/Art/FeelCardsUI_Stormeye.png	
removed-demo	465da28a3b32776439f838508cc69022	Assets/Feel/FeelDemos/ParallaxUI/Sprites/FeelParallaxUIFront2.png	
retained-guid	50e0d22617aa66044ba0c746fe1d8054	Assets/Feel/MMTools/Core/MMPropertyControllers/TransformController.cs	Assets/Scripts/ThirdParty/Feel/MMTools/Core/MMPropertyControllers/TransformController.cs
removed-demo	005f4e5e7a449f44da6e5d9f19273700	Assets/Feel/FeelDemos/Bounce/Materials/FeelBounceGrass.mat	
removed-demo	9b77836d82cd9e341bf67cef9ef76dd7	Assets/Feel/FeelDemos/Tactical/Materials/FeelTacticalShirtMaterial.mat	
removed-demo	719572a06924d4ea79c4264834bd427b	Assets/Feel/NiceVibrations/Demo/Common/Sounds/NiceVibrationsEmphasis.wav	
retained-guid	752e7f2cbc3684a4ca1c13a049c09d5d	Assets/Feel/MMTools/Accessories/MMDebugMenu/Scripts/UIClasses/MMDebugMenuSwitch.cs	Assets/Scripts/ThirdParty/Feel/MMTools/Accessories/MMDebugMenu/Scripts/UIClasses/MMDebugMenuSwitch.cs
retained-guid	a1f799d610ab96d409225e15095ce227	Assets/Feel/MMFeedbacks/MMFeedbacksForThirdParty/HDRP/Springs/MMSpringColorAdjustmentsContrast_HDRP.cs	Assets/Scripts/ThirdParty/Feel/MMFeedbacks/MMFeedbacksForThirdParty/HDRP/Springs/MMSpringColorAdjustmentsContrast_HDRP.cs
removed-demo	1b75a629da2b33344afddc7868b6b810	Assets/Feel/FeelDemos/Barbarians/FeelBarbarians.unity	
retained-guid	87a286771fa86194e979f187a1691a2a	Assets/Feel/MMTools/Foundation/MMControls/MMTouchButton.cs	Assets/Scripts/ThirdParty/Feel/MMTools/Foundation/MMControls/MMTouchButton.cs
removed-demo	c2e2c977f649c3140947b36e07ee9347	Assets/Feel/MMFeedbacks/Demos/SequencingDemo/Sounds/Kit/MMSequencingCymbal3.wav	
retained-guid	339f02b3d924b984db779a1af1a59be2	Assets/Feel/MMTools/Core/MMSaveLoad/MMSaveLoadManagerMethodBinary.cs	Assets/Scripts/ThirdParty/Feel/MMTools/Core/MMSaveLoad/MMSaveLoadManagerMethodBinary.cs
removed-demo	ab2740dfb460a87498000c62062f3288	Assets/Feel/FeelDemos/Duck/Animations/FeelDuckIdleAnimation.anim	
retained-guid	2e0c0838d8791ea4e8b901003c8639a8	Assets/Feel/MMTools/Core/MMAttributes/MMVectorAttribute.cs	Assets/Scripts/ThirdParty/Feel/MMTools/Core/MMAttributes/MMVectorAttribute.cs
removed-demo	a34261c2adaebf04a843bbcd2393bc03	Assets/Feel/NiceVibrations/Demo/Common/Prefabs/VerticalProgressBar.prefab	
retained-guid	eab722862e080484cab1481e2481a922	Assets/Feel/MMFeedbacks/MMFeedbacksForThirdParty/HDRP/Springs/MMSpringMotionBlurIntensity_HDRP.cs	Assets/Scripts/ThirdParty/Feel/MMFeedbacks/MMFeedbacksForThirdParty/HDRP/Springs/MMSpringMotionBlurIntensity_HDRP.cs
removed-demo	60713e44d5aea4fc78d9a78943daff6d	Assets/Feel/NiceVibrations/HapticSamples/Objects/SwitchMed2.haptic	
removed-demo	776735bda09bc440da1119f0fc8af351	Assets/Feel/NiceVibrations/HapticSamples/Objects/Keyboard2.wav	
retained-guid	32341f6d89b7cd14bbe2102075e9e0cc	Assets/Feel/MMTools/Core/MMExtensions/MMVector2Extensions.cs	Assets/Scripts/ThirdParty/Feel/MMTools/Core/MMExtensions/MMVector2Extensions.cs
retained-guid	db11353047c997f46a4760754f00c788	Assets/Feel/MMTools/Accessories/MMPrototypeTextures/MMBRP_Materials/MMBPR_DarkGreyDots.mat	Assets/Art/Materials/Feel/MMTools/Accessories/MMPrototypeTextures/MMBRP_Materials/MMBPR_DarkGreyDots.mat
retained-guid	5c2ab7cb954a3974c8a19f8c9c6f6fdc	Assets/Feel/MMTools/Accessories/MMVFX/MMNoise/MMFlowNoise.png	Assets/Art/Textures/Feel/MMTools/Accessories/MMVFX/MMNoise/MMFlowNoise.png
removed-demo	0b5b9dcef5be1c146a350a7bb7912b46	Assets/Feel/FeelDemos/Duck/PostProcessing/FeelDuckPostProcessing.asset	
removed-demo	adb24518d159048ca9cb62d63113784f	Assets/Feel/NiceVibrations/HapticSamples/ApplicationUX/Beep1.wav	
retained-guid	531894cbc68d4bf49a71825ad87c3305	Assets/Feel/MMFeedbacks/MMFeedbacks/Shakers/MMCameraShakerRotation.cs	Assets/Scripts/ThirdParty/Feel/MMFeedbacks/MMFeedbacks/Shakers/MMCameraShakerRotation.cs
removed-demo	b0ee2b99f2267cd43bf855f37dfe5a34	Assets/Feel/FeelDemos/ParallaxUI/Sprites/FeelParallaxUIFront1.png	
retained-guid	3148d0478f12644438359651f85a7a92	Assets/Feel/MMTools/Core/MMObjectPool/MMObjectPool.cs	Assets/Scripts/ThirdParty/Feel/MMTools/Core/MMObjectPool/MMObjectPool.cs
retained-guid	f9bd36e0fdcb17346bb804d148559eb2	Assets/Feel/MMTools/Accessories/Editor/MMCurves/MMAntiCurves.curves	Assets/Scripts/ThirdParty/Feel/MMTools/Accessories/Editor/MMCurves/MMAntiCurves.curves
removed-demo	305167b0f1a42284fa3068b26bae70f4	Assets/Feel/FeelDemos/Bounce/Animation/FeelBounceAnimatorReference.controller	
retained-guid	df5cccc1b626f954881aee460f519752	Assets/Feel/MMFeedbacks/MMFeedbacksForThirdParty/URP/Springs/MMSpringVignetteIntensity_URP.cs	Assets/Scripts/ThirdParty/Feel/MMFeedbacks/MMFeedbacksForThirdParty/URP/Springs/MMSpringVignetteIntensity_URP.cs
removed-demo	d22e8270dde474957803199e71e64fb0	Assets/Feel/NiceVibrations/HapticSamples/Weapons/PistolFire1.haptic	
removed-demo	c1e28eb9c45d94a458a174522de1bc15	Assets/Feel/FeelDemos/Barbarians/PostProcessing/FeelBarbariansPostProcessingProfile.asset	
retained-guid	3389a4d784f51b246b280b493aebe105	Assets/Feel/MMTools/Accessories/MMVFX/MMRipple/MMRippleRosace1NM.png	Assets/Art/Textures/Feel/MMTools/Accessories/MMVFX/MMRipple/MMRippleRosace1NM.png
removed-demo	079cfd7ef2be6de43bc41a040f567695	Assets/Feel/NiceVibrations/Demo/DemoAssets/BallDemo/Physics2DMaterials/NVBouncy.physicsMaterial2D	
removed-demo	a169a75d065778d43bdabbe1097da6d7	Assets/Feel/MMTools/Demos/MMTween/Materials/MMPlotterPointMaterial 8.mat	
removed-demo	9125840b6d4c34a0d9a284aa76407a43	Assets/Feel/NiceVibrations/HapticSamples/Objects/Keys1.wav	
retained-guid	6d09203129ac2e44a8fada3ae8c32667	Assets/Feel/MMTools/Accessories/MMCamera/MMCameraAspectRatio.cs	Assets/Scripts/ThirdParty/Feel/MMTools/Accessories/MMCamera/MMCameraAspectRatio.cs
removed-demo	42eca4009247fa64fb25d7e597d8b1f9	Assets/Feel/FeelDemos/Barbarians/Models/Materials/Leaves.001.mat	
removed-demo	d143c29eff85741f2baf4141cea19c8d	Assets/Feel/NiceVibrations/HapticSamples/Footsteps/FootstepGrass1.haptic	
removed-demo	6c0124a99f664c84481722e6ce386883	Assets/Feel/MMFeedbacks/Demos/SequencingDemo/Sounds/Kit/MMSequencingCymbal2.wav	
removed-demo	fafd9ca80d42ea147955a570b7ff417a	Assets/Feel/MMFeedbacks/Demos/SequencingDemo/Materials/SequencerCarpet.mat	
removed-demo	6bc2e1672a8cb54438176cf823602d2c	Assets/Feel/MMFeedbacks/Demos/SequencingDemo/Textures/PaintedMetal02_rgh.png	
retained-guid	bcf6524ce6451f34cb7106d0c00da9a5	Assets/Feel/MMFeedbacks/MMFeedbacksForThirdParty/Cinemachine/Resources/MM_6D_Shake.asset	Assets/Data/Feedback/Feel/MMFeedbacks/MMFeedbacksForThirdParty/Cinemachine/Defaults/MM_6D_Shake.asset
retained-guid	bf25723e7c003d74399d0f62f1098637	Assets/Feel/MMFeedbacks/MMFeedbacks/Shakers/MMFeedbacksShaker.cs	Assets/Scripts/ThirdParty/Feel/MMFeedbacks/MMFeedbacks/Shakers/MMFeedbacksShaker.cs
removed-demo	a7dc2191a69cc8540ab9dbbf535759bb	Assets/Feel/MMFeedbacks/Demos/SequencingDemo/Textures/Tiles44_nrm.png	
removed-demo	3bc013dad63a144f180df160104b4242	Assets/Feel/NiceVibrations/HapticSamples/Impacts/CombatPunch1.wav	
removed-demo	c22e6e20db56d46e784e84d8c2b5dc2d	Assets/Feel/NiceVibrations/HapticSamples/Objects/Fan2.wav	
removed-demo	645cb8076a0c9a54bad68f9896f992ea	Assets/Feel/NiceVibrations/Demo/Common/Shaders/MaskedUI.shader	
removed-demo	e289d5fe638bbb148aeffa7bad00c8a8	Assets/Feel/FeelDemos/Springs/Scripts/FeelSpringsDemoManager.cs	
retained-guid	bbf0ffd851dbe2d4fb5d79335529e131	Assets/Feel/MMFeedbacks/MMFeedbacksForThirdParty/URP/Shakers/MMLensDistortionShaker_URP.cs	Assets/Scripts/ThirdParty/Feel/MMFeedbacks/MMFeedbacksForThirdParty/URP/Shakers/MMLensDistortionShaker_URP.cs
retained-guid	6b08364980f6e884695f3959f374f6ad	Assets/Feel/MMFeedbacks/MMFeedbacksForThirdParty/UIToolkit/Feedbacks/MMF_UIToolkitSize.cs	Assets/Scripts/ThirdParty/Feel/MMFeedbacks/MMFeedbacksForThirdParty/UIToolkit/Feedbacks/MMF_UIToolkitSize.cs
retained-guid	f5786eaa162a9da408b32f063e56886d	Assets/Feel/MMTools/Core/MMExtensions/MMLayermaskExtensions.cs	Assets/Scripts/ThirdParty/Feel/MMTools/Core/MMExtensions/MMLayermaskExtensions.cs
removed-demo	4cd05aacfb949444182ef66d63efdbdf	Assets/Feel/MMFeedbacks/Demos/MMFeedbacksDemo/Camera/MMFeedbacksDemo Filter Camera Profile.asset	
removed-demo	80d713e798f085340bbef74b271a0fba	Assets/Feel/FeelDemos/Blob/Animations/FeelBlobAnimator.controller	
removed-demo	fc659b5219bfdc945881c41b2c491b52	Assets/Feel/MMTools/Demos/MMControls/MMControlsDemo.unity	
removed-demo	b5cb769873586c046b1a5cf63ef40b60	Assets/Feel/MMFeedbacks/Demos/SequencingDemo/Textures/Tiles65_nrm.png	
retained-guid	501b92ed18cfbdc48a6c90492e8834fc	Assets/Feel/MMFeedbacks/MMFeedbacks/Springs/Springs/MMSpringCameraFieldOfView.cs	Assets/Scripts/ThirdParty/Feel/MMFeedbacks/MMFeedbacks/Springs/Springs/MMSpringCameraFieldOfView.cs
removed-demo	96905a8529e11244cbe0a6f74ab95ddd	Assets/Feel/MMTools/Demos/MMTween/MMTweenPlotter.unity	
retained-guid	e802b29e86b4ef74abe728250ecaf37c	Assets/Feel/MMFeedbacks/Editor/Sequencing/Resources/SequencerButtonBackground.png	Assets/Art/UI/Feel/MMFeedbacks/Editor/Sequencing/Defaults/SequencerButtonBackground.png
retained-guid	9b9515ca837f18848a8b11d0d9d1a0c7	Assets/Feel/MMTools/Accessories/MMVFX/MMRipple/MMRippleCircle1NM.png	Assets/Art/Textures/Feel/MMTools/Accessories/MMVFX/MMRipple/MMRippleCircle1NM.png
removed-demo	e74d2d4989090624cbe2bedfc6789b8d	Assets/Feel/FeelDemos/Letters/Materials/FeelLettersDemoBoilingLine.mat	
retained-guid	671b69569d53c4c47ba2a89fb544082f	Assets/Feel/MMTools/Accessories/MMVision/ConeOfVisionAlpha.png	Assets/Art/Textures/Feel/MMTools/Accessories/MMVision/ConeOfVisionAlpha.png
removed-demo	ee91928957b9b5b48b0b338bc5fbf32a	Assets/Feel/MMTools/Demos/MMGhostCamera/PostProcessing/MMGhostCameraPostProcessingProfile.asset	
retained-guid	7b0c74896ea6ff344a2ffdf20d18c5c8	Assets/Feel/FeelDemos/Letters/Materials/FeelLettersDemoMMReflectionRenderTexture.renderTexture	Assets/Art/Textures/Feel/FeelDemos/Letters/Materials/FeelLettersDemoMMReflectionRenderTexture.renderTexture
removed-demo	26a154d62ce48804c98171413e68722b	Assets/Feel/FeelDemosHDRP/Falcon/Scripts/Falcon.cs	
retained-guid	59a4add72d602ce4a9693b14a97d2a83	Assets/Feel/MMFeedbacks/Editor/Resources/MMFeedbacksConfiguration.asset	Assets/Data/Feedback/Feel/MMFeedbacks/Editor/Defaults/MMFeedbacksConfiguration.asset
removed-demo	fba621ea892fe7a4bac828f417cf9d12	Assets/Feel/FeelDemos/Wheel/Lighting/FeelWheelSettings.lighting	
retained-guid	caa99440fded2af41b1d0c99fea51b69	Assets/Feel/MMTools/Accessories/MMPrototypeTextures/Textures/MMProtoTextures/MMProtoTextures_RedDots.png	Assets/Art/Textures/Feel/MMTools/Accessories/MMPrototypeTextures/Textures/MMProtoTextures/MMProtoTextures_RedDots.png
removed-demo	75326f87af12359428651139c73eca68	Assets/Feel/FeelDemos/Springs/Materials/FeelSpringsUnlitGreenDots.mat	
retained-guid	9722df90d8b438e4b8b47fee471fbbee	Assets/Feel/MMFeedbacks/Editor/MoreMountains.Feedbacks.Editor.asmref	Assets/Scripts/ThirdParty/Feel/MMFeedbacks/Editor/MoreMountains.Feedbacks.Editor.asmref
retained-guid	5412ea97eaefefa4fa53519f330cfaad	Assets/Feel/MMFeedbacks/MMFeedbacksForThirdParty/URP/Springs/MMSpringMotionBlurIntensity_URP.cs	Assets/Scripts/ThirdParty/Feel/MMFeedbacks/MMFeedbacksForThirdParty/URP/Springs/MMSpringMotionBlurIntensity_URP.cs
retained-guid	e445c5a23799c9d4b8fb61d6061570cf	Assets/Feel/MMTools/Core/Editor/MMTween/MMTweenTypeDrawer.cs	Assets/Scripts/ThirdParty/Feel/MMTools/Core/Editor/MMTween/MMTweenTypeDrawer.cs
retained-guid	09e29c2242d13d64480d58af86fcb50f	Assets/Feel/MMFeedbacks/MMFeedbacks/Core/MMChannels/MMChannel.cs	Assets/Scripts/ThirdParty/Feel/MMFeedbacks/MMFeedbacks/Core/MMChannels/MMChannel.cs
retained-guid	86aa60c7eb6e3fe4a8c3624c6b3f1abc	Assets/Feel/MMTools/Foundation/MMAI/AIDecision.cs	Assets/Scripts/ThirdParty/Feel/MMTools/Foundation/MMAI/AIDecision.cs
removed-demo	98cb9c73e75743344a912daeb3b40007	Assets/Feel/FeelDemos/Letters/Sounds/FeelLettersDemoMetronomeBeat.wav	
removed-demo	beedd01d0381e8e45ac5aa9efa4ef440	Assets/Feel/FeelDemos/Brass/PostProcessing/FeelBrassPostProcessingProfile_URP.asset	
removed-demo	aa8e5b4de103dac4caa0c7b8365d6bb3	Assets/Feel/MMFeedbacks/Demos/SequencingDemo/Sounds/Kit/MMSequencingBass3.wav	
retained-guid	6f35f0fe92adb174e8a5fbf7b40eeea9	Assets/Feel/MMTools/Accessories/MMVFX/MMParticles/MMParticlesGamma.png	Assets/Art/Textures/Feel/MMTools/Accessories/MMVFX/MMParticles/MMParticlesGamma.png
removed-demo	eaea6c76752fa034baf7c636b83e8113	Assets/Feel/FeelDemos/Brass/Materials/FeelBrassBody.mat	
retained-guid	d7ae097ceef007248a49d4df212cceb7	Assets/Feel/MMTools/Accessories/Editor/MMCurves/MMCurves.curves	Assets/Scripts/ThirdParty/Feel/MMTools/Accessories/Editor/MMCurves/MMCurves.curves
removed-demo	d2f55d20cd432914583e1c23ce001291	Assets/Feel/MMFeedbacks/Demos/MMFeedbacksDemo/Textures/Paper/PaperDisp.png	
removed-demo	31ba8cb846fdd46498b72e9e45be695e	Assets/Feel/NiceVibrations/Demo/DemoAssets/HapticClipsDemo/Sounds/NVDrumsLoop.wav	
retained-guid	5bea8581ef5d28a4bb265a7720c925e0	Assets/Feel/MMFeedbacks/MMFeedbacks/Springs/Springs/MMSpringImageFillAmount.cs	Assets/Scripts/ThirdParty/Feel/MMFeedbacks/MMFeedbacks/Springs/Springs/MMSpringImageFillAmount.cs
retained-guid	53aebb2602873ed4a9807e8a254a7d2f	Assets/Feel/MMTools/Demos/MMTween/Fonts/Lato/TTF/Lato-Medium.ttf	Assets/Art/Fonts/Feel/MMTools/Demos/MMTween/Fonts/Lato/TTF/Lato-Medium.ttf
removed-demo	44d5f52774831c54da64bc233119bc93	Assets/Feel/FeelDemos/Barbarians/Materials/FeelBarbarianAttack2ParticleMaterial.mat	
removed-demo	dffe70d0ce43bc7459b37d7095e445d0	Assets/Feel/FeelDemosHDRP/Falcon/Materials/FeelFalconSmoke2.mat	
removed-demo	511631c7a28707b48a1b5b9daa425951	Assets/Feel/FeelDemos/Letters/Sprites/FeelLettersDemoF.png	
removed-demo	5a67c3ebaba314bdcb3ae080147fdda7	Assets/Feel/NiceVibrations/HapticSamples/Footsteps/FootstepGrass3.wav	
removed-demo	3f2d76f353eeecc4f93ecd0448643e70	Assets/Feel/FeelDemos/Strike/Prefabs/FeelStrikePin.prefab	
retained-guid	e4184b673db0e27469895c376f79e78c	Assets/Feel/MMFeedbacks/MMFeedbacksForThirdParty/URP/Feedbacks/MMF_Vignette_URP.cs	Assets/Scripts/ThirdParty/Feel/MMFeedbacks/MMFeedbacksForThirdParty/URP/Feedbacks/MMF_Vignette_URP.cs
removed-demo	6ba7f34892e4048be87810ea8621b3df	Assets/Feel/NiceVibrations/Demo/DemoAssets/HapticClipsDemo/Haptics/NVDice.haptic	
retained-guid	e455783e305d0724081dddf0f5e9dbab	Assets/Feel/MMFeedbacks/MMFeedbacks/Springs/Core/MMSpringFloat.cs	Assets/Scripts/ThirdParty/Feel/MMFeedbacks/MMFeedbacks/Springs/Core/MMSpringFloat.cs
retained-guid	f1903e6193958b64fa94ec29152e3122	Assets/Feel/MMTools/Accessories/MMVFX/MMRipple/MMRipple.prefab	Assets/Art/Prefabs/Feel/MMTools/Accessories/MMVFX/MMRipple/MMRipple.prefab
retained-guid	a6b4439955a5ebf4eaa4285bc875fcc6	Assets/Feel/MMTools/Core/MMSceneLoading/Scripts/Helpers/MMSceneLoadingTextProgress.cs	Assets/Scripts/ThirdParty/Feel/MMTools/Core/MMSceneLoading/Scripts/Helpers/MMSceneLoadingTextProgress.cs
removed-demo	7576c6d6c93fab64ab969a72c0b7660e	Assets/Feel/FeelDemos/SquashAndStretch/FeelSquashAndStretch.unity	
removed-demo	61d76871e56f24825b1ac8c96e72ea07	Assets/Feel/NiceVibrations/HapticSamples/Weapons/ShotgunLoad3.haptic	
removed-demo	609fbda0985973b48aa7d0448b24e8ac	Assets/Feel/MMFeedbacks/Demos/SequencingDemo/Textures/Tiles67_col.png	
retained-guid	e2370f782aa1d374a8b4b05c11d259ea	Assets/Feel/MMTools/Accessories/MMPrototypeTextures/MMBRP_Materials/MMBPR_DarkGreySquares.mat	Assets/Art/Materials/Feel/MMTools/Accessories/MMPrototypeTextures/MMBRP_Materials/MMBPR_DarkGreySquares.mat
retained-guid	caa7c923e7ca83849a4da9421e095559	Assets/Feel/MMTools/Core/MMExtensions/MMRectExtensions.cs	Assets/Scripts/ThirdParty/Feel/MMTools/Core/MMExtensions/MMRectExtensions.cs
retained-guid	af342e664060d4e42bd5f6a5753d95e2	Assets/Feel/MMFeedbacks/MMFeedbacksForThirdParty/MMTools/Feedbacks/MMF_DebugBreak.cs	Assets/Scripts/ThirdParty/Feel/MMFeedbacks/MMFeedbacksForThirdParty/MMTools/Feedbacks/MMF_DebugBreak.cs
removed-demo	9957a066b6175ee478a15f7aa6241e47	Assets/Feel/FeelDemos/Strike/StrikeURP/FeelStrikeLightmap-0_comp_light.exr	
retained-guid	32ed9853196ac60439e759122c98a09f	Assets/Feel/MMTools/Core/MMSingletons/MMPersistentSingleton.cs	Assets/Scripts/ThirdParty/Feel/MMTools/Core/MMSingletons/MMPersistentSingleton.cs
removed-demo	b5aa6eb09d3dc3847a751290d0edcfe9	Assets/Feel/MMFeedbacks/Demos/MMFeedbacksDemo/Prefabs/FeedbackDemoSparks.prefab	
retained-guid	dcef6f636a0aab845a6c8d9b97bb4b51	Assets/Feel/MMFeedbacks/Editor/Curves/Editor/MMFAntiCurves.curves	Assets/Scripts/ThirdParty/Feel/MMFeedbacks/Editor/Curves/Editor/MMFAntiCurves.curves
removed-demo	2d80de79b58811a4596e28ddeb782387	Assets/Feel/FeelDemos/Bounce/Animation/FeelBounceAnimator.controller	
retained-guid	cbe74d0e479b10244b0368e807488b5d	Assets/Feel/MMTools/Accessories/MMCinemachine/MMCinemachineZone/MMCinemachineZone.cs	Assets/Scripts/ThirdParty/Feel/MMTools/Accessories/MMCinemachine/MMCinemachineZone/MMCinemachineZone.cs
removed-demo	e1cdc735259ac34449c2e3158ec3de60	Assets/Feel/FeelDemos/Letters/PostProcessing/FeelLettersDemoPostProcessingProfile.asset	
retained-guid	28ad17ba84c916d499cb74e758d28e8e	Assets/Feel/MMTools/Accessories/MMDebugMenu/Scripts/MMDebugMenuItems/MMDebugMenuItemCheckbox.cs	Assets/Scripts/ThirdParty/Feel/MMTools/Accessories/MMDebugMenu/Scripts/MMDebugMenuItems/MMDebugMenuItemCheckbox.cs
removed-demo	939781b433a8cfb43a425a4ccd962df7	Assets/Feel/MMFeedbacks/Demos/SequencingDemo/Textures/Tiles12_col.png	
removed-demo	3e6849a23dbcd456c9e430a84c375e5f	Assets/Feel/NiceVibrations/HapticSamples/Weapons/ShotgunShell1.wav	
removed-demo	36489e3c9ef010142a4e77dbde1de467	Assets/Feel/FeelDemosHDRP/Falcon/Sounds/FeelFalconEngineStopSound.wav	
removed-demo	eba9651255413be4ab4674afcbec9117	Assets/Feel/FeelDemos/Tactical/Materials/FeelTacticalBulletImpactSpriteMaterial.mat	
removed-demo	7a41eb3cf9c96bb4fa0ca4a5834ca754	Assets/Feel/MMFeedbacks/Demos/SequencingDemo/Textures/ChristmasTreeOrnament01_nrm.png	
removed-demo	a9750e72f30ef9f4f97184209e8b02dc	Assets/Feel/FeelDemos/Strike/StrikeURP/FeelStrikeLightmap-1_comp_light.exr	
retained-guid	1297b688774526f418895a2f09176619	Assets/Feel/MMFeedbacks/MMFeedbacksForThirdParty/PostProcessing/Shakers/MMChromaticAberrationShaker.cs	Assets/Scripts/ThirdParty/Feel/MMFeedbacks/MMFeedbacksForThirdParty/PostProcessing/Shakers/MMChromaticAberrationShaker.cs
removed-demo	59e2d9940033545829537d70cdc9f04f	Assets/Feel/NiceVibrations/HapticSamples/Objects/Book1.wav	
removed-demo	06cf8061235d06c429c065ea1adff9ad	Assets/Feel/FeelDemos/Bounce/Models/FeelBounceTinyRock.prefab	
removed-demo	fa25e9c42f1279648af880af1554eb24	Assets/Feel/FeelDemos/Bounce/Animation/FeelBounceAnimation.anim	
removed-demo	467545e1cb04a457cb322ddd400e03f6	Assets/Feel/NiceVibrations/Demo/DemoAssets/WobbleDemo/Haptics/NVWobbleSpring.haptic	
removed-demo	19a22e4fbc09cd941900861155061804	Assets/Feel/MMFeedbacks/Demos/MMFeedbacksDemo/Models/Dude/DudeEyesAnimator.controller	
retained-guid	6fbe7cfe9fb9f934da15400bab41eae9	Assets/Feel/MMTools/Accessories/MMPrototypeTextures/Textures/MMPlastic/MMPlasticNormal.png	Assets/Art/Textures/Feel/MMTools/Accessories/MMPrototypeTextures/Textures/MMPlastic/MMPlasticNormal.png
retained-guid	c5c6086564eb2a44db13fc3cd3a66644	Assets/Feel/MMFeedbacks/MMFeedbacksForThirdParty/Cinemachine/Shakers/MMCinemachineFreeLookZoom.cs	Assets/Scripts/ThirdParty/Feel/MMFeedbacks/MMFeedbacksForThirdParty/Cinemachine/Shakers/MMCinemachineFreeLookZoom.cs
retained-guid	4113553176e622441936eaf5a3cfd2ae	Assets/Feel/MMTools/Accessories/MMPrototypeTextures/Textures/MMProtoTextures/MMProtoTextures_DarkGreyCrosses.png	Assets/Art/Textures/Feel/MMTools/Accessories/MMPrototypeTextures/Textures/MMProtoTextures/MMProtoTextures_DarkGreyCrosses.png
retained-guid	f76dd8a4fa6819c46a443effc1b4abc3	Assets/Feel/MMTools/Core/MMSceneLoading/Sprites/LoadingAnimationCompleteAnimator.controller	Assets/Art/Animations/Feel/MMTools/Core/MMSceneLoading/Sprites/LoadingAnimationCompleteAnimator.controller
retained-guid	dbdbfb7cee2876a42980b6bcd9bc441a	Assets/Feel/MMTools/Accessories/MMDebugOnScreen/Resources/MMDebugOnScreenConsole.prefab	Assets/Art/Prefabs/Feel/MMTools/Accessories/MMDebugOnScreen/Defaults/MMDebugOnScreenConsole.prefab
retained-guid	99dee6f19eeff614d8e1497cb5a83677	Assets/Feel/MMFeedbacks/MMFeedbacks/Feedbacks/MMF_SetActive.cs	Assets/Scripts/ThirdParty/Feel/MMFeedbacks/MMFeedbacks/Feedbacks/MMF_SetActive.cs
removed-demo	78fdbfa384338494882ac6d5b0fe58d6	Assets/Feel/MMTools/Demos/MMPrototypeTextures/MMPrototypeTexturesDemo/ReflectionProbe-0.exr	
removed-demo	3eb4421e0ac10aa488e44538963f00e5	Assets/Feel/MMTools/Demos/MMBezierLineRenderer/MMBezierLineRendererDemoDudeHand.png	
removed-demo	02f87d6a72746cf4f90d95ceefa185ef	Assets/Feel/FeelDemos/Bounce/Lighting/FeelBounceSettings.lighting	
retained-guid	b4f6df1207b1c5e478e225b94a41fa42	Assets/Feel/MMFeedbacks/MMFeedbacksForThirdParty/MMTools/Feedbacks/MMF_LoadScene.cs	Assets/Scripts/ThirdParty/Feel/MMFeedbacks/MMFeedbacksForThirdParty/MMTools/Feedbacks/MMF_LoadScene.cs
removed-demo	7265ff7f2929b8f4b95685c795b5dfd0	Assets/Feel/MMFeedbacks/Demos/SequencingDemo/Textures/Facade02_nrm.png	
retained-guid	fb2e3394a85703748ad01e196cf50ee1	Assets/Feel/MMFeedbacks/MMFeedbacks/Feedbacks/MMF_SquashAndStretchSpring.cs	Assets/Scripts/ThirdParty/Feel/MMFeedbacks/MMFeedbacks/Feedbacks/MMF_SquashAndStretchSpring.cs
retained-guid	c23294d57f74bea4b9a439f033a6bf15	Assets/Feel/MMFeedbacks/Editor/Core/UIToolkit/Textures/TopToBottomIcon@2x.png	Assets/Art/UI/Feel/MMFeedbacks/Editor/Core/UIToolkit/Textures/TopToBottomIcon@2x.png
removed-demo	b914d9edf82d3b2428f756651aafe78e	Assets/Feel/MMTools/Demos/MMTween/Materials/MMPlotterPointMaterial 9.mat	
retained-guid	2ac2960c7e2121849bdf55de52559dd9	Assets/Feel/MMFeedbacks/MMFeedbacksForThirdParty/UIToolkit/Base/MMF_UIToolkitVector2Base.cs	Assets/Scripts/ThirdParty/Feel/MMFeedbacks/MMFeedbacksForThirdParty/UIToolkit/Base/MMF_UIToolkitVector2Base.cs
removed-demo	92cd93025c60fa042b27412d834aacf6	Assets/Feel/FeelDemos/Bounce/Materials/FeelBounceHelmetBaseMaterial.mat	
removed-demo	eed19d20d9113bd4183ade79b123415e	Assets/Feel/FeelDemos/Snake/PostProcessing/FeelSnakeDemoPostProcessingProfile_URP.asset	
retained-guid	9675984066528d34ebf02a5535fe188f	Assets/Feel/MMFeedbacks/MMFeedbacks/Springs/Springs/MMSpringAudioSourceVolume.cs	Assets/Scripts/ThirdParty/Feel/MMFeedbacks/MMFeedbacks/Springs/Springs/MMSpringAudioSourceVolume.cs
removed-demo	ae832dcdd98f8f44f979034fbe2b302e	Assets/Feel/NiceVibrations/Demo/Common/Sprites/NV3Dots.png	
removed-demo	fd1b3683681c0dd43bafe960491f40db	Assets/Feel/MMTools/Demos/MMTween/Fonts/Lato/TTF/Lato-MediumItalic.ttf	
retained-guid	d9fae8d45e562f342ad2e7ecc03196cc	Assets/Feel/MMTools/Core/MMHelpers/MMColors.cs	Assets/Scripts/ThirdParty/Feel/MMTools/Core/MMHelpers/MMColors.cs
retained-guid	6b4b64ec300cb6948b1022cd5e3311c0	Assets/Feel/MMTools/Accessories/Editor/MMGizmos/MMGizmoEditor.cs	Assets/Scripts/ThirdParty/Feel/MMTools/Accessories/Editor/MMGizmos/MMGizmoEditor.cs
retained-guid	fff95d1eb5038764b9fdf57b6818aa6f	Assets/Feel/MMFeedbacks/MMFeedbacks/Core/MMFeedbacksCoroutine.cs	Assets/Scripts/ThirdParty/Feel/MMFeedbacks/MMFeedbacks/Core/MMFeedbacksCoroutine.cs
removed-demo	5765be82a779b38408a9554f08c590c7	Assets/Feel/MMTools/Demos/MMPrototypeTextures/PostProcessing/MMPrototypeTexturesPPProfile_URP.asset	
removed-demo	350c6e1db38d1664eab8ec022c4a2b8c	Assets/Feel/FeelDemos/Wheel/Materials/FeelWheelSkybox.mat	
removed-demo	fc4ba4e3d987e784d99be936054922a8	Assets/Feel/MMTools/Demos/MMControls/MMControlsDemo/LightingData.asset	
removed-demo	59ee2e787e6b20a4f9fd9933a2d92abc	Assets/Feel/FeelDemos/Brass/Lighting/FeelBrassSettings.lighting	
removed-demo	7373b959356d9174595205ce428f6cbe	Assets/Feel/FeelDemos/Barbarians/Models/Materials/Wood.mat	
removed-demo	07c0d76c76e70e64c82dc522636cd034	Assets/Feel/MMFeedbacks/Demos/SequencingDemo/SequencerDemo_Profiles/MMSequencerDemoGlobalPPP.asset	
retained-guid	cacc4f51dca0d494dabb441565c23f0b	Assets/Feel/MMFeedbacks/MMFeedbacksForThirdParty/HDRP/Shakers/MMExposureShaker_HDRP.cs	Assets/Scripts/ThirdParty/Feel/MMFeedbacks/MMFeedbacksForThirdParty/HDRP/Shakers/MMExposureShaker_HDRP.cs
retained-guid	9ff80f834f6ca564da816a2f08bc75f0	Assets/Feel/MMFeedbacks/MMFeedbacksForThirdParty/Cinemachine/Shakers/MMCinemachineClippingPlanesShaker.cs	Assets/Scripts/ThirdParty/Feel/MMFeedbacks/MMFeedbacksForThirdParty/Cinemachine/Shakers/MMCinemachineClippingPlanesShaker.cs
removed-demo	a5599c7a88b15404cb3156e44481ed9e	Assets/Feel/NiceVibrations/HapticSamples/Objects/Coins5.wav	
removed-demo	52f2dda63dc1e0244b39ae9075007d4e	Assets/Feel/MMFeedbacks/Demos/SequencingDemo/Sounds/Kit/MMSequencingTick.wav	
removed-demo	445cb5b233bd94d31843ed4fa5f3658a	Assets/Feel/NiceVibrations/HapticSamples/Music/Drums1.wav	
removed-demo	92a9cf7427add40c682f2a17a7b9d492	Assets/Feel/NiceVibrations/HapticSamples/Music/Drums2.wav	
removed-demo	baa14b6826e17ae4282588158c5e6f39	Assets/Feel/FeelDemosHDRP/Falcon/Materials/FeelFalconRockParticles.mat	
removed-demo	68139b13ff2fc4759a9c17d340afcb86	Assets/Feel/NiceVibrations/HapticSamples/Weapons/ScifiGunshot1.haptic	
retained-guid	244fc583bba6930489841e197a9677db	Assets/Feel/MMTools/Demos/MMDebugMenu/MMDebugMenuDemoData.asset	Assets/Data/Feedback/Feel/MMTools/Demos/MMDebugMenu/MMDebugMenuDemoData.asset
removed-demo	21becfca83d972148b363631df454e30	Assets/Feel/FeelDemos/Blob/Materials/FeelBlobSkybox.mat	
removed-demo	8bccc2efd7c974a43b3f23c9dc1b5f22	Assets/Feel/FeelDemos/Barbarians/Materials/FeelBarbarianBodyGreenMaterial.mat	
removed-demo	2a591d6cae1533b45bfbbe06de11f40c	Assets/Feel/MMFeedbacks/Demos/SequencingDemo/SequencerDemo_Profiles/MMSequencerDemoMovingPPP.asset	
retained-guid	25d31bbce27b6524192fba29ccfe28df	Assets/Feel/MMFeedbacks/MMFeedbacks/Core/MMShaker.cs	Assets/Scripts/ThirdParty/Feel/MMFeedbacks/MMFeedbacks/Core/MMShaker.cs
removed-demo	df25bf84edad1d74684be3596d8f570d	Assets/Feel/MMFeedbacks/Demos/MMFeedbacksDemo/Scripts/DemoButton.cs	
removed-demo	0d6ee9607ac631b4380ebe7b3e25a813	Assets/Feel/FeelDemos/Strike/AHAP/FeelStrikeSuccess.ahap.json	
retained-guid	01d51756b98901e41956185e673e6f18	Assets/Feel/MMTools/Accessories/MMPrototypeTextures/MMBRP_Materials/MMBPR_LightGreySquares.mat	Assets/Art/Materials/Feel/MMTools/Accessories/MMPrototypeTextures/MMBRP_Materials/MMBPR_LightGreySquares.mat
removed-demo	08ba3bd3e33b0254281f7ea4348a4498	Assets/Feel/FeelDemos/Strike/Materials/FeelStrikeBallOutside.mat	
retained-guid	7e415b31b4facd24eae9598bb7644813	Assets/Feel/MMTools/Accessories/MMPrototypeTextures/Textures/MMPlastic/MMPlasticMetal.png	Assets/Art/Textures/Feel/MMTools/Accessories/MMPrototypeTextures/Textures/MMPlastic/MMPlasticMetal.png
retained-guid	2d8d3d62d1a2e8f429db2998bbdeb237	Assets/Feel/MMTools/Accessories/Editor/MMUtilities/MMLayerPropertyDrawer.cs	Assets/Scripts/ThirdParty/Feel/MMTools/Accessories/Editor/MMUtilities/MMLayerPropertyDrawer.cs
removed-demo	15358a46554e118498bc180225ee8427	Assets/Feel/FeelDemos/Blob/Materials/FeelBlobEyes.mat	
removed-demo	d58a6efe3c9ea4cbc930c9fc149ecade	Assets/Feel/NiceVibrations/HapticSamples/Weapons/PistolLoad3.wav	
retained-guid	841b72de2996c5c40bfb394f3d0e0a98	Assets/Feel/MMFeedbacks/MMFeedbacks/Core/Legacy/MMFeedbacks.cs	Assets/Scripts/ThirdParty/Feel/MMFeedbacks/MMFeedbacks/Core/Legacy/MMFeedbacks.cs
removed-demo	58e3accf42708ec4ebbba5d70447c8c8	Assets/Feel/FeelDemos/Tactical/Scripts/Tactical.cs	
retained-guid	c47cf85e660a3714e98c5ac0a9c153cd	Assets/Feel/MMTools/Core/MMAudio/MMSoundManager/Events/MMSoundManagerSoundControlEvent.cs	Assets/Scripts/ThirdParty/Feel/MMTools/Core/MMAudio/MMSoundManager/Events/MMSoundManagerSoundControlEvent.cs
retained-guid	dbb3e138861cf2040b20217e62a5edf2	Assets/Feel/MMTools/Accessories/MMDebugMenu/Prefabs/MMDebugMenuButton.prefab	Assets/Art/Prefabs/Feel/MMTools/Accessories/MMDebugMenu/Prefabs/MMDebugMenuButton.prefab
removed-demo	d757bd5e13ca64b2392045091e372177	Assets/Feel/NiceVibrations/HapticSamples/Weapons/PistolFire3.haptic	
retained-guid	4c7437225490c3443b6d19ca7cc00196	Assets/Feel/MMTools/Accessories/MMGUI/MMGetFocusOnEnable.cs	Assets/Scripts/ThirdParty/Feel/MMTools/Accessories/MMGUI/MMGetFocusOnEnable.cs
retained-guid	23b3aadda32833144bf093d88a493ca6	Assets/Feel/MMFeedbacks/MMFeedbacks/Springs/Core/MMSpringDebug.cs	Assets/Scripts/ThirdParty/Feel/MMFeedbacks/MMFeedbacks/Springs/Core/MMSpringDebug.cs
retained-guid	ae4e4b833eb9f63448b39edf3f03e309	Assets/Feel/MMTools/Demos/MMTween/Fonts/Lato/TTF/Lato-Bold.ttf	Assets/Art/Fonts/Feel/MMTools/Demos/MMTween/Fonts/Lato/TTF/Lato-Bold.ttf
retained-guid	72c972a1271fae14a92c46848763b4c0	Assets/Feel/MMFeedbacks/MMFeedbacksForThirdParty/UIToolkit/Feedbacks/MMF_UIToolkitBorderColor.cs	Assets/Scripts/ThirdParty/Feel/MMFeedbacks/MMFeedbacksForThirdParty/UIToolkit/Feedbacks/MMF_UIToolkitBorderColor.cs
retained-guid	2cd26dd47877d80498c4f66f944bdb09	Assets/Feel/MMTools/Core/MMObjectPool/MMObjectBounds.cs	Assets/Scripts/ThirdParty/Feel/MMTools/Core/MMObjectPool/MMObjectBounds.cs
retained-guid	d6234e4f3a210834b84433feac1a602d	Assets/Feel/MMFeedbacks/MMFeedbacks/Springs/Springs/MMSpringTextureScale.cs	Assets/Scripts/ThirdParty/Feel/MMFeedbacks/MMFeedbacks/Springs/Springs/MMSpringTextureScale.cs
removed-demo	5ed01007db555624386b56ddc7b75804	Assets/Feel/FeelDemos/SquashAndStretch/Materials/FeelSquashAndStretchCarBodyYellow.mat	
removed-demo	71fff35680535d84687f758927583d82	Assets/Feel/FeelDemos/CardsUI/Textures/UI/FeelCardsUI_Logo.png	
retained-guid	72f4893994302d847bdb90bf4feead48	Assets/Feel/MMFeedbacks/MMFeedbacksForThirdParty/NiceVibrations/Feedbacks/MMF_NVEmphasis.cs	Assets/Scripts/ThirdParty/Feel/MMFeedbacks/MMFeedbacksForThirdParty/NiceVibrations/Feedbacks/MMF_NVEmphasis.cs
removed-demo	19b8ca61eb08eb942ae24e76537bc91b	Assets/Feel/FeelDemos/Bounce/Materials/FeelBounceHelmetRimMaterial.mat	
removed-demo	c967e91fd14e9473e914fb827a8febc7	Assets/Feel/NiceVibrations/HapticSamples/Music/Kick1.haptic	
retained-guid	33c059583b0a7e44ebd9aa776e815cce	Assets/Feel/MMFeedbacks/MMFeedbacksForThirdParty/PostProcessing/Springs/MMSpringVignetteIntensity.cs	Assets/Scripts/ThirdParty/Feel/MMFeedbacks/MMFeedbacksForThirdParty/PostProcessing/Springs/MMSpringVignetteIntensity.cs
retained-guid	82c9d5c8726c57249b51c39e76eee072	Assets/Feel/MMFeedbacks/Editor/Sequencing/Resources/SequencerDotBackground.png	Assets/Art/UI/Feel/MMFeedbacks/Editor/Sequencing/Defaults/SequencerDotBackground.png
removed-demo	b4ba93cf48b1c6b468135361158be27d	Assets/Feel/MMFeedbacks/Demos/MMFeedbacksDemo/UI/Spacer.prefab	
retained-guid	296c95127ab0eee40b334cc33b1bc479	Assets/Feel/MMTools/Accessories/MMPrototypeTextures/Textures/MMProtoTextures/MMProtoTextures_DarkGreySquares.png	Assets/Art/Textures/Feel/MMTools/Accessories/MMPrototypeTextures/Textures/MMProtoTextures/MMProtoTextures_DarkGreySquares.png
removed-demo	aa587231e6b483c4ebaf5ea1bb49be63	Assets/Feel/FeelDemos/Tactical/FeelTactical.unity	
retained-guid	d9d54e48cd32e274287fb32bbb13da24	Assets/Feel/MMFeedbacks/Editor/Core/UIToolkit/FeelScriptIcon.png	Assets/Art/UI/Feel/MMFeedbacks/Editor/Core/UIToolkit/FeelScriptIcon.png
retained-guid	5c87833dd08a8c842823386dde78cb2a	Assets/Feel/MMTools/Accessories/Editor/MMMaintenance/MMFindMissingScriptsRecursively.cs	Assets/Scripts/ThirdParty/Feel/MMTools/Accessories/Editor/MMMaintenance/MMFindMissingScriptsRecursively.cs
removed-demo	3202e32342f284a42a3dd45f0ac9bd01	Assets/Feel/NiceVibrations/HapticSamples/Objects/Cash8.wav	
retained-guid	42453e475524af140ac923a2fe1e86f6	Assets/Feel/MMFeedbacks/MMFeedbacks/Feedbacks/MMF_AnimatorSpeed.cs	Assets/Scripts/ThirdParty/Feel/MMFeedbacks/MMFeedbacks/Feedbacks/MMF_AnimatorSpeed.cs
retained-guid	9aacf6f3043624194bb6f6fe9a580786	Assets/Feel/NiceVibrations/OlderVersions/v3.9/NiceVibrations-v-3-9-0.unitypackage	Assets/Scripts/ThirdParty/Feel/NiceVibrations/OlderVersions/v3.9/NiceVibrations-v-3-9-0.unitypackage
removed-demo	552b7760cc18076409434637e1068329	Assets/Feel/FeelDemosHDRP/Falcon/Textures/FeelFalconSmoke.tga	
removed-demo	925913603f5ff4247b0eb934ea908dc0	Assets/Feel/MMFeedbacks/Demos/SequencingDemo/Textures/Facade02_mask.png	
retained-guid	519fc1b1af1286148b6fbb86b4ef2eeb	Assets/Feel/MMFeedbacks/MMFeedbacksForThirdParty/HDRP/Shakers/MMLensDistortionShaker_HDRP.cs	Assets/Scripts/ThirdParty/Feel/MMFeedbacks/MMFeedbacksForThirdParty/HDRP/Shakers/MMLensDistortionShaker_HDRP.cs
removed-demo	fea0e15e72faaed4f9705a431e61d9de	Assets/Feel/FeelDemos/SquashAndStretch/Scripts/FeelSquashAndStretchCarController.cs	
retained-guid	d286788c116ce6547b8144f05f2f14d2	Assets/Feel/MMFeedbacks/MMFeedbacks/Sequencing/Scripts/MMSoundSequencer.cs	Assets/Scripts/ThirdParty/Feel/MMFeedbacks/MMFeedbacks/Sequencing/Scripts/MMSoundSequencer.cs
removed-demo	5f4d0b24fdf7b450eab448ee8aaa61c1	Assets/Feel/NiceVibrations/HapticSamples/Objects/SwitchLight1.haptic	
removed-demo	709af496d33710a4fb05154e7b926384	Assets/Feel/FeelDemos/Tactical/Animations/FeelTactical@Gunplay.fbx	
removed-demo	b52f664c08fd13941b0167b90d8fb49a	Assets/Feel/NiceVibrations/Demo/DemoAssets/BallDemo/Scripts/BallTouchZone.cs	
removed-demo	811cbe431251e1f4a99853f01f165f00	Assets/Feel/FeelDemos/Strike/Textures/FeelStrikeWoodAlbedo.png	
retained-guid	c6cf2103244e0c94f993f2f0f281b0c9	Assets/Feel/MMFeedbacks/MMFeedbacksForThirdParty/HDRP/Springs/MMSpringVignetteIntensity_HDRP.cs	Assets/Scripts/ThirdParty/Feel/MMFeedbacks/MMFeedbacksForThirdParty/HDRP/Springs/MMSpringVignetteIntensity_HDRP.cs
retained-guid	ed68763c04a44fa49a0aa2316c3d46ee	Assets/Feel/MMTools/Accessories/MMPrototypeTextures/Textures/MMProtoTextures/MMProtoTextures_BlueSquares.png	Assets/Art/Textures/Feel/MMTools/Accessories/MMPrototypeTextures/Textures/MMProtoTextures/MMProtoTextures_BlueSquares.png
retained-guid	72de0b0360096ea41a18d17864ecb963	Assets/Feel/MMTools/Core/MMObjectPool/MMPoolableObject.cs	Assets/Scripts/ThirdParty/Feel/MMTools/Core/MMObjectPool/MMPoolableObject.cs
retained-guid	e0924103a050c4bbc88d415b79a67df2	Assets/Feel/NiceVibrations/Scripts/Components/AssemblyInfo.cs	Assets/Scripts/ThirdParty/Feel/NiceVibrations/Scripts/Components/AssemblyInfo.cs
retained-guid	9f32f9f1779317340b6f9788fb5f5c25	Assets/Feel/MMTools/Accessories/MMVFX/MMRipple/MMRippleCircle3NM.png	Assets/Art/Textures/Feel/MMTools/Accessories/MMVFX/MMRipple/MMRippleCircle3NM.png
retained-guid	f211a3800cfd6094db6caf6e9d4571fd	Assets/Feel/MMTools/Core/Editor/MMAttributes/MMDropdownAttributeDrawer.cs	Assets/Scripts/ThirdParty/Feel/MMTools/Core/Editor/MMAttributes/MMDropdownAttributeDrawer.cs
removed-demo	28c21a0b5fca848f285ed713ce34a5b8	Assets/Feel/NiceVibrations/HapticSamples/Objects/Coin2.haptic	
removed-demo	45c6539e9c07f5948b638b490a0d48b2	Assets/Feel/FeelDemos/Strike/Sounds/FeelStrikeBgMusic.wav	
retained-guid	6acf6d4477d762d4d9d58016b9ff1c1d	Assets/Feel/MMFeedbacks/MMFeedbacksForThirdParty/UIToolkit/MoreMountains.Feedbacks.UIToolkit.asmref	Assets/Scripts/ThirdParty/Feel/MMFeedbacks/MMFeedbacksForThirdParty/UIToolkit/MoreMountains.Feedbacks.UIToolkit.asmref
retained-guid	76ee492955c4d2f4fa9c0dd9f9a59f12	Assets/Feel/MMFeedbacks/MMFeedbacksForThirdParty/TextMeshPro/Feedbacks/MMF_TMPCountTo.cs	Assets/Scripts/ThirdParty/Feel/MMFeedbacks/MMFeedbacksForThirdParty/TextMeshPro/Feedbacks/MMF_TMPCountTo.cs
removed-demo	71f805173b14765458dfbb504230c671	Assets/Feel/FeelDemos/Letters/Sprites/FeelLettersDemoDustParticles.png	
removed-demo	398034b409cde9348bff02cafc765baa	Assets/Feel/FeelDemos/Springs/Materials/FeelSpringsTalkingTreesLeavesDarker.mat	
retained-guid	f641f9c946f40f346b424ed65100be88	Assets/Feel/MMFeedbacks/MMFeedbacksForThirdParty/MMTools/Feedbacks/MMF_MMSoundManagerAllSoundsControl.cs	Assets/Scripts/ThirdParty/Feel/MMFeedbacks/MMFeedbacksForThirdParty/MMTools/Feedbacks/MMF_MMSoundManagerAllSoundsControl.cs
removed-demo	bf243365243d66a45824d9d35ef3f4b1	Assets/Feel/FeelDemos/Snake/Materials/FeelSnakeBlackParticles.mat	
removed-demo	d1476548e87a009429d279f9ec3a4b93	Assets/Feel/NiceVibrations/Demo/Common/Sprites/NVSwitchKnob.png	
removed-demo	5377ae60be01124469abf57c494c8251	Assets/Feel/FeelDemos/Blob/Animations/FeelBlobMove.anim	
retained-guid	086f0a7e77273714b82f2e7d7b310521	Assets/Feel/MMFeedbacks/MMFeedbacksForThirdParty/VisualEffectGraph/Feedbacks/MMF_VisualEffect.cs	Assets/Scripts/ThirdParty/Feel/MMFeedbacks/MMFeedbacksForThirdParty/VisualEffectGraph/Feedbacks/MMF_VisualEffect.cs
retained-guid	7aa06285ee4b40b458022beb52aa9f94	Assets/Feel/MMFeedbacks/MMFeedbacksForThirdParty/HDRP/Feedbacks/MMF_DepthOfField_HDRP.cs	Assets/Scripts/ThirdParty/Feel/MMFeedbacks/MMFeedbacksForThirdParty/HDRP/Feedbacks/MMF_DepthOfField_HDRP.cs
removed-demo	ed39e8628ea328e4886e587c5ed18d35	Assets/Feel/FeelDemos/Blob/Materials/FeelBlobWhiteClouds.mat	
removed-demo	628a23d9e49377a4592b606b84550579	Assets/Feel/NiceVibrations/Demo/Common/Sprites/NVPaginationDot.png	
retained-guid	0cb29398a27cf104bb97fac0554c9457	Assets/Feel/MMFeedbacks/MMFeedbacks/Shakers/MMScaleShaker.cs	Assets/Scripts/ThirdParty/Feel/MMFeedbacks/MMFeedbacks/Shakers/MMScaleShaker.cs
removed-demo	f8aafce49a15241159f0f5a7cef8a45b	Assets/Feel/NiceVibrations/HapticSamples/SoundFX/CarScreech1.wav	
removed-demo	163ab44657be0cb4c94660830d851752	Assets/Feel/FeelDemos/UIToolkitFeedbacksDemo/PanelSettings/FeelUIToolkitDemoPanelSettings.asset	
retained-guid	816fe783c3103644790f46de0cbeb161	Assets/Feel/MMTools/Accessories/MMPrototypeTextures/MMBRP_Materials/MMBPR_RedCrosses.mat	Assets/Art/Materials/Feel/MMTools/Accessories/MMPrototypeTextures/MMBRP_Materials/MMBPR_RedCrosses.mat
removed-demo	3df5c6d6c97a31e469c12a71aa1834ac	Assets/Feel/MMFeedbacks/Demos/MMFeedbacksDemo/Camera/MMFeedbacksDemo Main Camera Profile.asset	
removed-demo	1e11e97960a80e247b1dba8f46494d4c	Assets/Feel/FeelDemos/Barbarians/Prefabs/FeelBarbarianFloatingText.prefab	
retained-guid	7eef1b66a64daee46b87f6f979353425	Assets/Feel/MMTools/Accessories/MMVFX/MMParticles/MMParticlesBlackSun.png	Assets/Art/Textures/Feel/MMTools/Accessories/MMVFX/MMParticles/MMParticlesBlackSun.png
removed-demo	c2893ce3e18c62d4e9bdd493ac787ade	Assets/Feel/FeelDemos/Tactical/Tactical/ReflectionProbe-0.exr	
retained-guid	0378a3a19b50e044aafc329deb33665a	Assets/Feel/MMFeedbacks/MMFeedbacksForThirdParty/PostProcessing/Feedbacks/MMF_DepthOfField.cs	Assets/Scripts/ThirdParty/Feel/MMFeedbacks/MMFeedbacksForThirdParty/PostProcessing/Feedbacks/MMF_DepthOfField.cs
removed-demo	4f86485c18bbb82408a0d94a7ed1e51f	Assets/Feel/FeelDemos/MMSequencer/FeelMMSequencer.unity	
removed-demo	5c72a4623f4c14a408e5a1fbac028750	Assets/Feel/MMFeedbacks/Demos/SequencingDemo/Textures/Tiles60_col.png	
removed-demo	66f3ca43b4d1b4b69936896892e1eab1	Assets/Feel/NiceVibrations/HapticSamples/ApplicationUX/CameraShutter1.haptic	
removed-demo	440eacb0793ae0546b9f287ef399ee84	Assets/Feel/MMFeedbacks/Demos/MMFeedbacksDemo/Materials/FeedbacksDemoDudeBody.mat	
removed-demo	491c9e2fc7291f549919642c4f3e32c0	Assets/Feel/FeelDemosHDRP/Falcon/Materials/FeelFalconRockPlane.mat	
removed-demo	7a07c61d1ae789245be27cd71b29fb47	Assets/Feel/NiceVibrations/Demo/Common/Shaders/CurveMaterial.mat	
retained-guid	5b5d530aed12d5f41b876b1237c161a7	Assets/Feel/MMTools/Accessories/Editor/MMVision/MMConeOfVision2DInspector.cs	Assets/Scripts/ThirdParty/Feel/MMTools/Accessories/Editor/MMVision/MMConeOfVision2DInspector.cs
retained-guid	f767333d7f0eaf24892e4778169d0d37	Assets/Feel/MMTools/Accessories/Editor/MMParticles/MMTrailRendererSortingLayerEditor.cs	Assets/Scripts/ThirdParty/Feel/MMTools/Accessories/Editor/MMParticles/MMTrailRendererSortingLayerEditor.cs
retained-guid	9c6f9c86f5c6aa14490ae9a264c1e884	Assets/Feel/MMTools/Core/MMRadio/MMProperty/MMPropertyPicker/MMPropertyPicker.cs	Assets/Scripts/ThirdParty/Feel/MMTools/Core/MMRadio/MMProperty/MMPropertyPicker/MMPropertyPicker.cs
removed-demo	92eb18dca6674154980d37823d0a644c	Assets/Feel/NiceVibrations/Demo/DemoAssets/HapticClipsDemo/Sounds/NVHeartbeats.wav	
removed-demo	ccd10f89e8340bf479e41c17c768fbc1	Assets/Feel/FeelDemos/Springs/Materials/FeelSpringsSkybox.mat	
retained-guid	158241bba510d154b9d2e7d7ab8d4fd7	Assets/Feel/MMTools/Accessories/MMTilemaps/MMTilemapCleaner.cs	Assets/Scripts/ThirdParty/Feel/MMTools/Accessories/MMTilemaps/MMTilemapCleaner.cs
removed-demo	75b96fd966e7fdf4293af9c566c41543	Assets/Feel/FeelDemos/ParallaxUI/FeelParallaxUI.unity	
removed-demo	6ff9ef53522706d41aea024924a1c692	Assets/Feel/FeelDemos/Blob/Textures/FeelBlobGodRays1.png	
retained-guid	63dabf038bafcdd4c9fd22dcdf057dd9	Assets/Feel/MMTools/Accessories/MMVFX/MMRamps/MMRamp6.png	Assets/Art/Textures/Feel/MMTools/Accessories/MMVFX/MMRamps/MMRamp6.png
removed-demo	10af6a1a0cf8a9d4b8baa9eff5f0a2cc	Assets/Feel/FeelDemos/MMSoundManager/Scripts/PlaylistDemo.cs	
retained-guid	fbe34950474788247ae05de95fa199f3	Assets/Feel/MMTools/Core/MMExtensions/MMAnimatorExtensions.cs	Assets/Scripts/ThirdParty/Feel/MMTools/Core/MMExtensions/MMAnimatorExtensions.cs
removed-demo	61c0f36737ce72e4282216983bcc84d0	Assets/Feel/NiceVibrations/Demo/Common/Scripts/VersionNumber.cs	
retained-guid	4d249ce4961d8fc48b6cb4dc6b165261	Assets/Feel/MMFeedbacks/MMFeedbacksForThirdParty/URP/MoreMountains.Feedbacks.URP.asmref	Assets/Scripts/ThirdParty/Feel/MMFeedbacks/MMFeedbacksForThirdParty/URP/MoreMountains.Feedbacks.URP.asmref
retained-guid	d260fd7dcadc0284a8d734805d374223	Assets/Feel/MMTools/Core/MMRadio/MMProperty/MMPropertyLink/MMPropertyLinkBool.cs	Assets/Scripts/ThirdParty/Feel/MMTools/Core/MMRadio/MMProperty/MMPropertyLink/MMPropertyLinkBool.cs
retained-guid	8f2b35cd0da71894d92b885cf5e55c51	Assets/Feel/MMTools/Core/MMAudio/MMSMPlaylist/MMSMPlaylistManager.cs	Assets/Scripts/ThirdParty/Feel/MMTools/Core/MMAudio/MMSMPlaylist/MMSMPlaylistManager.cs
retained-guid	9cf882a8a1f69ff43b2216f75cddd54d	Assets/Feel/MMTools/Accessories/MMPrototypeTextures/Textures/MMProtoTextures/MMProtoTextures_LightGreySquares.png	Assets/Art/Textures/Feel/MMTools/Accessories/MMPrototypeTextures/Textures/MMProtoTextures/MMProtoTextures_LightGreySquares.png
retained-guid	40c1cb23e17feb24ca503ff4d7cbf7b0	Assets/Feel/MMFeedbacks/MMFeedbacksForThirdParty/MMTools/Feedbacks/MMF_RectTransformAnchor.cs	Assets/Scripts/ThirdParty/Feel/MMFeedbacks/MMFeedbacksForThirdParty/MMTools/Feedbacks/MMF_RectTransformAnchor.cs
retained-guid	3431d42f2979ef548bf60186ddc6fe44	Assets/Feel/MMFeedbacks/MMFeedbacks/Springs/Springs/MMSpringRotationAround.cs	Assets/Scripts/ThirdParty/Feel/MMFeedbacks/MMFeedbacks/Springs/Springs/MMSpringRotationAround.cs
retained-guid	623d70b4da82bca44ba2a5afde9d09a2	Assets/Feel/MMFeedbacks/MMFeedbacks/Feedbacks/MMF_FreezeFrame.cs	Assets/Scripts/ThirdParty/Feel/MMFeedbacks/MMFeedbacks/Feedbacks/MMF_FreezeFrame.cs
retained-guid	413dbb3ab27b9eb40a8bc94473c0565c	Assets/Feel/MMFeedbacks/MMFeedbacksForThirdParty/UIToolkit/Feedbacks/MMF_UIToolkitTextColor.cs	Assets/Scripts/ThirdParty/Feel/MMFeedbacks/MMFeedbacksForThirdParty/UIToolkit/Feedbacks/MMF_UIToolkitTextColor.cs
removed-demo	3b2eadacc632a3740a676d32bf591776	Assets/Feel/FeelDemos/Tactical/Animations/FeelTacticalAvatarMask.mask	
retained-guid	1eac7cbe197dc794dbaed99e0565d2de	Assets/Feel/MMTools/Accessories/MMPhysics/MMRigidbodyInterface.cs	Assets/Scripts/ThirdParty/Feel/MMTools/Accessories/MMPhysics/MMRigidbodyInterface.cs
removed-demo	86aa66a501648034f8ec69ba5d404514	Assets/Feel/FeelDemos/Duck/Sounds/FeelDuckWoosh.wav	
retained-guid	3ea237bea7ee0284eb3c367668540cdc	Assets/Feel/MMFeedbacks/MMFeedbacksForThirdParty/URP/Feedbacks/MMF_WhiteBalance_URP.cs	Assets/Scripts/ThirdParty/Feel/MMFeedbacks/MMFeedbacksForThirdParty/URP/Feedbacks/MMF_WhiteBalance_URP.cs
removed-demo	81aaf5eefb032aa4e8dc07ad882e42f3	Assets/Feel/MMFeedbacks/Demos/SequencingDemo/Textures/Tiles67_rgh.png	
removed-demo	da3882387fa6d2d408298e1a82fbf9ed	Assets/Feel/MMFeedbacks/Demos/MMFeedbacksDemo/Materials/FeedbacksDemoGround.mat	
retained-guid	1ed6dae7e25050744b45262d80b35bdf	Assets/Feel/MMFeedbacks/MMFeedbacks/Feedbacks/MMF_Destroy.cs	Assets/Scripts/ThirdParty/Feel/MMFeedbacks/MMFeedbacks/Feedbacks/MMF_Destroy.cs
retained-guid	2d073f09c04a999428a9149986800bfb	Assets/Feel/MMFeedbacks/MMFeedbacksForThirdParty/PostProcessing/Helpers/MMGlobalPostProcessingVolumeAutoBlend.cs	Assets/Scripts/ThirdParty/Feel/MMFeedbacks/MMFeedbacksForThirdParty/PostProcessing/Helpers/MMGlobalPostProcessingVolumeAutoBlend.cs
removed-demo	400bfadff74d1423c93ffffb0666fa04	Assets/Feel/NiceVibrations/HapticSamples/Weapons/PistolFire1.wav	
removed-demo	2683e998a473e724ca03dbfd0b95ee65	Assets/Feel/FeelDemos/Tactical/Materials/FeelTacticalSkybox.mat	
removed-demo	e91a9c36e72456e4db171843272d8a2b	Assets/Feel/NiceVibrations/Demo/Common/Scripts/SoundSwitch.cs	
removed-demo	d3ca152672d96364d9f45f1b41ef9644	Assets/Feel/MMTools/Demos/MMGhostCamera/Materials/MMGhostCameraGround.mat	
retained-guid	51a1aa396f4dea44fbb24fc6076c78b8	Assets/Feel/MMTools/Demos/MMTween/Fonts/Lato/SDF/Lato-Heavy SDF.asset	Assets/Data/Feedback/Feel/MMTools/Demos/MMTween/Fonts/Lato/SDF/Lato-Heavy SDF.asset
retained-guid	4c7cb988a600a2f42959f41a828e5ee1	Assets/Feel/MMTools/Accessories/MMVFX/MMRipple/MMRippleRosace1.mat	Assets/Art/Materials/Feel/MMTools/Accessories/MMVFX/MMRipple/MMRippleRosace1.mat
removed-demo	a43358f5c0cff0849bd9243110ff33a6	Assets/Feel/FeelDemos/Letters/Sprites/FeelLettersDemoEyeWhite.png	
retained-guid	9004edcd6234bf449a2d7812b79b5806	Assets/Feel/MMFeedbacks/MMFeedbacksForThirdParty/PostProcessing/Feedbacks/MMF_GlobalPPVolumeAutoBlend.cs	Assets/Scripts/ThirdParty/Feel/MMFeedbacks/MMFeedbacksForThirdParty/PostProcessing/Feedbacks/MMF_GlobalPPVolumeAutoBlend.cs
retained-guid	117d5758fb780a14d91b570328c048da	Assets/Feel/MMTools/Core/Editor/MMAttributes/MMMonoBehaviourUITKEditor.cs	Assets/Scripts/ThirdParty/Feel/MMTools/Core/Editor/MMAttributes/MMMonoBehaviourUITKEditor.cs
removed-demo	4b0c11e0a4798e04c82c84e3f89de5e2	Assets/Feel/MMTools/Demos/MMObservable/MMObservableDemo.unity	
retained-guid	43c36085512d5834f9b4387303c2ae7f	Assets/Feel/MMTools/Accessories/MMVFX/MMRipple/MMRippleCircle3.mat	Assets/Art/Materials/Feel/MMTools/Accessories/MMVFX/MMRipple/MMRippleCircle3.mat
removed-demo	5a92d08a53a696f41b20d84ea487ab16	Assets/Feel/MMTools/Demos/MMTween/Materials/MMPlotterLineMaterial.mat	
retained-guid	177926c7a52cdb247b4ea692ea51aa68	Assets/Feel/MMTools/Accessories/MMSprites/BezierLineRenderer/MMBezierLineRenderer.cs	Assets/Scripts/ThirdParty/Feel/MMTools/Accessories/MMSprites/BezierLineRenderer/MMBezierLineRenderer.cs
removed-demo	c4201b7f5edf70a4e9272a77e04c947c	Assets/Feel/FeelDemos/Bounce/Models/FeelBounceBox.fbx	
removed-demo	5ecff773999a5054b8a8741a6a0ba69c	Assets/Feel/FeelDemos/Letters/FeelLetters.unity	
retained-guid	010b82bc895978049b69aaf4b855d7ab	Assets/Feel/MMTools/Demos/MMTween/Fonts/Lato/TTF/Lato-Heavy.ttf	Assets/Art/Fonts/Feel/MMTools/Demos/MMTween/Fonts/Lato/TTF/Lato-Heavy.ttf
retained-guid	702bfb9f7cc2a2849a2c16f4087d1c55	Assets/Feel/MMTools/Foundation/Editor/MMAI/AIActionInspectorDrawer.cs	Assets/Scripts/ThirdParty/Feel/MMTools/Foundation/Editor/MMAI/AIActionInspectorDrawer.cs
removed-demo	86637982991ef464497bf77bd49b9f4c	Assets/Feel/FeelDemos/Springs/Channels/FeelSpringsDemoAnimatorSpeedChannel.asset	
retained-guid	e078eaa3f1defa44cad7a1243d113a84	Assets/Feel/MMTools/Accessories/MMMovement/MMAim.cs	Assets/Scripts/ThirdParty/Feel/MMTools/Accessories/MMMovement/MMAim.cs
retained-guid	adde5948123bd8743a0048c044871b09	Assets/Feel/MMTools/Accessories/MMUtilities/MMLayer.cs	Assets/Scripts/ThirdParty/Feel/MMTools/Accessories/MMUtilities/MMLayer.cs
removed-demo	1b93837beedb1a6488f0d094070bba41	Assets/Feel/MMFeedbacks/Demos/MMFeedbacksDemo/Animations/FeedbackGhostAnimation.anim	
removed-demo	d2adf4be30da08641a986dc1a035cbfe	Assets/Feel/FeelDemos/CardsUI/Textures/UI/FeelCardsUI_Back.png	
removed-demo	894fa61f3a6269747b79df1bd99a23cd	Assets/Feel/MMTools/Demos/MMTween/Materials/MMPlotterPointMaterial 4.mat	
removed-demo	ac27ec79828ddda4c84c0082f1942674	Assets/Feel/MMFeedbacks/Demos/SequencingDemo/Textures/WoodFloor20_AO.png	
retained-guid	e7bd931b85ae0b54a86af9439440b98b	Assets/Feel/MMTools/Accessories/MMPrototypeTextures/Textures/MMProtoTextures/MMProtoTextures_YellowCrosses.png	Assets/Art/Textures/Feel/MMTools/Accessories/MMPrototypeTextures/Textures/MMProtoTextures/MMProtoTextures_YellowCrosses.png
removed-demo	4918d495582b2c74dba9ef90acb15aee	Assets/Feel/FeelDemos/Snake/Sounds/FeelSnakePianoBass1.wav	
removed-demo	8e9d9f037f66dda4783ec7ac7b844b4d	Assets/Feel/FeelDemos/CardsUI/Textures/Art/Feelcardsui Sumerian.webm	
removed-demo	253756d4376f735478b4c80384bf7ebe	Assets/Feel/FeelDemos/SquashAndStretch/Materials/FeelSquashAndStretchTrees.mat	
retained-guid	a26c425236d5ebe48ad8c31f240eae65	Assets/Feel/MMFeedbacks/MMFeedbacks/Feedbacks/MMF_Graphic.cs	Assets/Scripts/ThirdParty/Feel/MMFeedbacks/MMFeedbacks/Feedbacks/MMF_Graphic.cs
removed-demo	be6473d4dcaac484a90412f8114f307c	Assets/Feel/NiceVibrations/Demo/Common/Sprites/NVSwitchIndicator.png	
retained-guid	d72ca77766228434bac267331d9890d6	Assets/Feel/MMFeedbacks/MMFeedbacksForThirdParty/URP/Feedbacks/MMF_ColorAdjustments_URP.cs	Assets/Scripts/ThirdParty/Feel/MMFeedbacks/MMFeedbacksForThirdParty/URP/Feedbacks/MMF_ColorAdjustments_URP.cs
removed-demo	69a217bbc5a4f46cf961eb14307123af	Assets/Feel/NiceVibrations/HapticSamples/Weapons/PistolLoad2.haptic	
retained-guid	4a1cb1490dc4df8409b2580d6b44e75e	Assets/Feel/MMTools/Core/MoreMountains.Tools.asmdef	Assets/Scripts/ThirdParty/Feel/MMTools/Core/MoreMountains.Tools.asmdef
removed-demo	cdbaf105b9f815b4cb8bab94c303595a	Assets/Feel/MMTools/Demos/MMTween/Textures/PlotterAxis.png	
removed-demo	7930134f6551747dcb52d9d1ee74fddf	Assets/Feel/NiceVibrations/HapticSamples/Nature/Thunder2.haptic	
removed-demo	89c0654ee226d6145bd7adb6ff78d39e	Assets/Feel/MMFeedbacks/Demos/SequencingDemo/Lighting/SequencerDemoSettings.lighting	
retained-guid	0ad790ad6438c39448c9177b592c30fe	Assets/Feel/MMFeedbacks/Editor/Shakers/MMWiggleEditor.cs	Assets/Scripts/ThirdParty/Feel/MMFeedbacks/Editor/Shakers/MMWiggleEditor.cs
retained-guid	0a5f5fa0a0eb12242b82f5e32e147334	Assets/Feel/MMFeedbacks/MMFeedbacks/Feedbacks/MMF_AudioSourcePitch.cs	Assets/Scripts/ThirdParty/Feel/MMFeedbacks/MMFeedbacks/Feedbacks/MMF_AudioSourcePitch.cs
retained-guid	5aca560c844841f4797889b903dced26	Assets/Feel/MMTools/Core/MMHelpers/MMInterval.cs	Assets/Scripts/ThirdParty/Feel/MMTools/Core/MMHelpers/MMInterval.cs
removed-demo	444c72e35fbefef45bc50447123c6225	Assets/Feel/NiceVibrations/Demo/DemoAssets/HapticClipsDemo/Sounds/NVLaser.wav	
retained-guid	55c12c0ec7006444aaec17e31510e884	Assets/Feel/MMTools/Core/MMHelpers/MMAnimationCurves.cs	Assets/Scripts/ThirdParty/Feel/MMTools/Core/MMHelpers/MMAnimationCurves.cs
retained-guid	0fcb0ff7991255940900581218e0053b	Assets/Feel/MMTools/Accessories/MMUtilities/MMDebugController.cs	Assets/Scripts/ThirdParty/Feel/MMTools/Accessories/MMUtilities/MMDebugController.cs
removed-demo	d8be2a80c3db142d29343ab0ac2b6dff	Assets/Feel/NiceVibrations/HapticSamples/Footsteps/FootstepSnow1.haptic	
removed-demo	c1dd8d789ad424dac986575d2f0adfd0	Assets/Feel/NiceVibrations/HapticSamples/Objects/Fan1.haptic	
retained-guid	c8dbeb23a6873434e935e7a250c87235	Assets/Feel/NiceVibrations/OlderVersions/v1.7/NiceVibrations-v-1-7-readme.txt	Assets/Documentation/Feel/NiceVibrations/OlderVersions/v1.7/NiceVibrations-v-1-7-readme.txt
retained-guid	285d55c3a8191984c848a8ecaee30c9d	Assets/Feel/MMTools/Core/MMExtensions/MMCameraExtensions.cs	Assets/Scripts/ThirdParty/Feel/MMTools/Core/MMExtensions/MMCameraExtensions.cs
removed-demo	e6d33a698322947bba2f08602e361b37	Assets/Feel/NiceVibrations/HapticSamples/SoundFX/CarEngine2.haptic	
removed-demo	845a9b477a80e454093db315f33a2672	Assets/Feel/MMFeedbacks/Demos/MMFeedbacksDemo/Models/Background/Background.fbm/checker.tga	
retained-guid	61270f15bcfabeb4ba61296fad914dbe	Assets/Feel/MMTools/Core/Editor/MMRadio/MMRadioSignalEditor.cs	Assets/Scripts/ThirdParty/Feel/MMTools/Core/Editor/MMRadio/MMRadioSignalEditor.cs
retained-guid	67c3b5deddd7fd5438aebce3a8ea178e	Assets/Feel/MMTools/Accessories/MMDebugMenu/Scripts/UIClasses/MMDebugMenuSpriteReplace.cs	Assets/Scripts/ThirdParty/Feel/MMTools/Accessories/MMDebugMenu/Scripts/UIClasses/MMDebugMenuSpriteReplace.cs
retained-guid	2745b12389b632b4793a46c0329b78a3	Assets/Feel/MMFeedbacks/MMFeedbacksForThirdParty/URP/Feedbacks/MMF_Bloom_URP.cs	Assets/Scripts/ThirdParty/Feel/MMFeedbacks/MMFeedbacksForThirdParty/URP/Feedbacks/MMF_Bloom_URP.cs
removed-demo	0d2b5984bc090493787fc3bc832277d3	Assets/Feel/NiceVibrations/HapticSamples/ApplicationUX/Button4.haptic	
removed-demo	155fc19512bc7994f9164ccbc8b7e305	Assets/Feel/FeelDemos/Brass/Prefabs/VisualizerBlock.prefab	
removed-demo	c83d7f514aed4564894e969b24e62813	Assets/Feel/FeelDemos/Bounce/Textures/FeelBounceLeaves.png	
retained-guid	5551f2320b5bfde4dbdbb0604036a53a	Assets/Feel/MMTools/Accessories/MMVFX/MMNoise/MMFireDirectionalAltNoise.png	Assets/Art/Textures/Feel/MMTools/Accessories/MMVFX/MMNoise/MMFireDirectionalAltNoise.png
retained-guid	43306c87c2558ad4c960d73c419e65aa	Assets/Feel/MMFeedbacks/MMFeedbacksForThirdParty/URP/Feedbacks/MMF_LensDistortion_URP.cs	Assets/Scripts/ThirdParty/Feel/MMFeedbacks/MMFeedbacksForThirdParty/URP/Feedbacks/MMF_LensDistortion_URP.cs
removed-demo	0b4ed85a472548245acff2bf62a492b2	Assets/Feel/NiceVibrations/Demo/Common/Scripts/NiceVibrationsDemoHelpers.cs	
retained-guid	30d11dc2faf07c54ea2ca17622dd3728	Assets/Feel/MMFeedbacks/MMFeedbacksForThirdParty/PostProcessing/Feedbacks/MMF_Bloom.cs	Assets/Scripts/ThirdParty/Feel/MMFeedbacks/MMFeedbacksForThirdParty/PostProcessing/Feedbacks/MMF_Bloom.cs
removed-demo	4b80f1133cb6af64aafb46b1e39e9e2e	Assets/Feel/FeelDemos/Springs/Materials/FeelSpringsTalkingTreesSkybox.mat	
retained-guid	6756ce1110b2ba24e9f356c415a5a73d	Assets/Feel/MMTools/Accessories/MMVFX/MMParticles/MMParticlesJab.png	Assets/Art/Textures/Feel/MMTools/Accessories/MMVFX/MMParticles/MMParticlesJab.png
retained-guid	0305ee4dd71cd604e95fb34a39ce09bd	Assets/Feel/MMTools/Accessories/MMPerformance/MMSpeedTest.cs	Assets/Scripts/ThirdParty/Feel/MMTools/Accessories/MMPerformance/MMSpeedTest.cs
removed-demo	0997c47bcd1429d42abe9c77bb947b44	Assets/Feel/NiceVibrations/Demo/Common/Sprites/NV1x1White.png	
retained-guid	2852911d573562f4a836903e5c779c94	Assets/Feel/MMTools/Accessories/MMGUI/MMParallaxUI.cs	Assets/Scripts/ThirdParty/Feel/MMTools/Accessories/MMGUI/MMParallaxUI.cs
retained-guid	751d6cd81845c5542a535cd29ab8d777	Assets/Feel/MMFeedbacks/MMFeedbacks/Springs/Springs/MMSpringRectTransformSizeDelta.cs	Assets/Scripts/ThirdParty/Feel/MMFeedbacks/MMFeedbacks/Springs/Springs/MMSpringRectTransformSizeDelta.cs
removed-demo	dc38e8eba37821e4e82c938d9dc3aa0c	Assets/Feel/FeelDemos/Common/Scripts/FeelDemosInputHelper.cs	
retained-guid	c1a5ec5dd90c97b4290f922165118df9	Assets/Feel/MMFeedbacks/MMFeedbacks/Feedbacks/MMF_Material.cs	Assets/Scripts/ThirdParty/Feel/MMFeedbacks/MMFeedbacks/Feedbacks/MMF_Material.cs
removed-demo	d76197e60487b7e46bf8b722dfde0a9b	Assets/Feel/NiceVibrations/Demo/Common/Scripts/UI/MMSignal.cs	
retained-guid	dc84fb4fa9e67485a972c887d976d004	Assets/Feel/NiceVibrations/Scripts/Editor/HapticImporter.cs	Assets/Scripts/ThirdParty/Feel/NiceVibrations/Scripts/Editor/HapticImporter.cs
retained-guid	67fc7d627b6e1074895b5ed483eb737d	Assets/Feel/MMFeedbacks/MMFeedbacksForThirdParty/NiceVibrations/Feedbacks/MMF_NVContinuous.cs	Assets/Scripts/ThirdParty/Feel/MMFeedbacks/MMFeedbacksForThirdParty/NiceVibrations/Feedbacks/MMF_NVContinuous.cs
removed-demo	1a197a36b1e09c44cb1d60ee4ceec601	Assets/Feel/FeelDemos/Barbarians/Sounds/FeelBarbariansGrunt3.wav	
removed-demo	19eca7f53da25a449aac3ba04baf56d0	Assets/Feel/FeelDemos/Snake/Sounds/FeelSnakeBrass3.wav	
retained-guid	bb9fd307ae590c649a39344a277d14ad	Assets/Feel/MMFeedbacks/MMFeedbacks/Feedbacks/MMF_Skybox.cs	Assets/Scripts/ThirdParty/Feel/MMFeedbacks/MMFeedbacks/Feedbacks/MMF_Skybox.cs
removed-demo	e59a805842af2a24982e38cd27e3ea69	Assets/Feel/MMFeedbacks/Demos/MMFeedbacksDemo/Sounds/MMFeedbacksDemoJump.wav	
retained-guid	9b821aa41cbf734458af19d8c6507e92	Assets/Feel/MMFeedbacks/MMFeedbacks/Shakers/MMRotationShaker.cs	Assets/Scripts/ThirdParty/Feel/MMFeedbacks/MMFeedbacks/Shakers/MMRotationShaker.cs
removed-demo	1815c65852fa2fe468997b942f0321d8	Assets/Feel/FeelDemos/Brass/Materials/FeelBrassClothes.mat	
retained-guid	979e16096485bd645b1d47e00aabc982	Assets/Feel/MMFeedbacks/MMFeedbacksForThirdParty/HDRP/Feedbacks/MMF_Bloom_HDRP.cs	Assets/Scripts/ThirdParty/Feel/MMFeedbacks/MMFeedbacksForThirdParty/HDRP/Feedbacks/MMF_Bloom_HDRP.cs
removed-demo	b0b6bf001722eb242a5aaa4ed9dbe251	Assets/Feel/MMFeedbacks/Demos/SequencingDemo/Sounds/Kit/MMSequencingCrash1.wav	
retained-guid	ad7325dd3fb876645bde2dd9d0691993	Assets/Feel/MMTools/Accessories/MMShaders/MM2DReflection.shader	Assets/Art/Shaders/Feel/MMTools/Accessories/MMShaders/MM2DReflection.shader
retained-guid	d68394ff0deaba948873307b5fe5a801	Assets/Feel/MMFeedbacks/MMFeedbacksForThirdParty/Cinemachine/Shakers/MMCinemachineFieldOfViewShaker.cs	Assets/Scripts/ThirdParty/Feel/MMFeedbacks/MMFeedbacksForThirdParty/Cinemachine/Shakers/MMCinemachineFieldOfViewShaker.cs
retained-guid	6f57413f575191641b987d9d04e61e3a	Assets/Feel/MMFeedbacks/Editor/Sequencing/MMSequencerEditor.cs	Assets/Scripts/ThirdParty/Feel/MMFeedbacks/Editor/Sequencing/MMSequencerEditor.cs
retained-guid	9e07de691a1179d4c8fc231dc7dcf219	Assets/Feel/MMTools/Accessories/MMMovement/MMPathMovement/MMPathMovement.cs	Assets/Scripts/ThirdParty/Feel/MMTools/Accessories/MMMovement/MMPathMovement/MMPathMovement.cs
retained-guid	6875477705097214296780853d481a87	Assets/Feel/MMTools/Accessories/MMGUI/MMRadialProgressBar.cs	Assets/Scripts/ThirdParty/Feel/MMTools/Accessories/MMGUI/MMRadialProgressBar.cs
removed-demo	ab92d78e7b8ec184e807821ca0e00568	Assets/Feel/MMTools/Demos/MMTween/Prefabs/PlotterAxisCanvas.prefab	
retained-guid	c379ef0fb8ae144a5b0a0b1d0c02d125	Assets/Feel/MMTools/Foundation/MMAchievements/Sprites/AchievementBackgroundUnlocked.png	Assets/Art/Textures/Feel/MMTools/Foundation/MMAchievements/Sprites/AchievementBackgroundUnlocked.png
removed-demo	21896ba3ac38b4ae99d5dca706ab412d	Assets/Feel/NiceVibrations/HapticSamples/ApplicationUX/Button4.wav	
retained-guid	35d5d4d43a5ca4147b2488524fbe815e	Assets/Feel/MMTools/Core/MMSaveLoad/IMMPersistent.cs	Assets/Scripts/ThirdParty/Feel/MMTools/Core/MMSaveLoad/IMMPersistent.cs
retained-guid	cfb03c2bcbc7bd64fbf6cc6081b9c441	Assets/Feel/MMTools/Core/MMSingletons/MMReferencedScriptableObject.cs	Assets/Scripts/ThirdParty/Feel/MMTools/Core/MMSingletons/MMReferencedScriptableObject.cs
retained-guid	4cafaf96adab44845be91a12c573cf50	Assets/Feel/MMFeedbacks/MMFeedbacksForThirdParty/PostProcessing/Springs/MMSpringColorGradingSaturation.cs	Assets/Scripts/ThirdParty/Feel/MMFeedbacks/MMFeedbacksForThirdParty/PostProcessing/Springs/MMSpringColorGradingSaturation.cs
retained-guid	d179f1ca35fc44c4fb760f847e59aa88	Assets/Feel/MMTools/Foundation/MMGhostCamera/MMGhostCamera.cs	Assets/Scripts/ThirdParty/Feel/MMTools/Foundation/MMGhostCamera/MMGhostCamera.cs
removed-demo	258ed6cefda52ae4baa4246f22ab1033	Assets/Feel/FeelDemos/Snake/Materials/FeelSnakeEmissiveSprite.mat	
retained-guid	49fca3db2731cab418491d2611d6577b	Assets/Feel/MMFeedbacks/MMFeedbacks/Springs/Springs/MMSpringTMPSoftness.cs	Assets/Scripts/ThirdParty/Feel/MMFeedbacks/MMFeedbacks/Springs/Springs/MMSpringTMPSoftness.cs
removed-demo	1357053dfd2d25f4f82dee8f42cfe508	Assets/Feel/FeelDemos/Snake/Sounds/FeelSnakePianoBass2.wav	
retained-guid	506d62157a9f2474f92cb4abb6666090	Assets/Feel/MMFeedbacks/MMFeedbacks/Feedbacks/MMF_VideoPlayer.cs	Assets/Scripts/ThirdParty/Feel/MMFeedbacks/MMFeedbacks/Feedbacks/MMF_VideoPlayer.cs
removed-demo	d46584e29cf96024bb7b73412d86b0a0	Assets/Feel/FeelDemos/SquashAndStretch/Materials/FeelSquashAndStretchCarBodyRed.mat	
removed-demo	6b045d86234fb62479b688760e514f43	Assets/Feel/FeelDemos/Blob/Models/FeelBlobModel.obj	
retained-guid	b950a5ce764708a4ca0425a952fce75f	Assets/Feel/MMTools/Accessories/MMDebugMenu/Scripts/MMDebugMenuData.cs	Assets/Scripts/ThirdParty/Feel/MMTools/Accessories/MMDebugMenu/Scripts/MMDebugMenuData.cs
removed-demo	c3adaa8e8b2579a4aad868db4b1ea7d4	Assets/Feel/FeelDemos/Wheel/Materials/FeelWheelGround.mat	
removed-demo	b97c6877bf679024cbe9fda80e50a467	Assets/Feel/NiceVibrations/Demo/DemoAssets/WobbleDemo/Animations/WobbleIdle.anim	
removed-demo	079c6b7cc9d52094da2a7281f45fc0b0	Assets/Feel/MMTools/Demos/MMTween/Materials/MMPlotterPointMaterial 11.mat	
removed-demo	fafb36cf7b1ae455cb46b5f952075a53	Assets/Feel/NiceVibrations/HapticSamples/ApplicationUX/Beep1.haptic	
retained-guid	14c18eda2751dd04ba846546118f8d97	Assets/Feel/MMFeedbacks/MMFeedbacksForThirdParty/MMTools/Feedbacks/MMF_MMSoundManagerSoundFade.cs	Assets/Scripts/ThirdParty/Feel/MMFeedbacks/MMFeedbacksForThirdParty/MMTools/Feedbacks/MMF_MMSoundManagerSoundFade.cs
retained-guid	563d63a1a6da33c43a2b5c5a9e398c0f	Assets/Feel/MMTools/Accessories/MMPrototypeTextures/Textures/MMProtoTextures/MMProtoTextures_GreenFrame.png	Assets/Art/Textures/Feel/MMTools/Accessories/MMPrototypeTextures/Textures/MMProtoTextures/MMProtoTextures_GreenFrame.png
retained-guid	2082a521ddffd7144aca9043d2728a9a	Assets/Feel/MMFeedbacks/MMFeedbacks/Springs/Springs/MMSpringTMPFontSize.cs	Assets/Scripts/ThirdParty/Feel/MMFeedbacks/MMFeedbacks/Springs/Springs/MMSpringTMPFontSize.cs
retained-guid	5fc9302e06a3ad240a410b9264fd8e56	Assets/Feel/MMTools/Core/MMSceneLoading/Scripts/Managers/MMSceneLoadingManager.cs	Assets/Scripts/ThirdParty/Feel/MMTools/Core/MMSceneLoading/Scripts/Managers/MMSceneLoadingManager.cs
retained-guid	4fb9c8af0fcd0514e89d35554b6cae77	Assets/Feel/MMTools/Accessories/MMVision/MMConeOfVision.cs	Assets/Scripts/ThirdParty/Feel/MMTools/Accessories/MMVision/MMConeOfVision.cs
removed-demo	75a992fcf5463da409d5af25b9f20e6f	Assets/Feel/FeelDemos/SquashAndStretch/Materials/FeelSquashAndStretchCarHeadlights.mat	
removed-demo	751891f393c11814b8e2fcd364e19f05	Assets/Feel/FeelDemos/Barbarians/Materials/FeelBarbarianTopDownMountains.mat	
removed-demo	05308c4aa64da4ba2ab52866c1733bea	Assets/Feel/NiceVibrations/HapticSamples/SoundFX/Boost1.haptic	
retained-guid	c89376b60a9ff4b4d922b8d35778d386	Assets/Feel/MMTools/Core/MMSaveLoad/MMPersistenceDataStructures.cs	Assets/Scripts/ThirdParty/Feel/MMTools/Core/MMSaveLoad/MMPersistenceDataStructures.cs
retained-guid	d19e7892e1d87fb4fb8433ec887fb8cc	Assets/Feel/MMTools/Accessories/MMPrototypeTextures/MMBRP_Materials/MMBPR_GreenDots.mat	Assets/Art/Materials/Feel/MMTools/Accessories/MMPrototypeTextures/MMBRP_Materials/MMBPR_GreenDots.mat
removed-demo	2baaedc146e662a409f550424975eadc	Assets/Feel/FeelDemos/Barbarians/Models/Materials/Leaves.mat	
removed-demo	ca7e829e9f876ea4a95a4edad95deb8e	Assets/Feel/FeelDemos/Barbarians/Sounds/FeelBarbariansGrunt1.wav	
retained-guid	7cd42026e6a9da7479e4c826b64a4df9	Assets/Feel/MMTools/Foundation/Editor/MMAI/AIBrainEditor.cs	Assets/Scripts/ThirdParty/Feel/MMTools/Foundation/Editor/MMAI/AIBrainEditor.cs
retained-guid	21b28f3ee4b3c13408ed85c229008f40	Assets/Feel/MMTools/Accessories/MMShaders/MMSkybox.shader	Assets/Art/Shaders/Feel/MMTools/Accessories/MMShaders/MMSkybox.shader
removed-demo	8e983a233b16b3a42ae42643b835e7e0	Assets/Feel/MMFeedbacks/Demos/SequencingDemo/Textures/PaintedMetal02_nrm.png	
removed-demo	7307a36212ef9734897aaaca7fa0bcce	Assets/Feel/FeelDemos/Duck/Sprites/FeelDuckBackground.png	
retained-guid	eef8a54b228d3d148b605064c04e66a4	Assets/Feel/MMTools/Accessories/Editor/MMMaintenance/MMCleanEmptyFolders.cs	Assets/Scripts/ThirdParty/Feel/MMTools/Accessories/Editor/MMMaintenance/MMCleanEmptyFolders.cs
retained-guid	0448ffbb2d259c74496e9252af0411b6	Assets/Feel/MMTools/Accessories/MMVFX/MMBloomDirt/MMBloomDirt3.png	Assets/Art/Textures/Feel/MMTools/Accessories/MMVFX/MMBloomDirt/MMBloomDirt3.png
retained-guid	09b9adc13f8d756438e4b01f706efbc1	Assets/Feel/MMTools/Core/MMHelpers/MMCircularList.cs	Assets/Scripts/ThirdParty/Feel/MMTools/Core/MMHelpers/MMCircularList.cs
removed-demo	93f81efbdad4ade4c9c4b6b83eae7e4b	Assets/Feel/FeelDemos/Brass/Audio/FeelBrassBackgroundMusic.wav	
retained-guid	06b0ed03b4a01634c8b5eb55bc95df8d	Assets/Feel/MMTools/Accessories/MMPrototypeTextures/MMBRP_Materials/MMBPR_LightGreyDots.mat	Assets/Art/Materials/Feel/MMTools/Accessories/MMPrototypeTextures/MMBRP_Materials/MMBPR_LightGreyDots.mat
removed-demo	4267b36b1ce8c4beebe7ef729212f7a8	Assets/Feel/NiceVibrations/HapticSamples/Impacts/ImpactMetal1.wav	
retained-guid	94cfa935aa4cff74a9451b22cb7627a6	Assets/Feel/MMTools/Accessories/MMDebugMenu/Prefabs/MMDebugMenuDebugPanel.prefab	Assets/Art/Prefabs/Feel/MMTools/Accessories/MMDebugMenu/Prefabs/MMDebugMenuDebugPanel.prefab
retained-guid	de1ae83f81ca8aa4ea1a8f2fa8b5a8b2	Assets/Feel/MMFeedbacks/Editor/Springs/MMSpringFloatPropertyDrawer.cs	Assets/Scripts/ThirdParty/Feel/MMFeedbacks/Editor/Springs/MMSpringFloatPropertyDrawer.cs
removed-demo	db63c47d34243b3409d0e6721360c701	Assets/Feel/FeelDemos/Snake/Materials/FeelSnakeEatParticlesMaterial.mat	
removed-demo	e31f163695c152544942f429e624a8ca	Assets/Feel/FeelDemos/GettingStartedTutorial/PostProcessing/FeelGettingStartedTutorial PostProcessingProfile.asset	
removed-demo	8efb9c5cb7c29a7409a78be182c20b05	Assets/Feel/FeelDemos/Snake/Sprites/FeelSnakeBackground.png	
removed-demo	66a13f4585b64ee4b9a67b5ddd3f580b	Assets/Feel/FeelDemos/Brass/Materials/FeelBrassSkybox.mat	
retained-guid	8274e1a60f17f4e4890fc0814db5e357	Assets/Feel/MMTools/Accessories/MMPrototypeTextures/Textures/MMProtoTextures/MMProtoTextures_DarkGreyDots.png	Assets/Art/Textures/Feel/MMTools/Accessories/MMPrototypeTextures/Textures/MMProtoTextures/MMProtoTextures_DarkGreyDots.png
removed-demo	9e5118926b9b04bcaba882035f4b5a18	Assets/Feel/NiceVibrations/HapticSamples/Weapons/SniperFire1.wav	
retained-guid	5cc2d50cc470a8b448cb93411e66d069	Assets/Feel/MMTools/Accessories/MMActivation/MMTriggerAndCollisionFilter.cs	Assets/Scripts/ThirdParty/Feel/MMTools/Accessories/MMActivation/MMTriggerAndCollisionFilter.cs
retained-guid	d02d555b253bdc24e98b4e6bc088c59c	Assets/Feel/MMFeedbacks/MMFeedbacks/Feedbacks/MMF_AudioSourceVolume.cs	Assets/Scripts/ThirdParty/Feel/MMFeedbacks/MMFeedbacks/Feedbacks/MMF_AudioSourceVolume.cs
retained-guid	6f494035fcb1bd449ba11daf0b0280f2	Assets/Feel/MMFeedbacks/MMFeedbacksForThirdParty/UIToolkit/Feedbacks/MMF_UIToolkitClass.cs	Assets/Scripts/ThirdParty/Feel/MMFeedbacks/MMFeedbacksForThirdParty/UIToolkit/Feedbacks/MMF_UIToolkitClass.cs
removed-demo	d05787702efa92742a8128bf4f72413c	Assets/Feel/MMTools/Demos/MMTween/Fonts/Lato/TTF/Lato-BlackItalic.ttf	
removed-demo	951e6016e88484541a929729cf4d3770	Assets/Feel/FeelDemos/Springs/Materials/FeelSpringsTalkingTreesSky.mat	
retained-guid	d9b44209469b244478c826d3b44489d5	Assets/Feel/MMTools/Accessories/MMCurves/Plotter/MMPlotter.cs	Assets/Scripts/ThirdParty/Feel/MMTools/Accessories/MMCurves/Plotter/MMPlotter.cs
removed-demo	a9441784149b3412aa2800f86d9a0647	Assets/Feel/NiceVibrations/HapticSamples/Music/Cymbal1.wav	
retained-guid	11a82a4f9d8826e43b281ce3d781d6f4	Assets/Feel/MMTools/Core/MMSceneLoading/Scripts/Managers/MMSceneLoadingAntiSpill.cs	Assets/Scripts/ThirdParty/Feel/MMTools/Core/MMSceneLoading/Scripts/Managers/MMSceneLoadingAntiSpill.cs
removed-demo	bf5e4b668334cb04282cd8a30200b42c	Assets/Feel/NiceVibrations/Demo/DemoAssets/BallDemo/Scripts/BallPusher.cs	
removed-demo	a6279a0665b96ba44957b1db2909ad8c	Assets/Feel/MMFeedbacks/Demos/SequencingDemo/Textures/Chip03_met.png	
retained-guid	8bcf466015f0b254893ff0208fccf90f	Assets/Feel/MMFeedbacks/Editor/Core/MMF_PlayerConfiguration.cs	Assets/Scripts/ThirdParty/Feel/MMFeedbacks/Editor/Core/MMF_PlayerConfiguration.cs
removed-demo	6c4b3165b37dc7046901fc3d4a0fcce5	Assets/Feel/NiceVibrations/Demo/Common/Fonts/RobotoMono-Medium.ttf	
removed-demo	161d4f467023fbd478eb9f9fd2b7fd4e	Assets/Feel/FeelDemos/Strike/StrikeURP/FeelStrikeLightingData.asset	
retained-guid	bba9508cc683bc449975959a80f4ac6d	Assets/Feel/MMFeedbacks/MMFeedbacksForThirdParty/HDRP/Springs/MMSpringChromaticAberrationIntensity_HDRP.cs	Assets/Scripts/ThirdParty/Feel/MMFeedbacks/MMFeedbacksForThirdParty/HDRP/Springs/MMSpringChromaticAberrationIntensity_HDRP.cs
retained-guid	c6a00a894837bd744b10fbeb03d1287b	Assets/Feel/MMFeedbacks/MMFeedbacks/Springs/Springs/MMSpringAnimatorSpeed.cs	Assets/Scripts/ThirdParty/Feel/MMFeedbacks/MMFeedbacks/Springs/Springs/MMSpringAnimatorSpeed.cs
removed-demo	7404a4198038588438ed7afd038bd8c0	Assets/Feel/MMFeedbacks/Demos/SequencingDemo/SequencerDemo.unity	
removed-demo	358b5d9f23bc9413e87c9948acc67ee1	Assets/Feel/MMTools/Demos/MMControls/Sprites/MMControlsDemoSpritesheet.png	
removed-demo	4f1ecdc9ae5a08f449477a5d324e2a24	Assets/Feel/FeelDemosHDRP/Falcon/Materials/FeelFalconLightsRed.mat	
removed-demo	2f5e8b6a048334226a6f0e74aa86b882	Assets/Feel/NiceVibrations/HapticSamples/Objects/Cash2.haptic	
retained-guid	047a03483b611234e98bb00d93390155	Assets/Feel/MMFeedbacks/MMFeedbacksForThirdParty/MMTools/Feedbacks/MMF_RectTransformPivot.cs	Assets/Scripts/ThirdParty/Feel/MMFeedbacks/MMFeedbacksForThirdParty/MMTools/Feedbacks/MMF_RectTransformPivot.cs
retained-guid	01b19754f5c052d4096f67cfce76eb7f	Assets/Feel/MMFeedbacks/MMFeedbacksForThirdParty/URP/Springs/MMSpringColorAdjustmentsHueShift_URP.cs	Assets/Scripts/ThirdParty/Feel/MMFeedbacks/MMFeedbacksForThirdParty/URP/Springs/MMSpringColorAdjustmentsHueShift_URP.cs
removed-demo	f5bf8e6ef9d17d74babbfaba2e66a877	Assets/Feel/FeelDemos/Springs/Materials/FeelSpringsUnlitYellowDots.mat	
retained-guid	c3a9753eaf81ae04aa91936d315f19f6	Assets/Feel/MMFeedbacks/MMFeedbacks/Feedbacks/MMF_AudioFilterEcho.cs	Assets/Scripts/ThirdParty/Feel/MMFeedbacks/MMFeedbacks/Feedbacks/MMF_AudioFilterEcho.cs
retained-guid	2838524600839f84591c1d8a457b2176	Assets/Feel/MMFeedbacks/MMFeedbacksForThirdParty/Cinemachine/Feedbacks/MMF_CinemachineTransition.cs	Assets/Scripts/ThirdParty/Feel/MMFeedbacks/MMFeedbacksForThirdParty/Cinemachine/Feedbacks/MMF_CinemachineTransition.cs
removed-demo	d9dd7ddf844bda743a03b85e7550a9d8	Assets/Feel/FeelDemos/Brass/Animations/FeelTactical@Turn.fbx	
removed-demo	f8197940c8b4cfd44a3335b29f6d32e5	Assets/Feel/FeelDemos/SquashAndStretch/Materials/FeelSquashAndStretchCarWheels.mat	
removed-demo	221d87edacf709743833bfe5bcc7899a	Assets/Feel/FeelDemosHDRP/Falcon/Materials/FeelFalconMMLogo.mat	
removed-demo	fe42c8b526e77e54ab91d0590272d9e8	Assets/Feel/NiceVibrations/Demo/DemoAssets/RegularPresetsDemo/Sprites/RegularPresetsIcons.png	
retained-guid	96fdc4f00baddf6498aa5cfe735a2321	Assets/Feel/MMTools/Accessories/MMTilemaps/MMTilemapShadow.cs	Assets/Scripts/ThirdParty/Feel/MMTools/Accessories/MMTilemaps/MMTilemapShadow.cs
retained-guid	eba8f600b11482740a9ae555e6cd1ea9	Assets/Feel/MMFeedbacks/MMFeedbacks/Feedbacks/MMF_Collider.cs	Assets/Scripts/ThirdParty/Feel/MMFeedbacks/MMFeedbacks/Feedbacks/MMF_Collider.cs
removed-demo	6bff513a8138ee641a014b7a8b35f107	Assets/Feel/FeelDemos/Snake/Materials/FeelSnakeDemoSkybox1.mat	
retained-guid	a9bba16bb0fb2b94f972e8ffe57ba804	Assets/Feel/MMFeedbacks/MMFeedbacks/Feedbacks/MMF_RotationShake.cs	Assets/Scripts/ThirdParty/Feel/MMFeedbacks/MMFeedbacks/Feedbacks/MMF_RotationShake.cs
retained-guid	442ea5f325058dd4ea4de3499fd02cf0	Assets/Feel/MMTools/Accessories/MMVFX/MMRipple/MMRippleWaves1.mat	Assets/Art/Materials/Feel/MMTools/Accessories/MMVFX/MMRipple/MMRippleWaves1.mat
removed-demo	4b57fa6eeccefea4481b52fb8334dc99	Assets/Feel/FeelDemos/Springs/Materials/FeelSpringsTrail.mat	
removed-demo	ca22910bb1e654ebcb475de5bbf2069f	Assets/Feel/NiceVibrations/HapticSamples/Objects/SwitchMed1.wav	
removed-demo	f042cfc458c2cb3489cfb0830289d993	Assets/Feel/FeelDemos/Barbarians/Models/Materials/Wood.005.mat	
removed-demo	209e9a4250d3243b28a68f5bbbaaf25c	Assets/Feel/NiceVibrations/HapticSamples/Objects/Woodsaw2.wav	
retained-guid	4c62e684cc894124e8d7b2992e2118b1	Assets/Feel/MMTools/Accessories/MMInstantiation/MMRandomInstantiator.cs	Assets/Scripts/ThirdParty/Feel/MMTools/Accessories/MMInstantiation/MMRandomInstantiator.cs
removed-demo	a90fad83145944657936507a7a1c4ff6	Assets/Feel/NiceVibrations/Demo/DemoAssets/HapticClipsDemo/Haptics/NVTeleport.haptic	
retained-guid	dfe0b0e9e34f50b459b6c0d5c1341125	Assets/Feel/MMTools/Accessories/MMVFX/MMRipple/MMRippleCircle2.mat	Assets/Art/Materials/Feel/MMTools/Accessories/MMVFX/MMRipple/MMRippleCircle2.mat
removed-demo	ac69e1ebe9a994043b2eca1e0c3f5543	Assets/Feel/FeelDemos/SquashAndStretch/PostProcessingProfile/FeelSquashAndStretchSkyboxPostProcessingProfile_URP.asset	
retained-guid	540be5b94edd9f347bf404fe0d020285	Assets/Feel/MMTools/Core/MMTween/MMTweenDefinitions.cs	Assets/Scripts/ThirdParty/Feel/MMTools/Core/MMTween/MMTweenDefinitions.cs
removed-demo	2563bec7af20480498217ee7cd699b29	Assets/Feel/MMFeedbacks/Demos/SequencingDemo/DemoSequences/DrumSequence.asset	
removed-demo	69c5c5e06e4b97d419ad1fd8c422c7b6	Assets/Feel/MMFeedbacks/Demos/MMFeedbacksDemo/Scripts/DemoGhost.cs	
retained-guid	01d38a71c34274ee0b94de34ac7931c8	Assets/Feel/MMTools/Core/MMHelpers/MMLayers.cs	Assets/Scripts/ThirdParty/Feel/MMTools/Core/MMHelpers/MMLayers.cs
retained-guid	6e640499a55d3f348b303b7c2ce7d452	Assets/Feel/MMFeedbacks/MMFeedbacks/Sequencing/Scripts/MMFeedbacksSequencer.cs	Assets/Scripts/ThirdParty/Feel/MMFeedbacks/MMFeedbacks/Sequencing/Scripts/MMFeedbacksSequencer.cs
removed-demo	4ca9e709a65faf543a1b376009b64e12	Assets/Feel/FeelDemos/Strike/Textures/FeelStrikeArrow.png	
retained-guid	9b6f7c95fc9569f47a5b6b912da588a7	Assets/Feel/MMTools/Accessories/MMMovement/MMStayInPlace.cs	Assets/Scripts/ThirdParty/Feel/MMTools/Accessories/MMMovement/MMStayInPlace.cs
retained-guid	487bb7f14f728c74ca3bfc0020509b6b	Assets/Feel/MMTools/Core/MMAudio/MMSoundManager/MMSoundManagerTrackVolumeSlider.cs	Assets/Scripts/ThirdParty/Feel/MMTools/Core/MMAudio/MMSoundManager/MMSoundManagerTrackVolumeSlider.cs
removed-demo	9396d0fe95f11db4c99c3403ea2912be	Assets/Feel/MMFeedbacks/Demos/SequencingDemo/Textures/Fabric09_nrm.png	
removed-demo	b91f6265583fe4773aebfa75cad86a2f	Assets/Feel/NiceVibrations/HapticSamples/Footsteps/FootstepGravel3.haptic	
removed-demo	ca93e39ec7634c54b98170900fbc0b1a	Assets/Feel/FeelDemos/Snake/Sounds/FeelSnakeBrass2.wav	
removed-demo	470e816063a4bad419938b2992efcb02	Assets/Feel/FeelDemos/Snake/Materials/FeelSnakeEatParticlesDistortionMaterial.mat	
removed-demo	ed067cd4ccfcda447b0bf119397fc305	Assets/Feel/MMFeedbacks/Demos/SequencingDemo/Sounds/Kit/MMSequencingBass1.wav	
retained-guid	ebf9417587f151a47b3524335d88983e	Assets/Feel/MMFeedbacks/MMFeedbacks/Shakers/MMAudioFilterLowPassShaker.cs	Assets/Scripts/ThirdParty/Feel/MMFeedbacks/MMFeedbacks/Shakers/MMAudioFilterLowPassShaker.cs
retained-guid	612eadebc195496bb2114cdf0cc543e2	Assets/Feel/MMFeedbacks/Editor/Core/MMF_PlayerEditorSettings.cs	Assets/Scripts/ThirdParty/Feel/MMFeedbacks/Editor/Core/MMF_PlayerEditorSettings.cs
removed-demo	c6a6f0a33d034415d8d9fb7447656551	Assets/Feel/NiceVibrations/HapticSamples/SoundFX/CarScreech1.haptic	
retained-guid	21e69a8c38f55e84ea754b184697f036	Assets/Feel/MMTools/Accessories/MMProcedural/MMGridGenerators/MMGridGeneratorRandomWalkGround.cs	Assets/Scripts/ThirdParty/Feel/MMTools/Accessories/MMProcedural/MMGridGenerators/MMGridGeneratorRandomWalkGround.cs
removed-demo	04d198feac2c8154ba5ce7f03711ddad	Assets/Feel/MMTools/Demos/MMTween/Materials/MMPlotterPointMaterial 10.mat	
retained-guid	32002db2f9b16ed45ac2cfd0f37f96e4	Assets/Feel/MMTools/Core/MMSceneLoading/Scripts/Helpers/MMSceneLoadingImageProgress.cs	Assets/Scripts/ThirdParty/Feel/MMTools/Core/MMSceneLoading/Scripts/Helpers/MMSceneLoadingImageProgress.cs
removed-demo	42f6c546a723b3d4ab88b45506f17330	Assets/Feel/MMFeedbacks/Demos/SequencingDemo/Materials/SequencerChristmasTree.mat	
removed-demo	e6fd774b01b4cbd4e8230b76b6eeda5c	Assets/Feel/MMTools/Demos/MMObservable/MMObservableDemoSubject.cs	
retained-guid	00f22d9f2016ae748a57e4777184eba6	Assets/Feel/MMTools/Accessories/MMVFX/MMParticles/MMParticlesStar.png	Assets/Art/Textures/Feel/MMTools/Accessories/MMVFX/MMParticles/MMParticlesStar.png
removed-demo	cc25973bb6fc7aa439d78c4f070784ee	Assets/Feel/FeelDemos/Springs/Materials/FeelSpringsTalkingTreesEyeBlack.mat	
retained-guid	4e0304051f9f8464c9fe5ca7e5103140	Assets/Feel/MMFeedbacks/MMFeedbacksForThirdParty/URP/Helpers/MMURPHelpers.cs	Assets/Scripts/ThirdParty/Feel/MMFeedbacks/MMFeedbacksForThirdParty/URP/Helpers/MMURPHelpers.cs
removed-demo	d4d8e14e51685a04fb93fc4b5e8dd38d	Assets/Feel/MMTools/Demos/MMTween/Prefabs/Plotter.prefab	
retained-guid	eb936a4576d8f9741b8d914d47f3ccce	Assets/Feel/MMTools/Accessories/MMPrototypeTextures/MMBRP_Materials/MMBPR_GreenSquares.mat	Assets/Art/Materials/Feel/MMTools/Accessories/MMPrototypeTextures/MMBRP_Materials/MMBPR_GreenSquares.mat
removed-demo	8db0c6f80a07e4f4a8dc26eefab9cf81	Assets/Feel/NiceVibrations/HapticSamples/Objects/Hammer1.wav	
retained-guid	06ab5e1bf51197d47a2b3cb81ac38c37	Assets/Feel/MMFeedbacks/MMFeedbacks/Sequencing/Scripts/MMInputSequenceRecorder.cs	Assets/Scripts/ThirdParty/Feel/MMFeedbacks/MMFeedbacks/Sequencing/Scripts/MMInputSequenceRecorder.cs
retained-guid	7dc665c3421b61d40bd0c4c6eaab763f	Assets/Feel/MMTools/Core/MMRadio/MMProperty/MMPropertyPicker/MMPropertyEmitter.cs	Assets/Scripts/ThirdParty/Feel/MMTools/Core/MMRadio/MMProperty/MMPropertyPicker/MMPropertyEmitter.cs
retained-guid	dfdd322a582c3bc429d2350807e8a2c3	Assets/Feel/MMTools/Accessories/MMMovement/MMPreventPassingThrough2D.cs	Assets/Scripts/ThirdParty/Feel/MMTools/Accessories/MMMovement/MMPreventPassingThrough2D.cs
retained-guid	99ca21bfff9408f44bf12916ef8f4363	Assets/Feel/MMTools/Accessories/MMGizmos/MMGizmo.cs	Assets/Scripts/ThirdParty/Feel/MMTools/Accessories/MMGizmos/MMGizmo.cs
retained-guid	f54d7ad2fa8f4411e8cceb8d27f6e1ae	Assets/Feel/MMTools/Core/MMAttributes/MMReadOnlyAttribute.cs	Assets/Scripts/ThirdParty/Feel/MMTools/Core/MMAttributes/MMReadOnlyAttribute.cs
removed-demo	d0c10e574f6f1af43b3af7996a878151	Assets/Feel/MMFeedbacks/Demos/MMFeedbacksDemo/UI/Title.prefab	
removed-demo	98046261e6947b64eb462140e10a5b35	Assets/Feel/FeelDemos/Blob/Sounds/FeelBlobNote3.wav	
removed-demo	9e11aea996651f74b92e3ebc7193458a	Assets/Feel/FeelDemos/Blob/Scripts/Blob.cs	
retained-guid	bfe04c61ac8739b4eb65938198bcc344	Assets/Feel/MMFeedbacks/MMFeedbacksForThirdParty/TextMeshPro/Feedbacks/MMF_TMPWordSpacing.cs	Assets/Scripts/ThirdParty/Feel/MMFeedbacks/MMFeedbacksForThirdParty/TextMeshPro/Feedbacks/MMF_TMPWordSpacing.cs
retained-guid	da6a4f914ed52e6488c1fb9d94e8cbb0	Assets/Feel/MMTools/Accessories/MMDebugMenu/Prefabs/MMDebugMenu.prefab	Assets/Art/Prefabs/Feel/MMTools/Accessories/MMDebugMenu/Prefabs/MMDebugMenu.prefab
retained-guid	6ba4bd496d6656d4da1541ce7071ed10	Assets/Feel/MMTools/Foundation/MMAnimation/MMAnimationModifier.cs	Assets/Scripts/ThirdParty/Feel/MMTools/Foundation/MMAnimation/MMAnimationModifier.cs
retained-guid	236af7dac17a2d24ea29f240d245f2cc	Assets/Feel/MMFeedbacks/MMFeedbacks/Feedbacks/MMF_GraphicCrossFade.cs	Assets/Scripts/ThirdParty/Feel/MMFeedbacks/MMFeedbacks/Feedbacks/MMF_GraphicCrossFade.cs
removed-demo	e2611d2b291e3374a979553a9a11c752	Assets/Feel/NiceVibrations/Demo/DemoAssets/CarDemo/Sprites/NVCarWheel.png	
removed-demo	1d7e87b93dabcd74fae662c411444686	Assets/Feel/MMFeedbacks/Demos/SequencingDemo/Textures/Carpet10_rgh.png	
retained-guid	8d956ba1792f2034a94f45a349064ba1	Assets/Feel/MMFeedbacks/MMFeedbacks/Feedbacks/MMF_AudioFilterDistortion.cs	Assets/Scripts/ThirdParty/Feel/MMFeedbacks/MMFeedbacks/Feedbacks/MMF_AudioFilterDistortion.cs
retained-guid	1c44d260255c89244812b064b6bbb5ca	Assets/Feel/MMTools/Core/MMAttributes/MMEnumConditionAttribute.cs	Assets/Scripts/ThirdParty/Feel/MMTools/Core/MMAttributes/MMEnumConditionAttribute.cs
removed-demo	59e8e5c4b29ba9f4c84c3847a91fb798	Assets/Feel/FeelDemos/Strike/Sounds/FeelStrikeNoSuccess.wav	
retained-guid	fbc9fda1740ba45499291b2e305fee54	Assets/Feel/MMFeedbacks/MMFeedbacksForThirdParty/HDRP/Feedbacks/MMF_Exposure_HDRP.cs	Assets/Scripts/ThirdParty/Feel/MMFeedbacks/MMFeedbacksForThirdParty/HDRP/Feedbacks/MMF_Exposure_HDRP.cs
removed-demo	1954b894b7279ea4f81b35b6a6804737	Assets/Feel/FeelDemos/ParallaxUI/Sprites/FeelParallaxUITrees2.png	
removed-demo	a9fd44c7daf773c489b86519d261b198	Assets/Feel/MMFeedbacks/Demos/MMFeedbacksDemo/Textures/FeedbacksDemo1px.png	
removed-demo	b842d36097a784c6e9639ff0d7a42557	Assets/Feel/NiceVibrations/HapticSamples/Impacts/Concrete1.haptic	
removed-demo	8c507f67546a1f341b5028478e54fab1	Assets/Feel/MMFeedbacks/Demos/SequencingDemo/Sounds/Kit/MMSequencingNote2.wav	
retained-guid	8b50f078655cbd34fb69ee48182dbf37	Assets/Feel/MMTools/Core/MMSaveLoad/MMSaveLoadManagerMethodJsonEncrypted.cs	Assets/Scripts/ThirdParty/Feel/MMTools/Core/MMSaveLoad/MMSaveLoadManagerMethodJsonEncrypted.cs
removed-demo	38f5693b1687aa2458a05a72aaf11a4a	Assets/Feel/FeelDemos/Barbarians/Materials/FeelBarbarianTopDownLeaves.mat	
removed-demo	2b230f5d89c034cebb5c6f0ca5e2673f	Assets/Feel/NiceVibrations/HapticSamples/Objects/Pen1.haptic	
removed-demo	4f695319e626b31488c89d7236767b38	Assets/Feel/MMFeedbacks/Demos/SequencingDemo/Sounds/Kit/MMSequencingHat1.wav	
retained-guid	5f57c110c89ccd542abda3719c5818ae	Assets/Feel/MMTools/Accessories/MMVFX/MMRamps/MMRamp7.png	Assets/Art/Textures/Feel/MMTools/Accessories/MMVFX/MMRamps/MMRamp7.png
retained-guid	9377959c627301448afdcf8613b13e77	Assets/Feel/MMFeedbacks/Editor/Core/UIToolkit/MMF_PlayerEditorUITKStyleSheet_FeedbacksList.uss	Assets/Scripts/ThirdParty/Feel/MMFeedbacks/Editor/Core/UIToolkit/MMF_PlayerEditorUITKStyleSheet_FeedbacksList.uss
retained-guid	d41f8597443038548a1310dde6bd3dc9	Assets/Feel/NiceVibrations/Helpers/AudioToHapticConverter.cs	Assets/Scripts/ThirdParty/Feel/NiceVibrations/Helpers/AudioToHapticConverter.cs
retained-guid	917c0ac4eae5a1242b4e00cc4381eba1	Assets/Feel/MMFeedbacks/MMFeedbacks/Feedbacks/MMF_Particles.cs	Assets/Scripts/ThirdParty/Feel/MMFeedbacks/MMFeedbacks/Feedbacks/MMF_Particles.cs
retained-guid	037cbc62bd5d73b4fa2ca5ae37aba2da	Assets/Feel/MMFeedbacks/MMFeedbacks/Feedbacks/MMF_Wiggle.cs	Assets/Scripts/ThirdParty/Feel/MMFeedbacks/MMFeedbacks/Feedbacks/MMF_Wiggle.cs
retained-guid	0cd67bde1f024644d937e76c898ff1c0	Assets/Feel/MMTools/Foundation/MMTime/MMCooldown.cs	Assets/Scripts/ThirdParty/Feel/MMTools/Foundation/MMTime/MMCooldown.cs
removed-demo	491852d310a6a4ebd8eadfe9e1eb5712	Assets/Feel/NiceVibrations/HapticSamples/Weapons/ShotgunLoad2.haptic	
removed-demo	e0fc9e42b93cafb49903ae27c9cb0d9c	Assets/Feel/MMTools/Demos/MMTween/Fonts/Lato/TTF/Lato-Italic.ttf	
removed-demo	bc7ce4047ce2379458802feab2187207	Assets/Feel/FeelDemosHDRP/Falcon/Materials/FeelFalconSmoke3.mat	
removed-demo	258c394ac74b1bb4fb88f513e7dec4b1	Assets/Feel/FeelDemos/Strike/Materials/FeelStrikeBallInside.mat	
retained-guid	8ad986206bb726846a202cfdedd282dc	Assets/Feel/MMTools/Core/MMPropertyControllers/ShaderController.cs	Assets/Scripts/ThirdParty/Feel/MMTools/Core/MMPropertyControllers/ShaderController.cs
removed-demo	654d169c76f317c459a7fc6530e3ada0	Assets/Feel/MMFeedbacks/Demos/SequencingDemo/Textures/Fabric09_mask2.png	
retained-guid	3d82c3eb70c39c44faf5889b222def4b	Assets/Feel/MMTools/Accessories/MMMovement/MMPositionRecorder.cs	Assets/Scripts/ThirdParty/Feel/MMTools/Accessories/MMMovement/MMPositionRecorder.cs
removed-demo	f21b8aa019c25474fb2e94a55d49fe6f	Assets/Feel/FeelDemos/Springs/Audio/FeelSpringsTreeTalk3.wav	
removed-demo	4c1fed00d51304ffbbcd07464f90b37d	Assets/Feel/NiceVibrations/Demo/DemoAssets/HapticClipsDemo/Haptics/NVGameOver.haptic	
removed-demo	c2b4e4ca36b66964ba27851a56ed512f	Assets/Feel/FeelDemos/Duck/PostProcessing/FeelDuckPostProcessing_URP.asset	
removed-demo	bc8515b2736d340359b4c718c4f565ed	Assets/Feel/NiceVibrations/Demo/DemoAssets/HapticClipsDemo/Haptics/NVHeartbeats.haptic	
retained-guid	4627644fa4929f64a92e4d63b3a1a95e	Assets/Feel/MMTools/Foundation/MMLoot/MMLootTableGameObjectSO.cs	Assets/Scripts/ThirdParty/Feel/MMTools/Foundation/MMLoot/MMLootTableGameObjectSO.cs
retained-guid	97e17950a649fa84189ca3446539280b	Assets/Feel/MMFeedbacks/MMFeedbacksForThirdParty/URP/Shakers/MMAutoFocus_URP.cs	Assets/Scripts/ThirdParty/Feel/MMFeedbacks/MMFeedbacksForThirdParty/URP/Shakers/MMAutoFocus_URP.cs
retained-guid	6112045d35430d84797f5786482c0129	Assets/Feel/MMFeedbacks/MMFeedbacks/Feedbacks/MMF_AudioFilterLowPass.cs	Assets/Scripts/ThirdParty/Feel/MMFeedbacks/MMFeedbacks/Feedbacks/MMF_AudioFilterLowPass.cs
removed-demo	d2074b5a570d0d8468ff08e9cb7de3ac	Assets/Feel/NiceVibrations/Demo/DemoAssets/HapticClipsDemo/Sounds/NVReload.wav	
retained-guid	5d158a0f06b330445acc858c5a32a269	Assets/Feel/MMTools/Accessories/MMPrototypeTextures/Textures/MMProtoTextures/MMProtoTextures_LightGreyCrosses.png	Assets/Art/Textures/Feel/MMTools/Accessories/MMPrototypeTextures/Textures/MMProtoTextures/MMProtoTextures_LightGreyCrosses.png
retained-guid	9eae953b5ed4b564e8df2a362aa9ebc1	Assets/Feel/MMTools/Accessories/MMVFX/MMParticles/MMParticlesFlare.png	Assets/Art/Textures/Feel/MMTools/Accessories/MMVFX/MMParticles/MMParticlesFlare.png
removed-demo	9c0dc5f873bf5f0408db5b316cac722c	Assets/Feel/MMFeedbacks/Demos/MMFeedbacksDemo/Camera/MMFeedbacksDemo Alt Camera Profile.asset	
removed-demo	bad6c0f0bf6c3aa4690d400a757fa284	Assets/Feel/FeelDemos/Wheel/Animation/FeelWheelDust.png	
retained-guid	ed3e1ef7541c2d7439c23e2e5f185b96	Assets/Feel/MMFeedbacks/MMFeedbacks/Shakers/MMAudioSourceStereoPanShaker.cs	Assets/Scripts/ThirdParty/Feel/MMFeedbacks/MMFeedbacks/Shakers/MMAudioSourceStereoPanShaker.cs
retained-guid	0dc617b01bf230943a22cac5dec24291	Assets/Feel/MMFeedbacks/MMFeedbacksForThirdParty/MMTools/Feedbacks/MMF_Fade.cs	Assets/Scripts/ThirdParty/Feel/MMFeedbacks/MMFeedbacksForThirdParty/MMTools/Feedbacks/MMF_Fade.cs
retained-guid	fcada72f36389ee498301db873e7cd1a	Assets/Feel/MMFeedbacks/MMFeedbacks/Springs/Springs/MMSpringPosition.cs	Assets/Scripts/ThirdParty/Feel/MMFeedbacks/MMFeedbacks/Springs/Springs/MMSpringPosition.cs
removed-demo	4390a50a4288c4340846c0d6e9f0db54	Assets/Feel/FeelDemos/Toaster/Materials/FeelToasterBodyMaterial.mat	
retained-guid	65443987bd9048f408777b8d8f4c1994	Assets/Feel/MMTools/Core/MMRadio/MMRadioSignal/MMRadioSignalGenerator.cs	Assets/Scripts/ThirdParty/Feel/MMTools/Core/MMRadio/MMRadioSignal/MMRadioSignalGenerator.cs
retained-guid	1069bbd270ccb95489ac88d734abbf9e	Assets/Feel/MMTools/Core/MMSingletons/MMPersistentHumbleSingleton.cs	Assets/Scripts/ThirdParty/Feel/MMTools/Core/MMSingletons/MMPersistentHumbleSingleton.cs
retained-guid	28fbd4d56656345f4ba40f7e4d786fb1	Assets/Feel/MMTools/Core/Editor/MMAttributes/MMMenuHelp.cs	Assets/Scripts/ThirdParty/Feel/MMTools/Core/Editor/MMAttributes/MMMenuHelp.cs
removed-demo	f24e8159953ef44feb8ca992ccd1d60a	Assets/Feel/NiceVibrations/HapticSamples/Impacts/ImpactMetal1.haptic	
retained-guid	ede43f27f84b01545832f1dee8880684	Assets/Feel/MMFeedbacks/MMFeedbacks/Sequencing/Scripts/MMAudioSourceSequencer.cs	Assets/Scripts/ThirdParty/Feel/MMFeedbacks/MMFeedbacks/Sequencing/Scripts/MMAudioSourceSequencer.cs
removed-demo	eee93e998efe24806a8ee64a4be7a67a	Assets/Feel/NiceVibrations/HapticSamples/ApplicationUX/Button3.wav	
retained-guid	24c2aeb149cc5a640a406cfe9255b64e	Assets/Feel/MMFeedbacks/MMFeedbacksForThirdParty/URP/Springs/MMSpringDepthOfFieldFocalLength_URP.cs	Assets/Scripts/ThirdParty/Feel/MMFeedbacks/MMFeedbacksForThirdParty/URP/Springs/MMSpringDepthOfFieldFocalLength_URP.cs
removed-demo	cd7389307e3d90e4c91b9686c3196036	Assets/Feel/FeelDemos/Snake/Prefabs/SnakeFood.prefab	
retained-guid	ab8af48f1aee1a64cb6d29e1d9b03029	Assets/Feel/MMTools/Core/MMStateMachine/MMStateMachine.cs	Assets/Scripts/ThirdParty/Feel/MMTools/Core/MMStateMachine/MMStateMachine.cs
retained-guid	168f80e4ec8a4314c8ca506740626021	Assets/Feel/MMTools/Accessories/MMUtilities/MMScreenshot.cs	Assets/Scripts/ThirdParty/Feel/MMTools/Accessories/MMUtilities/MMScreenshot.cs
removed-demo	54efb97d537ea6d4385466bad68ea3c1	Assets/Feel/FeelDemosHDRP/Falcon/FalconHDRP/FeelFalconLightingData.asset	
retained-guid	e5d6c0f2232e3b149b9e1b618c6f9592	Assets/Feel/MMFeedbacks/MMFeedbacksForThirdParty/URP/Feedbacks/MMF_ChromaticAberration_URP.cs	Assets/Scripts/ThirdParty/Feel/MMFeedbacks/MMFeedbacksForThirdParty/URP/Feedbacks/MMF_ChromaticAberration_URP.cs
removed-demo	b2fccabcb9892894a8720b37575d77ad	Assets/Feel/MMFeedbacks/Demos/MMFeedbacksDemo/Models/Dude/MMFeedbackDemoDude@Idle.fbx	
removed-demo	bf574f3f4b3c4624c932ee08d6712ad4	Assets/Feel/FeelDemos/Blob/PostProcessing/FeelBlobPostProcessing Profile_URP.asset	
retained-guid	58d4ed86ac16c7e4eb26fd09e09f3d27	Assets/Feel/MMTools/Accessories/MMVFX/MMBrushes/MMBrush4.png	Assets/Art/Textures/Feel/MMTools/Accessories/MMVFX/MMBrushes/MMBrush4.png
removed-demo	64105d8dccbbd1a4690105ead36bd9ae	Assets/Feel/FeelDemos/Strike/Materials/FeelStrikeArrow.mat	
retained-guid	d8ab561ba77c94d3fafd05ffde7d9f7c	Assets/Feel/MMTools/Foundation/MMAchievements/Scripts/MMAchievementEvent.cs	Assets/Scripts/ThirdParty/Feel/MMTools/Foundation/MMAchievements/Scripts/MMAchievementEvent.cs
retained-guid	0cd46e2eb52b6f14aaed1ac0024deeeb	Assets/Feel/MMFeedbacks/MMFeedbacksForThirdParty/PostProcessing/Springs/MMSpringColorGradingHueShift.cs	Assets/Scripts/ThirdParty/Feel/MMFeedbacks/MMFeedbacksForThirdParty/PostProcessing/Springs/MMSpringColorGradingHueShift.cs
retained-guid	65772fc08a0d9314f86205390e1e772d	Assets/Feel/MMTools/Accessories/MMDebugMenu/Scripts/MMDebugMenu.cs	Assets/Scripts/ThirdParty/Feel/MMTools/Accessories/MMDebugMenu/Scripts/MMDebugMenu.cs
removed-demo	8593f29a23bc7d04f9cae3262bb303c4	Assets/Feel/FeelDemos/Barbarians/Materials/FeelBarbariansSkybox.mat	
retained-guid	2ecc4eef08bef7d4083406f284c093d8	Assets/Feel/MMTools/Demos/MMTween/Fonts/Lato/SDF/Lato-MediumItalic SDF.asset	Assets/Data/Feedback/Feel/MMTools/Demos/MMTween/Fonts/Lato/SDF/Lato-MediumItalic SDF.asset
removed-demo	0e40f98e11e954b7b9ff01db701357e9	Assets/Feel/NiceVibrations/HapticSamples/Music/Tom2.haptic	
retained-guid	0bcfac83087655f42bcb7a42d7d02f05	Assets/Feel/MMFeedbacks/MMFeedbacksForThirdParty/MMTools/Feedbacks/MMF_CanvasGroup.cs	Assets/Scripts/ThirdParty/Feel/MMFeedbacks/MMFeedbacksForThirdParty/MMTools/Feedbacks/MMF_CanvasGroup.cs
removed-demo	8f85f6dc25c38dd41aa3a1e9e59239f2	Assets/Feel/FeelDemos/Barbarians/Materials/FeelBarbarianBackgroundGroundRocks.mat	
removed-demo	f0a0e30b878024715bc0e4289cdb1eaf	Assets/Feel/NiceVibrations/HapticSamples/Objects/Coins2.wav	
retained-guid	61848ed5026b644829e2fcb4a2207848	Assets/Feel/MMTools/Core/MMHelpers/MMHelpers.cs	Assets/Scripts/ThirdParty/Feel/MMTools/Core/MMHelpers/MMHelpers.cs
removed-demo	0c8ed718dcc282e418a2ec0fc86524a7	Assets/Feel/MMTools/Demos/MMGizmos/MMGizmoDemoCubeMaterial.mat	
retained-guid	462a5605cd4f4de48821603c760ce4a6	Assets/Feel/MMTools/Demos/MMTween/Fonts/Lato/TTF/Lato-Black.ttf	Assets/Art/Fonts/Feel/MMTools/Demos/MMTween/Fonts/Lato/TTF/Lato-Black.ttf
removed-demo	49d909d12efd2714f9b79de2eea67561	Assets/Feel/MMTools/Demos/MMSceneLoading/MMSceneLoadingDemoSceneA.unity	
removed-demo	08209f823dbecef4ea16c0433219f1f0	Assets/Feel/FeelDemos/Duck/Scripts/Duck.cs	
retained-guid	474936ac5716a714abf16bab43955d3d	Assets/Feel/MMFeedbacks/MMFeedbacksForThirdParty/URP/Springs/MMSpringBloomIntensity_URP.cs	Assets/Scripts/ThirdParty/Feel/MMFeedbacks/MMFeedbacksForThirdParty/URP/Springs/MMSpringBloomIntensity_URP.cs
removed-demo	ed5edcc2f2727d44aa28b64e2fc1e7a8	Assets/Feel/MMFeedbacks/Demos/SequencingDemo/Textures/Carpet10_disp.png	
retained-guid	21ce7c9bf4bb53a41a878a3326a68b3d	Assets/Feel/MMTools/Core/MMAudio/MMSoundManager/MMForceDestroyInPlayMode.cs	Assets/Scripts/ThirdParty/Feel/MMTools/Core/MMAudio/MMSoundManager/MMForceDestroyInPlayMode.cs
removed-demo	ece55c69d04bacd4092a0222f9a55ec9	Assets/Feel/FeelDemos/MMProgressBar/Materials/FeelMMProgressBarMaterial.mat	
retained-guid	dedb2bed56a01c241be42c5c5b5748ca	Assets/Feel/MMTools/Core/MMSceneLoading/LoadingScreens/MMAdditiveLoadingScreenBigText.unity	Assets/Scenes/Feel/MMTools/Core/MMSceneLoading/LoadingScreens/MMAdditiveLoadingScreenBigText.unity
removed-demo	a5cce830c10d94e848fc3ddac976fbf2	Assets/Feel/NiceVibrations/Demo/DemoAssets/HapticClipsDemo/Haptics/NVCarillon.haptic	
removed-demo	83e12bc2a9e7c466f85a0a9056f121ef	Assets/Feel/NiceVibrations/HapticSamples/Weapons/BowRelease1.wav	
removed-demo	70538f880606c8248a68f53d1fdcbf73	Assets/Feel/FeelDemos/MMSoundManager/Playlists/PlaylistA.asset	
retained-guid	c3085c8741c1bb84ca7a609f2989b7e0	Assets/Feel/MMFeedbacks/MMFeedbacksForThirdParty/TextMeshPro/Feedbacks/MMF_TMPText.cs	Assets/Scripts/ThirdParty/Feel/MMFeedbacks/MMFeedbacksForThirdParty/TextMeshPro/Feedbacks/MMF_TMPText.cs
retained-guid	f759f536b039f2b46881cfc8ea77c496	Assets/Feel/MMTools/Foundation/MMAchievements/Scripts/MMAchievementDisplayer.cs	Assets/Scripts/ThirdParty/Feel/MMTools/Foundation/MMAchievements/Scripts/MMAchievementDisplayer.cs
retained-guid	a1a494236fc81314c8aa9585a019ccdc	Assets/Feel/MMTools/Accessories/MMVFX/MMRipple/MMRippleCircle1.mat	Assets/Art/Materials/Feel/MMTools/Accessories/MMVFX/MMRipple/MMRippleCircle1.mat
removed-demo	f1ed786698a2e5f49b24320bc25df6a5	Assets/Feel/FeelDemos/Strike/Textures/FeelStrikeNormal.png	
removed-demo	ef501b816fc6d8d4da6515958af8f493	Assets/Feel/NiceVibrations/Demo/DemoAssets/HapticClipsDemo/Animations/AHAPPresetIconAnimator.controller	
removed-demo	ec60e88fd8fdc0d4caae75e367922560	Assets/Feel/MMFeedbacks/Demos/MMFeedbacksDemo/Materials/FeedbacksDemoTextMaterial.mat	
removed-demo	a6426d824ca78984bb7ee0f497de0275	Assets/Feel/MMFeedbacks/Demos/MMFeedbacksDemo/Prefabs/FeedbackDemoMiniSpheresFX.prefab	
retained-guid	8e1c231ece781884ba12b20110efeb03	Assets/Feel/MMFeedbacks/MMFeedbacksForThirdParty/UIToolkit/Feedbacks/MMF_UIToolkitRotate.cs	Assets/Scripts/ThirdParty/Feel/MMFeedbacks/MMFeedbacksForThirdParty/UIToolkit/Feedbacks/MMF_UIToolkitRotate.cs
removed-demo	5a7b761f127c8de4282702eb0c0feba0	Assets/Feel/FeelDemos/Springs/Audio/FeelSpringsTreeTalk5.wav	
removed-demo	9889887ddbe5de24281fb1a7b05aefc2	Assets/Feel/MMTools/Demos/MMGhostCamera/Lighting/MMGhostCameraDemoSettings.lighting	
removed-demo	13fe6c1816791534785bf178c80fca76	Assets/Feel/FeelDemos/Springs/Prefabs/FeelSpringsSlider.prefab	
removed-demo	df337f93430edac488b1ddbd824df4d4	Assets/Feel/NiceVibrations/Demo/DemoAssets/WobbleDemo/Scripts/WobbleButton.cs	
removed-demo	377b03b64b8e4ea45bd7f79c650610b0	Assets/Feel/MMTools/Demos/MMPrototypeTextures/PostProcessing/MMPrototypeTexturesPPProfile.asset	
retained-guid	9f83ea5980293ee4bb6961962edb0cc1	Assets/Feel/MMFeedbacks/MMFeedbacksForThirdParty/URP/Shakers/MMMotionBlurShaker_URP.cs	Assets/Scripts/ThirdParty/Feel/MMFeedbacks/MMFeedbacksForThirdParty/URP/Shakers/MMMotionBlurShaker_URP.cs
retained-guid	fd0523ff6a921744c8eb12d6d609a2ba	Assets/Feel/MMTools/Accessories/MMVFX/MMParticles/MMParticlesHit.png	Assets/Art/Textures/Feel/MMTools/Accessories/MMVFX/MMParticles/MMParticlesHit.png
removed-demo	9ecb341a615c32a43a5cc4aa181b669f	Assets/Feel/MMTools/Demos/MMGyroscope/PostProcessing/MMGyroscopePPProfile_URP.asset	
retained-guid	f58aef5c589e998418e5d3ec374edefe	Assets/Feel/MMFeedbacks/MMFeedbacksForThirdParty/TextMeshPro/Feedbacks/MMF_TMPCharacterSpacing.cs	Assets/Scripts/ThirdParty/Feel/MMFeedbacks/MMFeedbacksForThirdParty/TextMeshPro/Feedbacks/MMF_TMPCharacterSpacing.cs
retained-guid	6d1a9ce427a59e54ba03f183675bc50d	Assets/Feel/MMTools/Core/MMHelpers/MMString.cs	Assets/Scripts/ThirdParty/Feel/MMTools/Core/MMHelpers/MMString.cs
retained-guid	00aa79f91c8cbbf498e626608d2dad16	Assets/Feel/MMTools/Accessories/MMVFX/Scripts/MMPanningTexture.cs	Assets/Scripts/ThirdParty/Feel/MMTools/Accessories/MMVFX/Scripts/MMPanningTexture.cs
retained-guid	ab96bc57137345a439736693abc78817	Assets/Feel/MMTools/Core/MMHelpers/MMGeometry.cs	Assets/Scripts/ThirdParty/Feel/MMTools/Core/MMHelpers/MMGeometry.cs
removed-demo	ce29cd24982c2c84c8a611171d0af63a	Assets/Feel/FeelDemos/Springs/Scripts/FeelSpringsAdvancedFloatDemo.cs	
retained-guid	d2f88b719c3eddc45be16396a493f8d8	Assets/Feel/MMFeedbacks/MMFeedbacksForThirdParty/HDRP/Shakers/MMFilmGrainShaker_HDRP.cs	Assets/Scripts/ThirdParty/Feel/MMFeedbacks/MMFeedbacksForThirdParty/HDRP/Shakers/MMFilmGrainShaker_HDRP.cs
removed-demo	8f409f40d21e18e4e8e184336d19cbeb	Assets/Feel/MMFeedbacks/Demos/SequencingDemo/Textures/Fabric06_mask.png	
removed-demo	97b7a4be618a01a4bb59e2160bb36ef9	Assets/Feel/FeelDemos/Barbarians/PostProcessing/FeelBarbariansTopDownPostProcessingProfile_URP.asset	
retained-guid	ab9c4511f66964b488597580ab1b228f	Assets/Feel/MMFeedbacks/MMFeedbacksForThirdParty/MMTools/Feedbacks/MMF_Fog.cs	Assets/Scripts/ThirdParty/Feel/MMFeedbacks/MMFeedbacksForThirdParty/MMTools/Feedbacks/MMF_Fog.cs
retained-guid	1b89e406878a092438282239ce29006e	Assets/Feel/MMTools/Accessories/MMParticles/MMRendererSortingLayer.cs	Assets/Scripts/ThirdParty/Feel/MMTools/Accessories/MMParticles/MMRendererSortingLayer.cs
retained-guid	bbf1b6f8b44acf042a0f2bed486492e9	Assets/Feel/MMFeedbacks/MMFeedbacksForThirdParty/HDRP/Shakers/MMMotionBlurShaker_HDRP.cs	Assets/Scripts/ThirdParty/Feel/MMFeedbacks/MMFeedbacksForThirdParty/HDRP/Shakers/MMMotionBlurShaker_HDRP.cs
removed-demo	4c8fd0c851c8cbc4bb6dc9453b9ae786	Assets/Feel/NiceVibrations/Demo/Common/Sprites/NVLogoNice.png	
removed-demo	03186835bb5cd4cee99ddc8a7e4ed5e2	Assets/Feel/NiceVibrations/HapticSamples/Objects/Coin6.haptic	
retained-guid	70d3db55e641fa4428b605f636e0015b	Assets/Feel/MMTools/Foundation/Editor/MMAchievements/MMAchievementListInspector.cs	Assets/Scripts/ThirdParty/Feel/MMTools/Foundation/Editor/MMAchievements/MMAchievementListInspector.cs
removed-demo	c3c35d88c395442feb748be3dd08fbf9	Assets/Feel/NiceVibrations/Demo/DemoAssets/HapticClipsDemo/Scripts/HapticClipsDemoRotator.cs	
retained-guid	7015f2d2ce595844e9fe6e0c3bd8d27b	Assets/Feel/NiceVibrations/Demo/Common/Fonts/BIG JOHN.otf	Assets/Art/Fonts/Feel/NiceVibrations/Demo/Common/Fonts/BIG JOHN.otf
retained-guid	693430919429cff4d9e10f1225ca56c8	Assets/Feel/MMTools/Demos/MMTween/Fonts/Lato/SDF/Lato-Bold SDF.asset	Assets/Data/Feedback/Feel/MMTools/Demos/MMTween/Fonts/Lato/SDF/Lato-Bold SDF.asset
removed-demo	32aa65b46c56ea149951a49cec5a1ee4	Assets/Feel/FeelDemos/Tactical/Materials/FeelTacticalSmokeMaterial.mat	
retained-guid	4d7020c7ee7492e40848350adbd515be	Assets/Feel/MMTools/Foundation/MMAI/AIAction.cs	Assets/Scripts/ThirdParty/Feel/MMTools/Foundation/MMAI/AIAction.cs
removed-demo	7118ba5396a068440bdd06e9b3cc0cd6	Assets/Feel/MMFeedbacks/Demos/SequencingDemo/Textures/Tiles65_col.png	
retained-guid	82c42a0b06f4f684db1ee2c535fb985c	Assets/Feel/MMTools/Accessories/MMShaders/MMAdvancedToon.shader	Assets/Art/Shaders/Feel/MMTools/Accessories/MMShaders/MMAdvancedToon.shader
removed-demo	ddf3b2cb509cb234bb7b7f83fc04364d	Assets/Feel/FeelDemos/Barbarians/Textures/BarbarianWhirl.png	
removed-demo	5a367fd990b07468bb3bd4c42368b7fa	Assets/Feel/NiceVibrations/Demo/DemoAssets/HapticClipsDemo/Haptics/NVPowerOff.haptic	
retained-guid	aade595aee3a1d24c9845361684f77d6	Assets/Feel/MMTools/Accessories/MMMovement/MMSquashAndStretch.cs	Assets/Scripts/ThirdParty/Feel/MMTools/Accessories/MMMovement/MMSquashAndStretch.cs
removed-demo	31835a5eb705f4a30865b07048197974	Assets/Feel/NiceVibrations/HapticSamples/Weapons/DistanceGunShot2.wav	
removed-demo	098f0fe8d1720804fa6b4f89842e44e2	Assets/Feel/MMTools/Demos/MMTween/Fonts/Lato/TTF/Lato-ThinItalic.ttf	
retained-guid	0d3b0924fd73b1a4f8dffd6776c61c55	Assets/Feel/MMTools/Accessories/MMCurves/Plotter/MMPlotterGenerator.cs	Assets/Scripts/ThirdParty/Feel/MMTools/Accessories/MMCurves/Plotter/MMPlotterGenerator.cs
removed-demo	fff4384c46a5f094e97b1f75c706973d	Assets/Feel/FeelDemos/Strike/StrikeURP/FeelStrikeLightmap-2_comp_light.exr	
retained-guid	945e5b97212e8e74ebcd35bddde3970c	Assets/Feel/MMTools/Core/MMSceneLoading/LoadingScreens/MMAdditiveLoadingScreenSimple.unity	Assets/Scenes/Feel/MMTools/Core/MMSceneLoading/LoadingScreens/MMAdditiveLoadingScreenSimple.unity
retained-guid	c771cf4cdbab1ff43a08d35743880364	Assets/Feel/MMFeedbacks/MMFeedbacksForThirdParty/UIToolkit/Feedbacks/MMF_UIToolkitBorderWidth.cs	Assets/Scripts/ThirdParty/Feel/MMFeedbacks/MMFeedbacksForThirdParty/UIToolkit/Feedbacks/MMF_UIToolkitBorderWidth.cs
retained-guid	dabf1ff37a1366d46b6421d7438ab929	Assets/Feel/MMFeedbacks/MMFeedbacks/Feedbacks/MMF_ScaleShake.cs	Assets/Scripts/ThirdParty/Feel/MMFeedbacks/MMFeedbacks/Feedbacks/MMF_ScaleShake.cs
removed-demo	46352f81517ed9b4e95cc473f6cd42a9	Assets/Feel/NiceVibrations/Demo/DemoAssets/BallDemo/IdleAnimation.anim	
retained-guid	82c6a6e2f2e591a498214d03f76d9f09	Assets/Feel/MMTools/Accessories/Editor/MMUtilities/MMScreenshotEditor.cs	Assets/Scripts/ThirdParty/Feel/MMTools/Accessories/Editor/MMUtilities/MMScreenshotEditor.cs
retained-guid	378d85c023238454db159ae565d259dd	Assets/Feel/MMFeedbacks/Editor/Curves/Editor/MMFCurves.curves	Assets/Scripts/ThirdParty/Feel/MMFeedbacks/Editor/Curves/Editor/MMFCurves.curves
removed-demo	04efeb16d8be0cd48aaf54887bf8aebc	Assets/Feel/FeelDemos/Blob/Animations/FeelBlobIdle.anim	
retained-guid	8cedaa38d19e449c485ce3119ebb423d	Assets/Feel/NiceVibrations/HapticSamples/HapticPackCClicense.txt	Assets/Documentation/Feel/NiceVibrations/HapticSamples/HapticPackCClicense.txt
removed-demo	c2cec3c7b9be74a018a3a461857be353	Assets/Feel/NiceVibrations/HapticSamples/Objects/Fireplace2.wav	
removed-demo	60b87f7fd5cd21f4797f2d0dac2b7782	Assets/Feel/MMFeedbacks/Demos/SequencingDemo/Materials/SequencerFacade.mat	
retained-guid	cfef7c6d601b6c047999b7e4c6a76a31	Assets/Feel/MMTools/Demos/MMTween/Fonts/Lato/SDF/Lato-BoldItalic SDF.asset	Assets/Data/Feedback/Feel/MMTools/Demos/MMTween/Fonts/Lato/SDF/Lato-BoldItalic SDF.asset
removed-demo	975863c8bb910594288081f50f6185aa	Assets/Feel/NiceVibrations/Demo/Common/Scripts/UI/MMKnob.cs	
retained-guid	5e0ea90a83cb72d4ea51fbdcfcd46de0	Assets/Feel/MMTools/Accessories/MMVFX/MMRipple/MMRippleSaw2NM.png	Assets/Art/Textures/Feel/MMTools/Accessories/MMVFX/MMRipple/MMRippleSaw2NM.png
retained-guid	f629a42fca5db4f09809be83dcae7217	Assets/Feel/NiceVibrations/readme.txt	Assets/Documentation/Feel/NiceVibrations/readme.txt
removed-demo	16e89c535fc76465eb13606cb2c2a039	Assets/Feel/NiceVibrations/HapticSamples/Objects/DoorKnob1.wav	
removed-demo	7626ba85783411047a182b9352e58a60	Assets/Feel/MMTools/Demos/MMObservable/MMObservableDemoObserver.cs	
retained-guid	0f0e0708166913e448eb6195f7e96bdd	Assets/Feel/MMTools/Accessories/MMVFX/MMNoise/MMBayerNoise.png	Assets/Art/Textures/Feel/MMTools/Accessories/MMVFX/MMNoise/MMBayerNoise.png
retained-guid	aeb67f1f5c67282488b877818e410f30	Assets/Feel/MMTools/Accessories/MMSprites/MMAutoOrderInLayer.cs	Assets/Scripts/ThirdParty/Feel/MMTools/Accessories/MMSprites/MMAutoOrderInLayer.cs
retained-guid	1649500b034fa9c4b8b816af28f3ff64	Assets/Feel/MMFeedbacks/MMFeedbacks/Feedbacks/MMF_TextureOffset.cs	Assets/Scripts/ThirdParty/Feel/MMFeedbacks/MMFeedbacks/Feedbacks/MMF_TextureOffset.cs
retained-guid	d584bb96f63ba3848ab128ed5686f2f7	Assets/Feel/MMTools/Core/MMHelpers/MMDebug.cs	Assets/Scripts/ThirdParty/Feel/MMTools/Core/MMHelpers/MMDebug.cs
retained-guid	bcddb04b7bb50904182da35f2b38777c	Assets/Feel/MMTools/Accessories/MMProcedural/MMGridGenerators/MMGridGeneratorRandomWalk.cs	Assets/Scripts/ThirdParty/Feel/MMTools/Accessories/MMProcedural/MMGridGenerators/MMGridGeneratorRandomWalk.cs
removed-demo	e1ea7ea8044564f4b820efff731ef582	Assets/Feel/FeelDemos/CardsUI/Textures/UI/FeelCardsUI_Inset.png	
removed-demo	74afd878f4c2a7e4aac761013a2cffe3	Assets/Feel/FeelDemos/Strike/Scripts/StrikeBall.cs	
retained-guid	11ac693b84e2c634d8baf89d406335ab	Assets/Feel/MMFeedbacks/MMFeedbacks/Springs/Springs/MMSpringMMTimeScale.cs	Assets/Scripts/ThirdParty/Feel/MMFeedbacks/MMFeedbacks/Springs/Springs/MMSpringMMTimeScale.cs
retained-guid	c82cf35166701394ab910f41269944f9	Assets/Feel/MMTools/Accessories/MMInput/MMAutoInputModule.cs	Assets/Scripts/ThirdParty/Feel/MMTools/Accessories/MMInput/MMAutoInputModule.cs
removed-demo	4cf47ad5b31ea6640addd4045fa77c8b	Assets/Feel/FeelDemos/Duck/Sounds/FeelDuckQuack.wav	
retained-guid	368b8371d6c95b34fae5ced0725180b1	Assets/Feel/MMTools/Core/MMExtensions/MMFloatExtensions.cs	Assets/Scripts/ThirdParty/Feel/MMTools/Core/MMExtensions/MMFloatExtensions.cs
retained-guid	0e932172a6c02a94c9cc24b921edb17e	Assets/Feel/MMFeedbacks/MMFeedbacksForThirdParty/UIToolkit/Feedbacks/MMF_UIToolkitTranslate.cs	Assets/Scripts/ThirdParty/Feel/MMFeedbacks/MMFeedbacksForThirdParty/UIToolkit/Feedbacks/MMF_UIToolkitTranslate.cs
removed-demo	fc55c8af6f8df0c4c8143b592fc01603	Assets/Feel/FeelDemos/Bounce/Textures/FeelBounceGrass.png	
removed-demo	3258cbeb41f23b545a323883d7b047b9	Assets/Feel/FeelDemos/UIToolkitFeedbacksDemo/Fonts/UIToolkitDemo_BigJohn.otf	
removed-demo	f1c405f0504334b45bfbda5cce01f282	Assets/Feel/FeelDemos/Springs/Scripts/FeelSpringsVector2Demo.cs	
removed-demo	350805179906e424dac528881c5a5870	Assets/Feel/FeelDemos/Brass/Materials/FeelBrassGround2.mat	
removed-demo	b1c4826a9c46eef40a5ecdf4fda06c0f	Assets/Feel/MMFeedbacks/Demos/SequencingDemo/Textures/Chip03_col.png	
retained-guid	e10dd6620d1eaec43a30fad8fa6249bc	Assets/Feel/MMTools/Core/MMAttributes/MMHiddenPropertiesAttribute.cs	Assets/Scripts/ThirdParty/Feel/MMTools/Core/MMAttributes/MMHiddenPropertiesAttribute.cs
retained-guid	40702ed620cf055428c35adf00a2c9b1	Assets/Feel/MMTools/Accessories/MMPrototypeTextures/MMBRP_Materials/MMBPR_RedDots.mat	Assets/Art/Materials/Feel/MMTools/Accessories/MMPrototypeTextures/MMBRP_Materials/MMBPR_RedDots.mat
retained-guid	804768c8cbeb00b40bea53c5ddca6399	Assets/Feel/MMFeedbacks/MMFeedbacks/Feedbacks/MMF_SpriteRendererAlpha.cs	Assets/Scripts/ThirdParty/Feel/MMFeedbacks/MMFeedbacks/Feedbacks/MMF_SpriteRendererAlpha.cs
removed-demo	f7201d9cdb3ce48338e0d5a2e3c5a483	Assets/Feel/NiceVibrations/HapticSamples/Nature/CatPurr1.haptic	
removed-demo	46eaa67e7ffc1eb47ae5e69fa1871856	Assets/Feel/NiceVibrations/Demo/DemoAssets/BallDemo/NVBallAnimatorController.controller	
retained-guid	57633cde530d56a48995d0733efa9450	Assets/Feel/MMTools/Accessories/MMDebugMenu/Prefabs/MMDebugMenuTabSpacer.prefab	Assets/Art/Prefabs/Feel/MMTools/Accessories/MMDebugMenu/Prefabs/MMDebugMenuTabSpacer.prefab
retained-guid	161799775c19ed44495de8edf8935aa2	Assets/Feel/MMTools/Core/MMSaveLoad/MMPersistentBase.cs	Assets/Scripts/ThirdParty/Feel/MMTools/Core/MMSaveLoad/MMPersistentBase.cs
removed-demo	73750401bf6aa114dbfd0b2f089f7c1a	Assets/Feel/FeelDemos/Brass/Scripts/FeelBrass.cs	
retained-guid	82e4fa932e1d3c149a960deb3e3144f5	Assets/Feel/NiceVibrations/OlderVersions/v2.0.1/NiceVibrations-v-2-0-1-readme.txt	Assets/Documentation/Feel/NiceVibrations/OlderVersions/v2.0.1/NiceVibrations-v-2-0-1-readme.txt
removed-demo	e95bc0f9cf6fa3b45ba4a4e45e2c460b	Assets/Feel/FeelDemos/Barbarians/Scripts/Barbarian.cs	
removed-demo	78fb08a13702cc2479701945bbb2a295	Assets/Feel/MMFeedbacks/Demos/MMFeedbacksDemo/Volumes_URP/MMFeedbacksDemoAltVolume.asset	
removed-demo	cabf8ba3256165e4387291afadf7dc31	Assets/Feel/FeelDemos/Tactical/Materials/FeelTacticalBulletImpactParticle.mat	
retained-guid	b0b3f00a75cc857439b13b8bafb37894	Assets/Feel/MMFeedbacks/MMFeedbacks/Core/ObjectPool/MMMiniPoolableObject.cs	Assets/Scripts/ThirdParty/Feel/MMFeedbacks/MMFeedbacks/Core/ObjectPool/MMMiniPoolableObject.cs
removed-demo	5e7828fe329b7c44da7a14782d96a96d	Assets/Feel/NiceVibrations/Demo/Common/Sprites/NV3Cols.png	
removed-demo	dc79960e9e1bea74d9d0ada77f5d9c48	Assets/Feel/FeelDemos/Barbarians/Models/Materials/Wood.002.mat	
removed-demo	22c2e60c97888824ead2488c0c0509ee	Assets/Feel/FeelDemos/Letters/Sprites/FeelLettersDemoMouth4.png	
retained-guid	267821bdecaf2b14993cc3df8c285df5	Assets/Feel/MMFeedbacks/MMFeedbacksForThirdParty/UIToolkit/Base/MMF_UIToolkitBoolBase.cs	Assets/Scripts/ThirdParty/Feel/MMFeedbacks/MMFeedbacksForThirdParty/UIToolkit/Base/MMF_UIToolkitBoolBase.cs
removed-demo	bc8c3727d81b340f685d13c544c0662c	Assets/Feel/NiceVibrations/HapticSamples/Weapons/PistolFire3.wav	
retained-guid	ed6b74fe854687046873209aef2e5498	Assets/Feel/MMFeedbacks/MMFeedbacks/Springs/Feedbacks/MMF_SpringColor.cs	Assets/Scripts/ThirdParty/Feel/MMFeedbacks/MMFeedbacks/Springs/Feedbacks/MMF_SpringColor.cs
removed-demo	7336cd5e6e4f74693ac6c4b607b671ef	Assets/Feel/NiceVibrations/HapticSamples/ApplicationUX/Pop1.wav	
removed-demo	48b04cd1c7e6c45c99033fb83f30c75e	Assets/Feel/NiceVibrations/HapticSamples/Objects/Keyboard1.haptic	
removed-demo	b1d5d990d8e6a10479fa4b29ada5f39f	Assets/Feel/MMFeedbacks/Demos/SequencingDemo/Textures/Tiles67_nrm.png	
removed-demo	46e020243cfd35741b7273a2ba8d252a	Assets/Feel/FeelDemos/Wheel/Materials/FeelWheelSmokeMaterial.mat	
removed-demo	1374cfa9612054293957a7b66d7f8488	Assets/Feel/NiceVibrations/HapticSamples/Weapons/HeavyMachineGunFire1.haptic	
retained-guid	f96d4bb1a57044c4baa681871d059ec3	Assets/Feel/MMFeedbacks/MMFeedbacksForThirdParty/URP/Springs/MMSpringPaniniProjectionDistance_URP.cs	Assets/Scripts/ThirdParty/Feel/MMFeedbacks/MMFeedbacksForThirdParty/URP/Springs/MMSpringPaniniProjectionDistance_URP.cs
retained-guid	4de406fa905b7cd4586793dec9e9d93d	Assets/Feel/MMTools/Core/MMAttributes/MMDebugLogCommandAttribute.cs	Assets/Scripts/ThirdParty/Feel/MMTools/Core/MMAttributes/MMDebugLogCommandAttribute.cs
removed-demo	46dcfa1187f4a1e4cb3793dd1351f669	Assets/Feel/FeelDemos/Barbarians/Sounds/FeelBarbarianThunder.wav	
removed-demo	0080202e443918c4c883c28860ed43be	Assets/Feel/MMFeedbacks/Demos/MMFeedbacksDemo/Volumes_URP/MMFeedbacksDemoFilterVolume.asset	
retained-guid	0617763b4190c364093ae8e7b62aea45	Assets/Feel/MMTools/Accessories/MMGUI/MMSelectionBase.cs	Assets/Scripts/ThirdParty/Feel/MMTools/Accessories/MMGUI/MMSelectionBase.cs
retained-guid	90a030b5ab0574cd9880e136f5e0261c	Assets/Feel/NiceVibrations/Scripts/Editor/HapticSourceInspector.cs	Assets/Scripts/ThirdParty/Feel/NiceVibrations/Scripts/Editor/HapticSourceInspector.cs
retained-guid	50ff9811d84ffeb42b11f0d57157a346	Assets/Feel/MMTools/Accessories/MMPrototypeTextures/MMBRP_Materials/MMBPR_LightGreyCrosses.mat	Assets/Art/Materials/Feel/MMTools/Accessories/MMPrototypeTextures/MMBRP_Materials/MMBPR_LightGreyCrosses.mat
retained-guid	29420e3cb1cf4c4f93a2201b521f1024	Assets/Feel/MMTools/Core/MMAudio/MMSoundManager/MMSoundManagerCustomTrackSO.cs	Assets/Scripts/ThirdParty/Feel/MMTools/Core/MMAudio/MMSoundManager/MMSoundManagerCustomTrackSO.cs
removed-demo	955627a6c0e766c4cb2b57b060d694a0	Assets/Feel/FeelDemos/Toaster/Materials/FeelToasterSmokeMaterial.mat	
removed-demo	323c4eafa4cfd9a4cac3ed60c6076fdb	Assets/Feel/FeelDemos/Springs/Audio/FeelSpringsTreeTalk4.wav	
removed-demo	1cfacca2bedb5f4418892d40cbe9018d	Assets/Feel/MMFeedbacks/Demos/SequencingDemo/Sounds/Kit/MMSequencingHat2.wav	
retained-guid	42dea95f190fc574eb0ce3f815cb2200	Assets/Feel/MMTools/Core/MMAttributes/MMDropdownAttribute.cs	Assets/Scripts/ThirdParty/Feel/MMTools/Core/MMAttributes/MMDropdownAttribute.cs
retained-guid	8fe23ce5bc9554f46aebd960ab58b9eb	Assets/Feel/MMTools/Core/MMRadio/MMEmitterReceiver/MMEmmiterReceiver.cs	Assets/Scripts/ThirdParty/Feel/MMTools/Core/MMRadio/MMEmitterReceiver/MMEmmiterReceiver.cs
retained-guid	8d6b0cf6d1d21694084a7227b664276e	Assets/Feel/MMTools/Accessories/MMGUI/MMProgressBarDemoAuto.cs	Assets/Scripts/ThirdParty/Feel/MMTools/Accessories/MMGUI/MMProgressBarDemoAuto.cs
removed-demo	51d42e1b295bb40feb427fa841e60e12	Assets/Feel/NiceVibrations/HapticSamples/ApplicationUX/Hover1.haptic	
retained-guid	0be258710b59b254097822aef1c6820e	Assets/Feel/MMFeedbacks/MMFeedbacksForThirdParty/TextMeshPro/Feedbacks/MMF_TMPParagraphSpacing.cs	Assets/Scripts/ThirdParty/Feel/MMFeedbacks/MMFeedbacksForThirdParty/TextMeshPro/Feedbacks/MMF_TMPParagraphSpacing.cs
removed-demo	88867f4a6e97083478041a8bacc9b4bf	Assets/Feel/MMFeedbacks/Demos/SequencingDemo/Sounds/Kit/MMSequencingCrash2.wav	
retained-guid	fec2335f22dc84b549dd9dfdeebca3e0	Assets/Feel/MMTools/Foundation/MMControls/MMTouchControls.cs	Assets/Scripts/ThirdParty/Feel/MMTools/Foundation/MMControls/MMTouchControls.cs
removed-demo	ba3d33391dcef4288a8ab5210877f166	Assets/Feel/NiceVibrations/HapticSamples/Weapons/DistanceGunShot1.wav	
retained-guid	a191453c9f5a69348a9014eb1f7a35d7	Assets/Feel/MMFeedbacks/MMFeedbacksForThirdParty/UIToolkit/Feedbacks/MMF_UIToolkitBackgroundColor.cs	Assets/Scripts/ThirdParty/Feel/MMFeedbacks/MMFeedbacksForThirdParty/UIToolkit/Feedbacks/MMF_UIToolkitBackgroundColor.cs
removed-demo	e0ae0b66ec5c345169542bae58a3ec1d	Assets/Feel/NiceVibrations/HapticSamples/Objects/DoorKnob1.haptic	
retained-guid	5c362fec725a413469a94a06a01b6c75	Assets/Feel/MMTools/Demos/MMTween/Fonts/Lato/SDF/Lato-HairlineItalic SDF.asset	Assets/Data/Feedback/Feel/MMTools/Demos/MMTween/Fonts/Lato/SDF/Lato-HairlineItalic SDF.asset
removed-demo	8f1ed309a298a2742b829de2033346ab	Assets/Feel/MMFeedbacks/Demos/MMFeedbacksDemo/Textures/Paper/PaperNormal.png	
removed-demo	ab652d55be92c4caa86265a2e4a757d9	Assets/Feel/NiceVibrations/HapticSamples/Objects/Velcro2.wav	
retained-guid	f13474093d5e96142b32136ddb5a8a14	Assets/Feel/MMTools/Accessories/MMParticles/MMAutoDestroyParticleSystem.cs	Assets/Scripts/ThirdParty/Feel/MMTools/Accessories/MMParticles/MMAutoDestroyParticleSystem.cs
removed-demo	d84a1570448aba14ea2b1badb79fb4b3	Assets/Feel/MMFeedbacks/Demos/MMFeedbacksDemo/Models/Rock2.fbx	
removed-demo	0789d73a41ec9a84c9ad76fb0ca559c1	Assets/Feel/FeelDemos/Tactical/Prefabs/FeelTacticalMuzzleflash.prefab	
removed-demo	bab3fe9fa1463de45989e98dbd99b341	Assets/Feel/MMFeedbacks/Demos/SequencingDemo/Textures/Tiles12_rgh.png	
retained-guid	e5d1374627ebc7d4491c7eb256713f69	Assets/Feel/MMTools/Foundation/MMAnimation/MMAnimatorMirror.cs	Assets/Scripts/ThirdParty/Feel/MMTools/Foundation/MMAnimation/MMAnimatorMirror.cs
removed-demo	e6a455d6479c94839a0ef45a30089b17	Assets/Feel/NiceVibrations/HapticSamples/Impacts/Body3.wav	
retained-guid	695c7cc8319cf894f914eacf53e3d143	Assets/Feel/MMTools/Core/MMHelpers/MMShufflebag.cs	Assets/Scripts/ThirdParty/Feel/MMTools/Core/MMHelpers/MMShufflebag.cs
removed-demo	47ca88de8fe71724b854236576b6ddee	Assets/Feel/MMFeedbacks/Demos/SequencingDemo/Textures/Carpet10_AO.png	
retained-guid	e39702c3d8077294887f6c1ddec28589	Assets/Feel/MMFeedbacks/MMFeedbacksForThirdParty/TextMeshPro/Feedbacks/MMF_TMPOutlineColor.cs	Assets/Scripts/ThirdParty/Feel/MMFeedbacks/MMFeedbacksForThirdParty/TextMeshPro/Feedbacks/MMF_TMPOutlineColor.cs
retained-guid	57d94797548149846b6fb7aec61488f2	Assets/Feel/MMFeedbacks/MMFeedbacksForThirdParty/URP/Resources/MMDefaultURPProfile.asset	Assets/Data/Feedback/Feel/MMFeedbacks/MMFeedbacksForThirdParty/URP/Defaults/MMDefaultURPProfile.asset
retained-guid	4474026fd06a48748b3ac7eef71e802d	Assets/Feel/MMFeedbacks/MMFeedbacks/Core/MMF_Player/MMF_PlayerDebugInput.cs	Assets/Scripts/ThirdParty/Feel/MMFeedbacks/MMFeedbacks/Core/MMF_Player/MMF_PlayerDebugInput.cs
retained-guid	1a60ed48e41f7574f890b8669d6fbfe0	Assets/Feel/MMTools/Foundation/MMControls/MMTouchRepositionableJoystick.cs	Assets/Scripts/ThirdParty/Feel/MMTools/Foundation/MMControls/MMTouchRepositionableJoystick.cs
retained-guid	c0952ef5bf0c90a4eb36a3217da349b6	Assets/Feel/MMFeedbacks/MMFeedbacks/Feedbacks/MMF_AnimationCrossfade.cs	Assets/Scripts/ThirdParty/Feel/MMFeedbacks/MMFeedbacks/Feedbacks/MMF_AnimationCrossfade.cs
retained-guid	5202bb69e6dc1a44cacdac58197df245	Assets/Feel/MMTools/Core/MMReorderableList/reorderable-list-licence.txt	Assets/Documentation/Feel/MMTools/Core/MMReorderableList/reorderable-list-licence.txt
retained-guid	55d739433fa69b24e9b9e0fc7388da77	Assets/Feel/MMFeedbacks/MMFeedbacksForThirdParty/MMTools/Feedbacks/MMF_MMSoundManagerSoundControl.cs	Assets/Scripts/ThirdParty/Feel/MMFeedbacks/MMFeedbacksForThirdParty/MMTools/Feedbacks/MMF_MMSoundManagerSoundControl.cs
removed-demo	52f42d07956fb43c6a69c229047bd7f9	Assets/Feel/NiceVibrations/HapticSamples/Nature/Thunder1.haptic	
removed-demo	59fe36bd4834fab44a9223e70f5fc73e	Assets/Feel/NiceVibrations/Demo/DemoAssets/BallDemo/Scripts/BallDemoBall.cs	
retained-guid	f66839a3914de3d4db7c5682fc89f2fe	Assets/Feel/MMTools/Core/MMSaveLoad/MMPersistenceManager.cs	Assets/Scripts/ThirdParty/Feel/MMTools/Core/MMSaveLoad/MMPersistenceManager.cs
removed-demo	df3bc9f5c2528c64b8492d7e3dce227e	Assets/Feel/MMFeedbacks/Demos/SequencingDemo/Textures/ChristmasTreeOrnament01_met.png	
removed-demo	4bb041fafbc61b44899bc1dce5cc5c6f	Assets/Feel/FeelDemos/Strike/Materials/FeelStrikePinStripes.mat	
removed-demo	4af2802d0d23e0745b2171d0f301e6b1	Assets/Feel/FeelDemos/Strike/Materials/FeelStrikeReset.mat	
removed-demo	e9acbfc937f10684283102450bb59ac1	Assets/Feel/MMTools/Demos/MMTween/Materials/MMPlotterPointMaterial.mat	
retained-guid	af18777bcf6ae2c47a02c3ff8adabb0e	Assets/Feel/MMTools/Core/MMReorderableList/Attributes/ReorderableAttribute.cs	Assets/Scripts/ThirdParty/Feel/MMTools/Core/MMReorderableList/Attributes/ReorderableAttribute.cs
retained-guid	743d5178809b16b47a7cb50d29677882	Assets/Feel/MMTools/Core/MMAttributes/MMMonoBehaviour.cs	Assets/Scripts/ThirdParty/Feel/MMTools/Core/MMAttributes/MMMonoBehaviour.cs
retained-guid	45ff1ad6fa9e7af4ead4e1db1ed52877	Assets/Feel/MMTools/Core/MMHelpers/MMGUI.cs	Assets/Scripts/ThirdParty/Feel/MMTools/Core/MMHelpers/MMGUI.cs
removed-demo	4e4fd698e0090124ea15a7ae5a30b84a	Assets/Feel/MMTools/Demos/MMTween/Fonts/Lato/TTF/Lato-LightItalic.ttf	
retained-guid	6acbf0a8faacbb342ad72339d38c5a4d	Assets/Feel/MMFeedbacks/MMFeedbacksForThirdParty/MMTools/Shakers/MMPostProcessingMovingFilter.cs	Assets/Scripts/ThirdParty/Feel/MMFeedbacks/MMFeedbacksForThirdParty/MMTools/Shakers/MMPostProcessingMovingFilter.cs
retained-guid	d948bd127b797e94fbf989672ffe1847	Assets/Feel/MMFeedbacks/MMFeedbacks/Springs/Feedbacks/MMF_SpringFloat.cs	Assets/Scripts/ThirdParty/Feel/MMFeedbacks/MMFeedbacks/Springs/Feedbacks/MMF_SpringFloat.cs
removed-demo	0296fb91bec5d5042bdb1f4c2c089ca7	Assets/Feel/MMFeedbacks/Demos/SequencingDemo/Materials/SequencerTiles65.mat	
removed-demo	92ea895d681c10a4d9d9c279d63a9c87	Assets/Feel/MMFeedbacks/Demos/MMFeedbacksDemo/Textures/Paper/PaperCol.png	
removed-demo	fa892fcb699d82641aee0d59d88eeef8	Assets/Feel/NiceVibrations/Demo/DemoAssets/HapticClipsDemo/Animations/SwapAnimation.anim	
removed-demo	27b2f1a81ed0042058d5e12a4ff355c9	Assets/Feel/NiceVibrations/HapticSamples/ApplicationUX/Alert1.haptic	
retained-guid	5a68e615c17d2bf49a1a082e34fd9b6e	Assets/Feel/MMTools/Foundation/MMControls/MMSwipeZone.cs	Assets/Scripts/ThirdParty/Feel/MMTools/Foundation/MMControls/MMSwipeZone.cs
removed-demo	81e4191bebbffee49a87679d87cdc04e	Assets/Feel/FeelDemos/Duck/Sprites/FeelDuckSmoke.png	
removed-demo	bb5ae95fa892a584b9362792bc634f5b	Assets/Feel/MMFeedbacks/Demos/SequencingDemo/Textures/Tiles67_AO.png	
retained-guid	2a42e638cd366184aad3203b2732b2e2	Assets/Feel/MMTools/Accessories/MMPrototypeTextures/MMBRP_Materials/MMBPR_DarkGreyCrosses.mat	Assets/Art/Materials/Feel/MMTools/Accessories/MMPrototypeTextures/MMBRP_Materials/MMBPR_DarkGreyCrosses.mat
removed-demo	4c96effbae347483baac103413c85cc5	Assets/Feel/NiceVibrations/HapticSamples/Objects/Coin1.haptic	
retained-guid	c6dc6bc8e4bb2834e80531c648886d13	Assets/Feel/MMTools/Accessories/MMActivation/MMDontDestroyOnLoad.cs	Assets/Scripts/ThirdParty/Feel/MMTools/Accessories/MMActivation/MMDontDestroyOnLoad.cs
removed-demo	b1bb90fb3329f934cb84bfd897885fac	Assets/Feel/NiceVibrations/Demo/DemoAssets/HapticClipsDemo/Animations/IdleAnimation.anim	
removed-demo	8713b5054e09e104a9016ff787798af1	Assets/Feel/FeelDemos/Brass/Materials/FeelBrassEqualizerBlock.mat	
removed-demo	2895683d30e4bf74f8646a4cc9a23ea5	Assets/Feel/FeelDemos/Toaster/PostProcessing/FeelToasterPostProcessingProfile_URP.asset	
retained-guid	c074591fd378046418957bf77882defc	Assets/Feel/MMTools/Core/MMRadio/MMProperty/MMPropertyLink/MMPropertyLinkVector2.cs	Assets/Scripts/ThirdParty/Feel/MMTools/Core/MMRadio/MMProperty/MMPropertyLink/MMPropertyLinkVector2.cs
retained-guid	191c85d053c814242b6d9fab0a91b9f9	Assets/Feel/MMTools/Demos/MMTween/Fonts/Lato/SDF/Lato-HeavyItalic SDF.asset	Assets/Data/Feedback/Feel/MMTools/Demos/MMTween/Fonts/Lato/SDF/Lato-HeavyItalic SDF.asset
removed-demo	81aa19699455c0c4f9dd8d95ec0de826	Assets/Feel/FeelDemos/Barbarians/Sounds/FeelBarbariansAttack2.wav	
removed-demo	f7876974a1b60ed4ca3dfd37f229386f	Assets/Feel/NiceVibrations/Demo/DemoAssets/BallDemo/Sprites/NVBall.png	
removed-demo	fa8bcdcc1157f3840a8443f651fe600d	Assets/Feel/FeelDemosHDRP/Falcon/Sounds/FeelFalconEngineSound.wav	
retained-guid	7fb7575f8c305d244ba40b4b661d997c	Assets/Feel/MMTools/Accessories/MMDebugMenu/Scripts/Events/MMDebugMenuButtonEvent.cs	Assets/Scripts/ThirdParty/Feel/MMTools/Accessories/MMDebugMenu/Scripts/Events/MMDebugMenuButtonEvent.cs
retained-guid	58f9c048a89d0d5448bf5972cdc13fad	Assets/Feel/MMTools/Core/MMSaveLoad/MMSaveLoadTester.cs	Assets/Scripts/ThirdParty/Feel/MMTools/Core/MMSaveLoad/MMSaveLoadTester.cs
removed-demo	dff5162ac0a2c5c41aceac7a9ab82ccd	Assets/Feel/FeelDemosHDRP/Falcon/Lighting/FeelFalconReflectionProbe-2.exr	
removed-demo	e1f4bc00167c7604eb9c09d119ade645	Assets/Feel/MMFeedbacks/Demos/SequencingDemo/Textures/Fabric09_col.png	
removed-demo	699c16359745b45799bcd0733bf9d138	Assets/Feel/NiceVibrations/HapticSamples/SoundFX/CarEngine1.haptic	
removed-demo	4f5279e4af3c4234b8aa5937637aeabd	Assets/Feel/NiceVibrations/Demo/Common/Sprites/NV7Dots.png	
removed-demo	c3967bad02b54413ca7668a203a329ab	Assets/Feel/NiceVibrations/HapticSamples/Nature/Splash1.haptic	
removed-demo	ceb8f62f18051d647a788511e5bafb05	Assets/Feel/FeelDemos/Letters/Scripts/LettersDemoManager.cs	
removed-demo	cf43e98c2e64a1c44b22aabeb44cd7ee	Assets/Feel/FeelDemos/MMSequencer/Scripts/MMSequencerDemoManager.cs	
removed-demo	af886413eac5dcb439c12b037deeef73	Assets/Feel/FeelDemos/Bounce/Materials/FeelBounceAxe.mat	
retained-guid	59b1afce1a5338c48befe053811a37df	Assets/Feel/MMFeedbacks/MMFeedbacks/Springs/Core/MMSpringVector4.cs	Assets/Scripts/ThirdParty/Feel/MMFeedbacks/MMFeedbacks/Springs/Core/MMSpringVector4.cs
removed-demo	f278716c78dd78141a49815e47619c01	Assets/Feel/FeelDemosHDRP/Falcon/Materials/FeelFalconTires.mat	
removed-demo	f0eb40a74b537b2469752ad2107a03fc	Assets/Feel/FeelDemos/Snake/Scripts/SnakeFoodSpawner.cs	
retained-guid	07ea3ff88e1ecb84d91f58aa804badc6	Assets/Feel/MMTools/Core/MMAudio/MMSoundManager/Settings/MMSoundManagerSettings.asset	Assets/Data/Feedback/Feel/MMTools/Core/MMAudio/MMSoundManager/Settings/MMSoundManagerSettings.asset
retained-guid	2021724c083d14e468ef1f53b7d99472	Assets/Feel/MMFeedbacks/MMFeedbacks/Feedbacks/MMF_ImageMaterial.cs	Assets/Scripts/ThirdParty/Feel/MMFeedbacks/MMFeedbacks/Feedbacks/MMF_ImageMaterial.cs
retained-guid	f122798344263f34ea0ec3c27298c57a	Assets/Feel/MMFeedbacks/MMFeedbacksForThirdParty/PostProcessing/Springs/MMSpringColorGradingTint.cs	Assets/Scripts/ThirdParty/Feel/MMFeedbacks/MMFeedbacksForThirdParty/PostProcessing/Springs/MMSpringColorGradingTint.cs
retained-guid	09fb9010cab0ccd48b5c336634829ab7	Assets/Feel/MMTools/Core/Editor/MMPropertyControllers/ShaderControllerEditor.cs	Assets/Scripts/ThirdParty/Feel/MMTools/Core/Editor/MMPropertyControllers/ShaderControllerEditor.cs
retained-guid	87cd835267fdf4e47b4c5974e3a3b4fc	Assets/Feel/MMTools/Accessories/MMPrototypeTextures/Textures/MMProtoTextures/MMProtoTextures_DarkGreyFrame.png	Assets/Art/Textures/Feel/MMTools/Accessories/MMPrototypeTextures/Textures/MMProtoTextures/MMProtoTextures_DarkGreyFrame.png
retained-guid	a6aa03a6a85f38c43a3bd39d28ee09d1	Assets/Feel/readme.txt	Assets/Documentation/Feel/readme.txt
retained-guid	0988d9b4b34ac9c49a36cf9a04cf5776	Assets/Feel/MMTools/Accessories/MMUtilities/MMSceneRestarter.cs	Assets/Scripts/ThirdParty/Feel/MMTools/Accessories/MMUtilities/MMSceneRestarter.cs
retained-guid	31579fc1a653bad4fb53e3b1931fdd27	Assets/Feel/MMFeedbacks/MMFeedbacks/Shakers/MMCameraOrthographicSizeShaker.cs	Assets/Scripts/ThirdParty/Feel/MMFeedbacks/MMFeedbacks/Shakers/MMCameraOrthographicSizeShaker.cs
retained-guid	bbf5e7decc40e8d4e9a6ad8c5046c26d	Assets/Feel/MMTools/Core/Editor/MMRadio/MMPropertyEmitterDrawer.cs	Assets/Scripts/ThirdParty/Feel/MMTools/Core/Editor/MMRadio/MMPropertyEmitterDrawer.cs
retained-guid	80361f5e0185bb247a814457c589c1f3	Assets/Feel/MMTools/Accessories/MMActivation/MMOnMouse.cs	Assets/Scripts/ThirdParty/Feel/MMTools/Accessories/MMActivation/MMOnMouse.cs
retained-guid	edcc1b3de33bacd4c81ff1a864d65f8c	Assets/Feel/MMTools/Accessories/MMVFX/MMRipple/MMRippleSpiral2NM.png	Assets/Art/Textures/Feel/MMTools/Accessories/MMVFX/MMRipple/MMRippleSpiral2NM.png
removed-demo	f92424af8a6fa354d83079c4bf43b782	Assets/Feel/MMFeedbacks/Demos/SequencingDemo/Textures/wip/Rocks21_col.png	
retained-guid	d6c55732adbfa0d4593bd219357d1a00	Assets/Feel/MMFeedbacks/MMFeedbacksForThirdParty/HDRP/Resources/MMDefaultHDRPProfile.asset	Assets/Data/Feedback/Feel/MMFeedbacks/MMFeedbacksForThirdParty/HDRP/Defaults/MMDefaultHDRPProfile.asset
removed-demo	58d88ba2c05b81745a46c081f0435f32	Assets/Feel/MMTools/Demos/MMOrbitalCamera/PostProcessing/MMOrbitalCameraPPProfile_URP.asset	
removed-demo	fe457f6a83be24b4e864d3cf8bcef5da	Assets/Feel/MMFeedbacks/Demos/SequencingDemo/Textures/Tiles12_nrm.png	
removed-demo	a080b2252c3a59546a7462b0fb3ef79e	Assets/Feel/NiceVibrations/Demo/Common/Scripts/UI/MMFPSCounter.cs	
retained-guid	6ca15a4a57ce0a947835411d7c771538	Assets/Feel/MMTools/Core/MMAudio/MMSoundManager/MMSoundManagerAudioPool.cs	Assets/Scripts/ThirdParty/Feel/MMTools/Core/MMAudio/MMSoundManager/MMSoundManagerAudioPool.cs
retained-guid	ff41eb325c823854b878fbc622f8d9fe	Assets/Feel/MMTools/Core/MMExtensions/MMScrollRectExtensions.cs	Assets/Scripts/ThirdParty/Feel/MMTools/Core/MMExtensions/MMScrollRectExtensions.cs
retained-guid	bda4c1805f4bd2f49923dfac1e1e004b	Assets/Feel/MMTools/Core/MMAudio/MMSoundManager/Events/MMSoundManagerTrackEvent.cs	Assets/Scripts/ThirdParty/Feel/MMTools/Core/MMAudio/MMSoundManager/Events/MMSoundManagerTrackEvent.cs
retained-guid	d231e18e55f422349931d83925fdece0	Assets/Feel/MMTools/Accessories/MMVFX/MMParticles/MMParticlesLight.png	Assets/Art/Textures/Feel/MMTools/Accessories/MMVFX/MMParticles/MMParticlesLight.png
removed-demo	4bebba443dfde234590941ced00055e3	Assets/Feel/FeelDemos/Toaster/Textures/FeelToasterSkybox.hdr	
retained-guid	ca4c1ca8bc423b748983b24393521cb7	Assets/Feel/MMTools/Accessories/MMGUI/SelectionBase.cs	Assets/Scripts/ThirdParty/Feel/MMTools/Accessories/MMGUI/SelectionBase.cs
removed-demo	913454faafb0f7447b1c7d1f27b85cab	Assets/Feel/FeelDemos/SquashAndStretch/Materials/FeelSquashAndStretchTires.mat	
retained-guid	0f6892e7c981ffa45ad8e24c33bdac4e	Assets/Feel/MMFeedbacks/MMFeedbacksForThirdParty/Cinemachine/Feedbacks/MMF_CinemachineImpulseSource.cs	Assets/Scripts/ThirdParty/Feel/MMFeedbacks/MMFeedbacksForThirdParty/Cinemachine/Feedbacks/MMF_CinemachineImpulseSource.cs
removed-demo	d75d25af9cf30d64a970b0b330cca4ca	Assets/Feel/FeelDemos/CardsUI/Textures/Art/Feelcardsui Fireproof.webm	
retained-guid	bee69e9222e12344bb5a210ca5e5b2c2	Assets/Feel/MMTools/Accessories/MMVFX/MMBrushes/MMBrush1.png	Assets/Art/Textures/Feel/MMTools/Accessories/MMVFX/MMBrushes/MMBrush1.png
removed-demo	471afda64b8263d419ccd35e8af5c7ae	Assets/Feel/FeelDemos/Strike/StrikeURP.unity	
retained-guid	dd84fe1c93f4349449c5a9eecc793678	Assets/Feel/MMFeedbacks/MMFeedbacks/Feedbacks/MMF_Rotation.cs	Assets/Scripts/ThirdParty/Feel/MMFeedbacks/MMFeedbacks/Feedbacks/MMF_Rotation.cs
removed-demo	12157dac3c250d14cb3dd065c589a115	Assets/Feel/MMFeedbacks/Demos/MMFeedbacksDemo/Volumes_URP/MMFeedbacksDemoMainVolume.asset	
removed-demo	6296d403fae67ba4d9e25ff1bab02180	Assets/Feel/FeelDemos/Letters/PostProcessing/FeelLettersDemoPostProcessingProfileMotionBlur.asset	
removed-demo	1d1dc2ba835ade64fbfd0b366c9153c4	Assets/Feel/FeelDemos/SquashAndStretch/Materials/FeelSquashAndStretchCarWheelsInside.mat	
removed-demo	0cc8b736879e846a19b851eb815591a8	Assets/Feel/NiceVibrations/HapticSamples/Objects/Coin1.wav	
removed-demo	32f1e2b4aaff8428e9ec30653001a922	Assets/Feel/NiceVibrations/HapticSamples/Objects/Book2.wav	
retained-guid	40ebbdf2c7a17d342843431f58d3e892	Assets/Feel/MMTools/Accessories/MMPrototypeTextures/MMBRP_Materials/MMBPR_GreenFrame.mat	Assets/Art/Materials/Feel/MMTools/Accessories/MMPrototypeTextures/MMBRP_Materials/MMBPR_GreenFrame.mat
removed-demo	e890f885b5de544d59ae4ab0664dcc8b	Assets/Feel/NiceVibrations/HapticSamples/Objects/Fireplace1.haptic	
removed-demo	9c2c3a0d3e1585f4eb9aa69d59cf56cf	Assets/Feel/MMFeedbacks/Demos/SequencingDemo/Textures/Tiles60_nrm.png	
removed-demo	20fc8178216bc494d88051a9edaf1ed7	Assets/Feel/FeelDemos/Wheel/Materials/FeelWheelDustMaterial.mat	
removed-demo	c75a1321fa43aba438cede1bdc76489b	Assets/Feel/MMTools/Demos/MMGhostCamera/Materials/MMGhostCameraBuildings.mat	
removed-demo	5c2950ce60a0fb64ead6ef839a3becd2	Assets/Feel/FeelDemos/Blob/FeelBlob.unity	
retained-guid	04d21181005a65b47acaea5c6f605184	Assets/Feel/MMTools/Accessories/MMVFX/MMBrushes/MMBrush0.png	Assets/Art/Textures/Feel/MMTools/Accessories/MMVFX/MMBrushes/MMBrush0.png
retained-guid	238ecd560015b8747bc952b63dc334c3	Assets/Feel/MMFeedbacks/MMFeedbacksForThirdParty/HDRP/Feedbacks/MMF_LensDistortion_HDRP.cs	Assets/Scripts/ThirdParty/Feel/MMFeedbacks/MMFeedbacksForThirdParty/HDRP/Feedbacks/MMF_LensDistortion_HDRP.cs
removed-demo	bbec1866c8d0041ccba6df06af0e17fd	Assets/Feel/NiceVibrations/HapticSamples/Objects/SwitchLight1.wav	
retained-guid	5dbb0d969791b2a4f991754c03cf2579	Assets/Feel/MMTools/Core/MMSingletons/MMSingleton.cs	Assets/Scripts/ThirdParty/Feel/MMTools/Core/MMSingletons/MMSingleton.cs
removed-demo	403c90a1ed71b4c92970bae66c263683	Assets/Feel/NiceVibrations/HapticSamples/Impacts/Concrete2.haptic	
removed-demo	af46e8af2091e424fa0284d75d54e9c6	Assets/Feel/FeelDemosHDRP/Falcon/FalconHDRP.unity	
retained-guid	5aecab0d11ad9fe47bd4744bf897a145	Assets/Feel/MMTools/Accessories/MMDebugMenu/Scripts/MMDebugMenuItems/MMDebugMenuItemValue.cs	Assets/Scripts/ThirdParty/Feel/MMTools/Accessories/MMDebugMenu/Scripts/MMDebugMenuItems/MMDebugMenuItemValue.cs
removed-demo	6fb3dffe7d70848dfbb83dace4de0fd3	Assets/Feel/NiceVibrations/HapticSamples/Nature/Thunder1.wav	
removed-demo	2a076dfae72a84088855d51a4c2259f4	Assets/Feel/NiceVibrations/HapticSamples/ApplicationUX/Button2.haptic	
retained-guid	c6f3cc53c6ac3754bbf1b45956f64a21	Assets/Feel/MMTools/Accessories/Editor/MMMaintenance/MMFindPrefabsByMono.cs	Assets/Scripts/ThirdParty/Feel/MMTools/Accessories/Editor/MMMaintenance/MMFindPrefabsByMono.cs
retained-guid	b6df521b0f2978740a4c18dddde873a8	Assets/Feel/MMTools/Core/MMExtensions/MMBoundsExtensions.cs	Assets/Scripts/ThirdParty/Feel/MMTools/Core/MMExtensions/MMBoundsExtensions.cs
removed-demo	d9c2d3b5b3491844cb195e03ee9e1524	Assets/Feel/MMFeedbacks/Demos/MMFeedbacksDemo/Models/Sphere.fbx	
removed-demo	48d92ccaa854cd94191057b0c3d990a1	Assets/Feel/FeelDemos/Toaster/Materials/FeelToasterBodyAltMaterial.mat	
removed-demo	1b723329471ef4d2cb72b3db472f7758	Assets/Feel/NiceVibrations/HapticSamples/Objects/SwitchLight2.haptic	
retained-guid	1ffac7400616d3f44b99ca936f6ab406	Assets/Feel/MMFeedbacks/MMFeedbacksForThirdParty/URP/Springs/MMSpringWhiteBalanceTemperature_URP.cs	Assets/Scripts/ThirdParty/Feel/MMFeedbacks/MMFeedbacksForThirdParty/URP/Springs/MMSpringWhiteBalanceTemperature_URP.cs
retained-guid	c05de6f8b07240b4e87c6219630c251d	Assets/Feel/MMTools/Accessories/MMProcedural/MMGridGenerators/MMGridGeneratorRandom.cs	Assets/Scripts/ThirdParty/Feel/MMTools/Accessories/MMProcedural/MMGridGenerators/MMGridGeneratorRandom.cs
removed-demo	c3ce4ac22ce844496866ad9499f57d48	Assets/Feel/NiceVibrations/HapticSamples/Nature/RaininCar1.haptic	
removed-demo	f9aa017ddb0ef4d2bb559f7687adfa6b	Assets/Feel/NiceVibrations/HapticSamples/Weapons/DistanceGunShot3.wav	
removed-demo	9231d5374a98f36428eb9a7a8195d7d7	Assets/Feel/FeelDemos/Toaster/Materials/FeelToasterToasterMetalMaterial.mat	
retained-guid	9c77c6d59898ea34989b338214db7de1	Assets/Feel/MMTools/Foundation/MMAnimation/MMOffsetAnimation.cs	Assets/Scripts/ThirdParty/Feel/MMTools/Foundation/MMAnimation/MMOffsetAnimation.cs
removed-demo	e69503b16837c6d4fb7e7c787b6bbd80	Assets/Feel/MMFeedbacks/Demos/SequencingDemo/Materials/SequencerTiles44.mat	
removed-demo	455ddac23d94f4d198bbb7f9deda4c13	Assets/Feel/NiceVibrations/HapticSamples/Objects/Fan2.haptic	
removed-demo	43c50bae6746697438e0125e37685f9d	Assets/Feel/FeelDemos/SquashAndStretch/Materials/FeelSquashAndStretchSkybox.mat	
removed-demo	b5f90f292a1434ac6b261e7f3c05b4ec	Assets/Feel/NiceVibrations/HapticSamples/Objects/SwitchHeavy2.haptic	
retained-guid	5686e06ef14cf104b8e282ee7c41b9a6	Assets/Feel/MMTools/Demos/MMTween/Fonts/Lato/TTF/Lato-Regular.ttf	Assets/Art/Fonts/Feel/MMTools/Demos/MMTween/Fonts/Lato/TTF/Lato-Regular.ttf
retained-guid	785d13d865eaebc419648f8390c840b3	Assets/Feel/MMTools/Accessories/MMPrototypeTextures/Textures/MMProtoTextures/MMProtoTextures_GreenSquares.png	Assets/Art/Textures/Feel/MMTools/Accessories/MMPrototypeTextures/Textures/MMProtoTextures/MMProtoTextures_GreenSquares.png
removed-demo	85c1b8e457f4f5f4aa5ca06347392250	Assets/Feel/MMFeedbacks/Demos/SequencingDemo/Textures/ChristmasTreeOrnament01_rgh.png	
retained-guid	594480777cec0fa489126aeb2273ecbc	Assets/Feel/MMTools/Accessories/MMPrototypeTextures/MMBRP_Materials/MMBPR_BlueSquares.mat	Assets/Art/Materials/Feel/MMTools/Accessories/MMPrototypeTextures/MMBRP_Materials/MMBPR_BlueSquares.mat
removed-demo	0d11a8d904e77af4bbbac066d6455c5a	Assets/Feel/MMFeedbacks/Demos/SequencingDemo/Materials/SequencerTiles67.mat	
removed-demo	80140f70bc373074582ae93dffce593b	Assets/Feel/MMFeedbacks/Demos/SequencingDemo/Sounds/Kit/MMSequencingTom3.wav	
removed-demo	a2bfccdea313bee4cbe611dfd2194b6c	Assets/Feel/MMFeedbacks/Demos/MMFeedbacksDemo/Materials/FeedbacksDemoBackgroundCube.mat	
removed-demo	cfcdc5dc0e6c9c24d8a191370c6569de	Assets/Feel/MMTools/Demos/MMGhostCamera/Materials/MMGhostCameraDark.mat	
retained-guid	bd8ab284de1a65c49870e4b81e46134a	Assets/Feel/MMTools/Core/MMTween/MMFollowTarget.cs	Assets/Scripts/ThirdParty/Feel/MMTools/Core/MMTween/MMFollowTarget.cs
removed-demo	627abeda22cf641229bbabf8535e9eb9	Assets/Feel/NiceVibrations/HapticSamples/Music/Snare1.wav	
removed-demo	43af5559b3ab34a388ebee466729f606	Assets/Feel/NiceVibrations/HapticSamples/Weapons/LightMachineGunLoad1.haptic	
retained-guid	7d786b9e198e820439b64c5406322429	Assets/Feel/MMFeedbacks/MMFeedbacks/Springs/Springs/MMSpringTMPCharacterSpacing.cs	Assets/Scripts/ThirdParty/Feel/MMFeedbacks/MMFeedbacks/Springs/Springs/MMSpringTMPCharacterSpacing.cs
retained-guid	d566c4f1cefdec64fbce3a07b23976cb	Assets/Feel/MMTools/Core/MMRadio/MMRadioSignal/MMRadioSignalAudioAnalyzer.cs	Assets/Scripts/ThirdParty/Feel/MMTools/Core/MMRadio/MMRadioSignal/MMRadioSignalAudioAnalyzer.cs
retained-guid	290476dd0718b944c9de1d397bfa0f4d	Assets/Feel/MMTools/Accessories/MMInstantiation/MMRandomBoundsInstantiator.cs	Assets/Scripts/ThirdParty/Feel/MMTools/Accessories/MMInstantiation/MMRandomBoundsInstantiator.cs
removed-demo	e4adaaccd6446624fb3a2f74397d0c51	Assets/Feel/FeelDemos/Wheel/PostProcessing/FeelWheelPostProcessingProfile_URP.asset	
retained-guid	b76fc03c4a7392642aa1edd7647ffdac	Assets/Feel/MMFeedbacks/MMFeedbacks/Feedbacks/MMF_CameraClippingPlanes.cs	Assets/Scripts/ThirdParty/Feel/MMFeedbacks/MMFeedbacks/Feedbacks/MMF_CameraClippingPlanes.cs
removed-demo	a362ed6a986e00d43b99c55140c54676	Assets/Feel/MMTools/Demos/MMTween/Camera/MMPlotterPostProcessingProfile.asset	
retained-guid	28f1ec0b82fdf434b8efa0ef0f9a9d37	Assets/Feel/NiceVibrations/Scripts/Components/Resources/nv-constant-template.txt	Assets/Data/Feedback/Feel/NiceVibrations/Scripts/Components/Defaults/nv-constant-template.txt
retained-guid	e70ed4c65521d064daf6f4fb01c8a707	Assets/Feel/MMTools/Core/Editor/MMAudio/AudioAnalyzer/MMAudioAnalyzerEditor.cs	Assets/Scripts/ThirdParty/Feel/MMTools/Core/Editor/MMAudio/AudioAnalyzer/MMAudioAnalyzerEditor.cs
retained-guid	bf220d92758f9a54bae271726c599936	Assets/Feel/MMTools/Accessories/MMGUI/MMRaycastTarget.cs	Assets/Scripts/ThirdParty/Feel/MMTools/Accessories/MMGUI/MMRaycastTarget.cs
removed-demo	26f9f894c832e234e91a99e33cda5548	Assets/Feel/NiceVibrations/Demo/DemoAssets/CarDemo/Sounds/NVCarEngine.wav	
removed-demo	78d01778fd9d845408b42e0fe19fcca3	Assets/Feel/FeelDemos/Blob/Lighting/ReflectionProbe-0.exr	
removed-demo	c822edfe336373148a41aac735eeaae6	Assets/Feel/FeelDemos/Tactical/Tactical/LightingData.asset	
removed-demo	66d9c39e4eb9a8e479cd5bbee983ace2	Assets/Feel/FeelDemos/Springs/Materials/FeelSpringsBarbariansHelmetRim.mat	
retained-guid	f642848870e854947bbbb090be8948d7	Assets/Feel/MMFeedbacks/MMFeedbacksForThirdParty/UIToolkit/Base/MMF_UIToolkitColorBase.cs	Assets/Scripts/ThirdParty/Feel/MMFeedbacks/MMFeedbacksForThirdParty/UIToolkit/Base/MMF_UIToolkitColorBase.cs
removed-demo	44540e506989b554695d7cbb18aaa131	Assets/Feel/FeelDemos/Snake/Materials/FeelSnakeDemoSkybox2.mat	
removed-demo	f6409eaded04a4508a90a669fa70d734	Assets/Feel/NiceVibrations/HapticSamples/Nature/Rain1.wav	
retained-guid	f8650a79a9f5e38449718559d1d6a2f5	Assets/Feel/MMFeedbacks/MMFeedbacksForThirdParty/Cinemachine/Shakers/MMCinemachinePriorityListener.cs	Assets/Scripts/ThirdParty/Feel/MMFeedbacks/MMFeedbacksForThirdParty/Cinemachine/Shakers/MMCinemachinePriorityListener.cs
removed-demo	9d2a3cc38fc249747b99b3eee6df014c	Assets/Feel/FeelDemosHDRP/Falcon/Textures/FeelFalconRockAlbedo.png	
removed-demo	a4ea8836a3500f14296c643a46b5eeaa	Assets/Feel/FeelDemos/Letters/Sprites/FeelLettersDemoE1.png	
retained-guid	a5240da7fff0bf34da21c7edff42b1d4	Assets/Feel/MMTools/Core/MMSceneLoading/Sprites/MoreMountainsLogo.png	Assets/Art/Textures/Feel/MMTools/Core/MMSceneLoading/Sprites/MoreMountainsLogo.png
removed-demo	54b8ec0fd166140138ef6eef0c341c4e	Assets/Feel/NiceVibrations/HapticSamples/Objects/Coin3.haptic	
removed-demo	747a175745b7f704e8f9c65f1aca44b3	Assets/Feel/MMTools/Demos/MMTween/Fonts/Lato/TTF/Lato-HairlineItalic.ttf	
retained-guid	0ae5a7b14d18753448a2b01437ea288e	Assets/Feel/MMFeedbacks/MMFeedbacks/Shakers/MMLookAtShaker.cs	Assets/Scripts/ThirdParty/Feel/MMFeedbacks/MMFeedbacks/Shakers/MMLookAtShaker.cs
removed-demo	d1d3cb96244b84eb8bb9acd2272505ce	Assets/Feel/NiceVibrations/HapticSamples/Footsteps/FootstepGravel2.wav	
removed-demo	cf603b84d8a3b4d4995e404dd959ea6d	Assets/Feel/NiceVibrations/HapticSamples/Objects/Fireplace2.haptic	
retained-guid	4b2f59655d77fdd40bca0d6809adad81	Assets/Feel/MMTools/Accessories/MMVFX/MMParticles/MMParticlesBolt.png	Assets/Art/Textures/Feel/MMTools/Accessories/MMVFX/MMParticles/MMParticlesBolt.png
retained-guid	e305d4ff6fcb66148a89b78f93cc03fa	Assets/Feel/MMFeedbacks/Editor/Core/UIToolkit/Textures/FeelEmptyList.png	Assets/Art/UI/Feel/MMFeedbacks/Editor/Core/UIToolkit/Textures/FeelEmptyList.png
retained-guid	003f6640c70f0c74085aeba7df48fe55	Assets/Feel/MMTools/Core/MMRadio/MMProperty/MMPropertyPicker/MMPropertyReceiver.cs	Assets/Scripts/ThirdParty/Feel/MMTools/Core/MMRadio/MMProperty/MMPropertyPicker/MMPropertyReceiver.cs
removed-demo	f2df404e0aa2343fda3a088cbae0ec1a	Assets/Feel/NiceVibrations/HapticSamples/Impacts/Wood2.wav	
retained-guid	09758e9809f18be4db32f0059b184095	Assets/Feel/MMFeedbacks/MMFeedbacksForThirdParty/MMTools/Feedbacks/MMF_ShaderController.cs	Assets/Scripts/ThirdParty/Feel/MMFeedbacks/MMFeedbacksForThirdParty/MMTools/Feedbacks/MMF_ShaderController.cs
retained-guid	b681190ef64d3e2438805b489a9ac9a4	Assets/Feel/MMTools/Core/MMSaveLoad/MMSaveLoadManagerMethods.cs	Assets/Scripts/ThirdParty/Feel/MMTools/Core/MMSaveLoad/MMSaveLoadManagerMethods.cs
removed-demo	4c77b9d261589514abf27d28bcbb25d9	Assets/Feel/FeelDemos/Strike/AHAP/FeelStrikeNoSuccess.ahap.json	
removed-demo	dcb02f28cff3445d390346c407d9a425	Assets/Feel/NiceVibrations/HapticSamples/Objects/Cash2.wav	
removed-demo	331ff236ae918c94f8cc64286233ebe0	Assets/Feel/FeelDemos/Tactical/PostProcessing/FeelTacticalPostProcessingProfile_URP.asset	
removed-demo	16da1d1a37b324c488b16e2b6de1f689	Assets/Feel/MMFeedbacks/Demos/SequencingDemo/Textures/PaintedMetal02_mask.png	
retained-guid	149489106c60322478987726a9b71cc1	Assets/Feel/MMTools/Accessories/MMPrototypeTextures/Textures/MMProtoTextures/MMProtoTextures_YellowDots.png	Assets/Art/Textures/Feel/MMTools/Accessories/MMPrototypeTextures/Textures/MMProtoTextures/MMProtoTextures_YellowDots.png
retained-guid	59e17accdf8e47d4ab7fd8d8d6cec437	Assets/Feel/MMFeedbacks/MMFeedbacks/Feedbacks/MMF_ImageRaycastTarget.cs	Assets/Scripts/ThirdParty/Feel/MMFeedbacks/MMFeedbacks/Feedbacks/MMF_ImageRaycastTarget.cs
removed-demo	7072562f485c64f5382299fd1d1378e0	Assets/Feel/NiceVibrations/HapticSamples/Weapons/HeavyMachineGunFire2.haptic	
retained-guid	5d8e35f0e39f9744095dbb47ae3363a2	Assets/Feel/MMTools/Accessories/MMUtilities/MMApplicationQuit.cs	Assets/Scripts/ThirdParty/Feel/MMTools/Accessories/MMUtilities/MMApplicationQuit.cs
retained-guid	1c32b4600f4e8964ea69bf0c126763e2	Assets/Feel/MMFeedbacks/MMFeedbacksForThirdParty/UIToolkit/Feedbacks/MMF_UIToolkitImageTint.cs	Assets/Scripts/ThirdParty/Feel/MMFeedbacks/MMFeedbacksForThirdParty/UIToolkit/Feedbacks/MMF_UIToolkitImageTint.cs
retained-guid	36e7bd57934b78f4a9322ccf51d88b17	Assets/Feel/MMFeedbacks/MMFeedbacks/Feedbacks/MMF_SpriteSheetAnimation.cs	Assets/Scripts/ThirdParty/Feel/MMFeedbacks/MMFeedbacks/Feedbacks/MMF_SpriteSheetAnimation.cs
removed-demo	0aa9d325f040949238fe3e95649505e6	Assets/Feel/NiceVibrations/HapticSamples/Objects/Book1.haptic	
retained-guid	4c4357fb44dc45247923329e5534f898	Assets/Feel/MMFeedbacks/MMFeedbacks/Feedbacks/MMF_LookAt.cs	Assets/Scripts/ThirdParty/Feel/MMFeedbacks/MMFeedbacks/Feedbacks/MMF_LookAt.cs
removed-demo	f2d01eb79c6a6b34e87102aa12f27e80	Assets/Feel/FeelDemos/Common/Scripts/FeelDemosInstructions.cs	
retained-guid	a7a2bc31348bf0944bdfecbcd88c4c5f	Assets/Feel/MMFeedbacks/MMFeedbacksForThirdParty/HDRP/MoreMountains.Feedbacks.HDRP.asmref	Assets/Scripts/ThirdParty/Feel/MMFeedbacks/MMFeedbacksForThirdParty/HDRP/MoreMountains.Feedbacks.HDRP.asmref
retained-guid	c14ab46a507c8324c8b54e6a3fdc2b0e	Assets/Feel/MMFeedbacks/Editor/Resources/MMF_PlayerConfiguration.asset	Assets/Data/Feedback/Feel/MMFeedbacks/Editor/Defaults/MMF_PlayerConfiguration.asset
retained-guid	d82dce2d70e40844290719d664b4ed1a	Assets/Feel/MMFeedbacks/MMFeedbacks/Springs/Feedbacks/MMF_SpringVector3.cs	Assets/Scripts/ThirdParty/Feel/MMFeedbacks/MMFeedbacks/Springs/Feedbacks/MMF_SpringVector3.cs
removed-demo	e4f15ceb93ba239428a264bee2d14a4c	Assets/Feel/FeelDemos/Barbarians/Models/Materials/GreenLand.mat	
removed-demo	725cf847b44dd4d5ba225c63dce8eca8	Assets/Feel/NiceVibrations/HapticSamples/Objects/Keys2.wav	
retained-guid	bd752e51b75d9404f8567b2de4478a17	Assets/Feel/MMFeedbacks/MMFeedbacksForThirdParty/URP/Feedbacks/MMF_PaniniProjection_URP.cs	Assets/Scripts/ThirdParty/Feel/MMFeedbacks/MMFeedbacksForThirdParty/URP/Feedbacks/MMF_PaniniProjection_URP.cs
retained-guid	b0712f49a894a7149b9dcdb51af896d1	Assets/Feel/MMFeedbacks/MMFeedbacks/Feedbacks/MMF_Position.cs	Assets/Scripts/ThirdParty/Feel/MMFeedbacks/MMFeedbacks/Feedbacks/MMF_Position.cs
removed-demo	62deb903dafe4dd46b6ad474250fade3	Assets/Feel/FeelDemos/SquashAndStretch/Materials/FeelSquashAndStretchCarBodyBlue.mat	
removed-demo	a8538baee4d903d45a759c0511b74253	Assets/Feel/FeelDemos/Strike/Models/FeelStrikePinPhysicsMesh.fbx	
retained-guid	b2625daa927689341bf30fbd51782d48	Assets/Feel/MMTools/Core/MMExtensions/MMGameObjectExtensions.cs	Assets/Scripts/ThirdParty/Feel/MMTools/Core/MMExtensions/MMGameObjectExtensions.cs
removed-demo	d69ba10a5cfd9d748bd38f539b6646d9	Assets/Feel/FeelDemos/UIToolkitFeedbacksDemo/PanelSettings/DefaultTheme.tss	
removed-demo	c85e3f1bded2f414e9cd18a5c09171b3	Assets/Feel/FeelDemos/Common/Sprites/MadeWithFeel.png	
removed-demo	f95231205f5c99c479eb98d562d4108f	Assets/Feel/FeelDemos/Bounce/FeelBounce.unity	
removed-demo	c35fe602e21b38542ba33e1db2731a5f	Assets/Feel/FeelDemos/Letters/Sprites/FeelLettersDemoMouth6.png	
removed-demo	ea7d34d87f5e647b087c1b6e686028ca	Assets/Feel/NiceVibrations/HapticSamples/ApplicationUX/Pop1.haptic	
retained-guid	b91c53058d9ddc04bbc92506986923a3	Assets/Feel/MMTools/Accessories/MMActivation/MMPeriodicExecution.cs	Assets/Scripts/ThirdParty/Feel/MMTools/Accessories/MMActivation/MMPeriodicExecution.cs
retained-guid	9fb2f7aca634c294ab8ca0d06ee4d78a	Assets/Feel/MMTools/Accessories/MMPrototypeTextures/Textures/MMProtoTextures/MMProtoTextures_YellowSquares.png	Assets/Art/Textures/Feel/MMTools/Accessories/MMPrototypeTextures/Textures/MMProtoTextures/MMProtoTextures_YellowSquares.png
removed-demo	ba4b0190b4835eb44b595b6d27c48e2e	Assets/Feel/NiceVibrations/Demo/DemoAssets/HapticClipsDemo/Sounds/NVCarillon.wav	
retained-guid	9f9e4aca8bab2b74aaed6715f75873ef	Assets/Feel/MMTools/Accessories/MMVFX/MMParticles/MMParticlesFlash.png	Assets/Art/Textures/Feel/MMTools/Accessories/MMVFX/MMParticles/MMParticlesFlash.png
removed-demo	878d914d9a1163f47ac32cd434808b25	Assets/Feel/FeelDemos/SquashAndStretch/Materials/FeelSquashAndStretchGround.mat	
retained-guid	40f518105f6f40f459c8d96790772f07	Assets/Feel/MMTools/Core/MMExtensions/MMVector3Extensions.cs	Assets/Scripts/ThirdParty/Feel/MMTools/Core/MMExtensions/MMVector3Extensions.cs
removed-demo	4a74f61bf7075e8439f9a759ece2693f	Assets/Feel/FeelDemos/Blob/Sounds/FeelBlobMusic.wav	
removed-demo	21790ef8523e44ebc8e5c7b53f1cb9ec	Assets/Feel/NiceVibrations/HapticSamples/Nature/CatPurr1.wav	
removed-demo	98e14f8747723c14ab608315e74299e3	Assets/Feel/FeelDemos/MMProgressBar/PostProcessing/FeelMMProgressBarPPProfile.asset	
retained-guid	074e2f162fb1f104087f3cc4bef82972	Assets/Feel/MMFeedbacks/MMFeedbacksForThirdParty/MMTools/Feedbacks/MMF_Sound.cs	Assets/Scripts/ThirdParty/Feel/MMFeedbacks/MMFeedbacksForThirdParty/MMTools/Feedbacks/MMF_Sound.cs
retained-guid	a81b3d6b0f5d3d14a8395a2a9611e7a4	Assets/Feel/MMTools/Core/MMRadio/MMRadioSignal/MMRadioSignal.cs	Assets/Scripts/ThirdParty/Feel/MMTools/Core/MMRadio/MMRadioSignal/MMRadioSignal.cs
retained-guid	5fff0ec3f88bb6146b69ac5122464d3c	Assets/Feel/MMFeedbacks/Editor/Core/UIToolkit/MMF_PlayerEditorUITKStyleSheet_Controls.uss	Assets/Scripts/ThirdParty/Feel/MMFeedbacks/Editor/Core/UIToolkit/MMF_PlayerEditorUITKStyleSheet_Controls.uss
retained-guid	5c964d0d3ffd13b4ab953b5a79d30c07	Assets/Feel/MMTools/Core/MMSceneLoading/Sprites/LoadingAnimation.anim	Assets/Art/Animations/Feel/MMTools/Core/MMSceneLoading/Sprites/LoadingAnimation.anim
removed-demo	5806e204a67b1444b8a4d4c2e3d32a58	Assets/Feel/MMFeedbacks/Demos/MMFeedbacksDemo/Sounds/MMFeedbacksDemoKey.wav	
retained-guid	0d18225582eee064fa0fefcd74282b2b	Assets/Feel/MMFeedbacks/MMFeedbacksForThirdParty/MMTools/Feedbacks/MMF_RectTransformOffset.cs	Assets/Scripts/ThirdParty/Feel/MMFeedbacks/MMFeedbacksForThirdParty/MMTools/Feedbacks/MMF_RectTransformOffset.cs
retained-guid	3e7af6eb6162e4f41a19087b663c52eb	Assets/Feel/MMFeedbacks/MMFeedbacks/Springs/Core/MMSpringVector2.cs	Assets/Scripts/ThirdParty/Feel/MMFeedbacks/MMFeedbacks/Springs/Core/MMSpringVector2.cs
removed-demo	4feff79cdc04e1145884512f088bdfde	Assets/Feel/FeelDemos/Letters/Sprites/FeelLettersDemoSing.png	
retained-guid	3ec5758e2d9e3f14abd3e218d26005d4	Assets/Feel/MMFeedbacks/MMFeedbacksForThirdParty/UIToolkit/Feedbacks/MMF_UIToolkitVisible.cs	Assets/Scripts/ThirdParty/Feel/MMFeedbacks/MMFeedbacksForThirdParty/UIToolkit/Feedbacks/MMF_UIToolkitVisible.cs
removed-demo	9143cc0979f80d945bb7339cd7a44944	Assets/Feel/NiceVibrations/Demo/DemoAssets/HapticClipsDemo/Sounds/NVGameOver.wav	
retained-guid	7b9d2829e14d10b4ca64457e40710bf2	Assets/Feel/MMTools/Core/MMAttributes/MMExecutionOrderAttribute.cs	Assets/Scripts/ThirdParty/Feel/MMTools/Core/MMAttributes/MMExecutionOrderAttribute.cs
retained-guid	f4520ff861e339d42bae57b95686b14b	Assets/Feel/MMTools/Core/MMPropertyControllers/FloatController.cs	Assets/Scripts/ThirdParty/Feel/MMTools/Core/MMPropertyControllers/FloatController.cs
retained-guid	51cd42785d86b984f857efaa3a7e0f28	Assets/Feel/MMFeedbacks/MMFeedbacksForThirdParty/URP/Feedbacks/MMF_MotionBlur_URP.cs	Assets/Scripts/ThirdParty/Feel/MMFeedbacks/MMFeedbacksForThirdParty/URP/Feedbacks/MMF_MotionBlur_URP.cs
removed-demo	56d3fe151944893428a75fea675535f5	Assets/Feel/FeelDemos/Bounce/Scripts/BounceRocks.cs	
retained-guid	5d32468fc4b09b2409873fc687f0e04d	Assets/Feel/MMTools/Core/MMEvents/MMGameEventListener.cs	Assets/Scripts/ThirdParty/Feel/MMTools/Core/MMEvents/MMGameEventListener.cs
removed-demo	8e268d5085d69094b9f39e928a6bf0af	Assets/Feel/MMFeedbacks/Demos/SequencingDemo/Textures/Fabric06_rgh.png	
retained-guid	51662a222e352d74a8ad12e5843f7501	Assets/Feel/MMFeedbacks/MMFeedbacksForThirdParty/Cinemachine/Shakers/MMCinemachineZoom.cs	Assets/Scripts/ThirdParty/Feel/MMFeedbacks/MMFeedbacksForThirdParty/Cinemachine/Shakers/MMCinemachineZoom.cs
retained-guid	3b2a1f7815d40344186f7659d93abe80	Assets/Feel/MMTools/Accessories/MMMovement/MMPreventPassingThrough.cs	Assets/Scripts/ThirdParty/Feel/MMTools/Accessories/MMMovement/MMPreventPassingThrough.cs
removed-demo	0b9510d2790829140953392aae2b6679	Assets/Feel/FeelDemos/MMProgressBar/Sprites/FeelMMProgressBarCircle.png	
retained-guid	1a4b9ae95443d5a489bd918c848e2390	Assets/Feel/MMTools/Accessories/MMDebugMenu/Prefabs/MMDebugMenuSpacerSmall.prefab	Assets/Art/Prefabs/Feel/MMTools/Accessories/MMDebugMenu/Prefabs/MMDebugMenuSpacerSmall.prefab
retained-guid	932db15dad1eb664ab1a91d94a8b6fbf	Assets/Feel/MMTools/Demos/MMTween/Fonts/Lato/SDF/Lato-Hairline SDF.asset	Assets/Data/Feedback/Feel/MMTools/Demos/MMTween/Fonts/Lato/SDF/Lato-Hairline SDF.asset
removed-demo	b21300540b7458749bf916d12e31fd4b	Assets/Feel/FeelDemos/Brass/Animations/FeelTactical@Dancing.fbx	
retained-guid	fc636806db6f2654d970ed32802db8be	Assets/Feel/MMTools/Accessories/MMPrototypeTextures/MMBRP_Materials/Neutral/MMBRP_NeutralBlack.mat	Assets/Art/Materials/Feel/MMTools/Accessories/MMPrototypeTextures/MMBRP_Materials/Neutral/MMBRP_NeutralBlack.mat
retained-guid	614edb33c38bcf949846d5675f29f9fb	Assets/Feel/MMTools/Core/MMAudio/MMSoundManager/MMSoundManager.cs	Assets/Scripts/ThirdParty/Feel/MMTools/Core/MMAudio/MMSoundManager/MMSoundManager.cs
retained-guid	f9722bddba2de794aa1baf2d5fa37d5e	Assets/Feel/MMFeedbacks/MMFeedbacks/Feedbacks/MMF_SpriteRenderer.cs	Assets/Scripts/ThirdParty/Feel/MMFeedbacks/MMFeedbacks/Feedbacks/MMF_SpriteRenderer.cs
retained-guid	c24966fa1ab8c204386b20706d166d8d	Assets/Feel/MMTools/Accessories/MMVFX/MMBloomDirt/MMBloomDirt4.png	Assets/Art/Textures/Feel/MMTools/Accessories/MMVFX/MMBloomDirt/MMBloomDirt4.png
removed-demo	a4f5c9e03cba42942ba85f0d492a06e7	Assets/Feel/FeelDemos/UIToolkitFeedbacksDemo/Scripts/UIToolkitDemo.cs	
retained-guid	b2691418b0bcfc540b38b297cf91acf2	Assets/Feel/MMTools/Core/MMUI/MMFaderRound.cs	Assets/Scripts/ThirdParty/Feel/MMTools/Core/MMUI/MMFaderRound.cs
retained-guid	17b834b8463b2c344871f84ca5852a03	Assets/Feel/MMFeedbacks/MMFeedbacksForThirdParty/PostProcessing/Springs/MMSpringVignetteColor.cs	Assets/Scripts/ThirdParty/Feel/MMFeedbacks/MMFeedbacksForThirdParty/PostProcessing/Springs/MMSpringVignetteColor.cs
removed-demo	f486667260dbdcb4cadd460c2fd25885	Assets/Feel/MMFeedbacks/Demos/MMFeedbacksDemo/Scripts/MMFDependencyInstaller.cs	
retained-guid	cd6b5fb73f238654ba224ef88b91ac2a	Assets/Feel/MMTools/Core/MMTween/MMTween.cs	Assets/Scripts/ThirdParty/Feel/MMTools/Core/MMTween/MMTween.cs
removed-demo	451112f5aba7d8041bc52b85134a0e73	Assets/Feel/MMTools/Demos/MMTween/Materials/MMPlotterPointMaterial 7.mat	
removed-demo	e1a66bffe830248279920f18ff3a45c3	Assets/Feel/NiceVibrations/HapticSamples/Objects/Hammer3.haptic	
retained-guid	54ac4fc9dfd37074aab2e6bff0c2e6ca	Assets/Feel/MMTools/Accessories/MMPrototypeTextures/MMBRP_Materials/MMBPR_YellowDots.mat	Assets/Art/Materials/Feel/MMTools/Accessories/MMPrototypeTextures/MMBRP_Materials/MMBPR_YellowDots.mat
retained-guid	078b8f13a17171b49892ad10426d5af0	Assets/Feel/NiceVibrations/OlderVersions/v1.7/NiceVibrations-v-1-7.unitypackage	Assets/Scripts/ThirdParty/Feel/NiceVibrations/OlderVersions/v1.7/NiceVibrations-v-1-7.unitypackage
retained-guid	d6fe51abeddc2b844abf21fdba23b947	Assets/Feel/MMFeedbacks/MMFeedbacksForThirdParty/URP/Shakers/MMPaniniProjectionShaker_URP.cs	Assets/Scripts/ThirdParty/Feel/MMFeedbacks/MMFeedbacksForThirdParty/URP/Shakers/MMPaniniProjectionShaker_URP.cs
removed-demo	d6fc63a0d606d42d5afa4d84d1bd63ec	Assets/Feel/NiceVibrations/HapticSamples/Weapons/ShotgunFire3.haptic	
removed-demo	bdea7835016ba4eff9e2ded269563cc8	Assets/Feel/NiceVibrations/HapticSamples/Objects/Cash5.wav	
retained-guid	50fa4744924e36d4d86ab98952c0207b	Assets/Feel/MMTools/Accessories/MMVFX/MMBrushes/MMBrush2.png	Assets/Art/Textures/Feel/MMTools/Accessories/MMVFX/MMBrushes/MMBrush2.png
retained-guid	8fda172b188d7f342ba64c2c53acc2e4	Assets/Feel/MMTools/Accessories/MMVFX/MMNoise/MMVoronoiNoise.png	Assets/Art/Textures/Feel/MMTools/Accessories/MMVFX/MMNoise/MMVoronoiNoise.png
retained-guid	39c2e38fedd7ea6458db806a703669ef	Assets/Feel/MMFeedbacks/MMFeedbacksForThirdParty/URP/Springs/MMSpringLensDistortionIntensity_URP.cs	Assets/Scripts/ThirdParty/Feel/MMFeedbacks/MMFeedbacksForThirdParty/URP/Springs/MMSpringLensDistortionIntensity_URP.cs
removed-demo	a87fdd11c2dfb48b58a2ba866de3e2f1	Assets/Feel/NiceVibrations/HapticSamples/Impacts/Glass1.haptic	
retained-guid	888394d52616e5e42b3b54c3f2bbd3eb	Assets/Feel/MMTools/Core/MMSceneLoading/LoadingScreens/LoadingScreen.unity	Assets/Scenes/Feel/MMTools/Core/MMSceneLoading/LoadingScreens/LoadingScreen.unity
retained-guid	26da15f4b3a68a54295a67aede05e70b	Assets/Feel/MMFeedbacks/MMFeedbacksForThirdParty/UIToolkit/Base/MMF_UIToolkit.cs	Assets/Scripts/ThirdParty/Feel/MMFeedbacks/MMFeedbacksForThirdParty/UIToolkit/Base/MMF_UIToolkit.cs
removed-demo	2b0c4bbc795c1cd458a0e991993226f3	Assets/Feel/FeelDemosHDRP/Falcon/Models/FeelFalcon.fbx	
removed-demo	4f9cfd41d3d2694429e179ee3c860600	Assets/Feel/FeelDemos/Wheel/Materials/FeelWheelRubber.mat	
retained-guid	266e8e08f7762ff488684f17ba9da511	Assets/Feel/MMFeedbacks/MMFeedbacksForThirdParty/MMTools/Feedbacks/MMF_MMSoundManagerTrackFade.cs	Assets/Scripts/ThirdParty/Feel/MMFeedbacks/MMFeedbacksForThirdParty/MMTools/Feedbacks/MMF_MMSoundManagerTrackFade.cs
retained-guid	f72e7b8c96262ed4d976576afafd53b0	Assets/Feel/MMTools/Accessories/MMDebugMenu/Prefabs/MMDebugMenuSpacerBig.prefab	Assets/Art/Prefabs/Feel/MMTools/Accessories/MMDebugMenu/Prefabs/MMDebugMenuSpacerBig.prefab
retained-guid	445360f52aabb4446be71f24e6576a72	Assets/Feel/MMTools/Foundation/MMAchievements/Resources/AchievementDisplay.prefab	Assets/Art/Prefabs/Feel/MMTools/Foundation/MMAchievements/Defaults/AchievementDisplay.prefab
removed-demo	8217bf5cf877d4f4daf54661d625cca3	Assets/Feel/FeelDemosHDRP/Falcon/Lighting/FeelFalconReflectionProbe-0.exr	
removed-demo	08305052b7211574c820ea6cf61cb10e	Assets/Feel/FeelDemos/Springs/Scripts/FeelSpringsDemoSlider.cs	
retained-guid	59a1dca0105634a4db09372297afadbf	Assets/Feel/MMTools/Core/MMAttributes/MMInspectorGroupAttribute.cs	Assets/Scripts/ThirdParty/Feel/MMTools/Core/MMAttributes/MMInspectorGroupAttribute.cs
retained-guid	49af33803f6148b4dad64c35bf986275	Assets/Feel/MMTools/Core/MMHelpers/MMTime.cs	Assets/Scripts/ThirdParty/Feel/MMTools/Core/MMHelpers/MMTime.cs
removed-demo	a9f670f4eae962b4683c35ae3d1db878	Assets/Feel/FeelDemos/Toaster/Models/FeelToasterModel.fbx	
removed-demo	404216ece0cc8ed4197fc74ead66c9ff	Assets/Feel/FeelDemos/GettingStartedTutorial/FeelGettingStartedTutorial.unity	
retained-guid	06e8923c17983d643980d7d7773b7382	Assets/Feel/MMTools/Accessories/MMPerformance/MMFPSCounter.cs	Assets/Scripts/ThirdParty/Feel/MMTools/Accessories/MMPerformance/MMFPSCounter.cs
removed-demo	454ff23bfc6f74a6e928276def6e6c3d	Assets/Feel/NiceVibrations/HapticSamples/Weapons/SniperFire1.haptic	
retained-guid	1425f31c35afe2d43944511ec551d73b	Assets/Feel/MMTools/Accessories/MMCamera/MMAspectRatioSafeZones.cs	Assets/Scripts/ThirdParty/Feel/MMTools/Accessories/MMCamera/MMAspectRatioSafeZones.cs
retained-guid	7190b0080c757413082e75f41313dee8	Assets/Feel/MMTools/Foundation/MMAchievements/Scripts/MMAchievementManager.cs	Assets/Scripts/ThirdParty/Feel/MMTools/Foundation/MMAchievements/Scripts/MMAchievementManager.cs
removed-demo	7e492ad07b6d548eea10ccbd1962e88f	Assets/Feel/NiceVibrations/HapticSamples/ApplicationUX/Alert1.wav	
removed-demo	c47ec643e0a0fff4fbad6440cee80cda	Assets/Feel/FeelDemos/Letters/Sounds/FeelLettersDemoHa2.wav	
retained-guid	e43c981f3033d36468c3cf0e9cbb5ef2	Assets/Feel/MMFeedbacks/MMFeedbacksForThirdParty/HDRP/Springs/MMSpringLensDistortionIntensity_HDRP.cs	Assets/Scripts/ThirdParty/Feel/MMFeedbacks/MMFeedbacksForThirdParty/HDRP/Springs/MMSpringLensDistortionIntensity_HDRP.cs
retained-guid	c49da9accb2eb1440a67851db7465381	Assets/Feel/MMFeedbacks/MMFeedbacks/Feedbacks/MMF_SquashAndStretch.cs	Assets/Scripts/ThirdParty/Feel/MMFeedbacks/MMFeedbacks/Feedbacks/MMF_SquashAndStretch.cs
removed-demo	51438239b78e140d0aa04a97e8b073bb	Assets/Feel/NiceVibrations/HapticSamples/Weapons/BowRelease1.haptic	
removed-demo	c8be763e295055541902ebe2b9522d25	Assets/Feel/MMTools/Demos/MMTween/Materials/MMPlotterPointMaterial 6.mat	
retained-guid	ff6ef20764af32745ad151687042db56	Assets/Feel/MMTools/Accessories/MMPrototypeTextures/Textures/MMCheckers/MMCheckers.png	Assets/Art/Textures/Feel/MMTools/Accessories/MMPrototypeTextures/Textures/MMCheckers/MMCheckers.png
removed-demo	60c74ef6462654a18b4395702acc58bd	Assets/Feel/NiceVibrations/HapticSamples/Weapons/HeavyMachineGunFire2.wav	
retained-guid	71d1f877a9ca4ed48963fe747f743dfc	Assets/Feel/MMFeedbacks/MMFeedbacksForThirdParty/URP/Shakers/MMColorAdjustmentsShaker_URP.cs	Assets/Scripts/ThirdParty/Feel/MMFeedbacks/MMFeedbacksForThirdParty/URP/Shakers/MMColorAdjustmentsShaker_URP.cs
removed-demo	4090289b14081c74d9929da1e8cd9bb9	Assets/Feel/FeelDemos/Snake/Sprites/FeelSnakeFood.png	
removed-demo	1c1d29f153f98364ca23263a0c96c8a9	Assets/Feel/NiceVibrations/Demo/Common/Sprites/NVVerticalProgressBar.png	
retained-guid	a3cc2a6a2ccbc204299038009e15eb65	Assets/Feel/MMFeedbacks/MMFeedbacks/Feedbacks/MMF_CameraShake.cs	Assets/Scripts/ThirdParty/Feel/MMFeedbacks/MMFeedbacks/Feedbacks/MMF_CameraShake.cs
retained-guid	5de5c1aa74da1b742a5654a4e584f246	Assets/Feel/MMFeedbacks/MMFeedbacks/Feedbacks/MMF_TimescaleModifier.cs	Assets/Scripts/ThirdParty/Feel/MMFeedbacks/MMFeedbacks/Feedbacks/MMF_TimescaleModifier.cs
retained-guid	e352b5419942c704c85f5410c6d2ada3	Assets/Feel/MMFeedbacks/MMFeedbacks/Feedbacks/MMF_ScaleSpring.cs	Assets/Scripts/ThirdParty/Feel/MMFeedbacks/MMFeedbacks/Feedbacks/MMF_ScaleSpring.cs
retained-guid	14b92bfe5ef8242479d196b4e9916647	Assets/Feel/MMFeedbacks/Editor/Core/UIToolkit/MMF_PlayerEditorUITKStyleSheet_LightSkin.uss	Assets/Scripts/ThirdParty/Feel/MMFeedbacks/Editor/Core/UIToolkit/MMF_PlayerEditorUITKStyleSheet_LightSkin.uss
removed-demo	5232fa07f925b52418fdfb492eac5485	Assets/Feel/MMTools/Demos/MMGizmos/MMGizmoDemoSkybox.mat	
removed-demo	1ecb76331b2602f4ba888267530cbfce	Assets/Feel/NiceVibrations/Demo/Common/Scripts/UI/MMFPSUnlock.cs	
retained-guid	ae5458ffd8cecaa4da3b1e90ef61cb88	Assets/Feel/MMTools/Accessories/MMVFX/MMRipple/MMRippleSquare1NM.png	Assets/Art/Textures/Feel/MMTools/Accessories/MMVFX/MMRipple/MMRippleSquare1NM.png
removed-demo	9b2edc97599f83a44b9c2d9da82e02e0	Assets/Feel/MMTools/Demos/MMGhostCamera/MMGhostCameraDemo.unity	
removed-demo	039dfbda1b6204409aeb52ea32a3aef0	Assets/Feel/NiceVibrations/HapticSamples/Weapons/ScifiGunshot1.wav	
retained-guid	a9dd0616922ed17418e0d66673193441	Assets/Feel/MMFeedbacks/MMFeedbacks/Shakers/MMSpriteRendererShaker.cs	Assets/Scripts/ThirdParty/Feel/MMFeedbacks/MMFeedbacks/Shakers/MMSpriteRendererShaker.cs
retained-guid	06c3a06ad80bcb147b2c74ed37ff2333	Assets/Feel/MMTools/Accessories/MMVFX/MMRipple/MMRippleBubble1NM.png	Assets/Art/Textures/Feel/MMTools/Accessories/MMVFX/MMRipple/MMRippleBubble1NM.png
retained-guid	13516cfdf366d2542bc2fa983b6f803a	Assets/Feel/MMTools/Accessories/MMPrototypeTextures/MMBRP_Materials/MMBPR_DarkGreyFrame.mat	Assets/Art/Materials/Feel/MMTools/Accessories/MMPrototypeTextures/MMBRP_Materials/MMBPR_DarkGreyFrame.mat
retained-guid	03dee039a0942664ba28a68a924bd105	Assets/Feel/MMTools/Core/MMAudio/MMSoundManager/Events/MMSoundManagerTrackFadeEvent.cs	Assets/Scripts/ThirdParty/Feel/MMTools/Core/MMAudio/MMSoundManager/Events/MMSoundManagerTrackFadeEvent.cs
removed-demo	953cc62ff9a889d4eb09cfcd48d81c2d	Assets/Feel/FeelDemos/Springs/Scripts/FeelSpringsFloatDemo.cs	
removed-demo	f9313ad493a07844cb370af0ece869e9	Assets/Feel/MMFeedbacks/Demos/SequencingDemo/Textures/Carpet06_rgh.png	
retained-guid	ce8f07304188aca4aa8f7b1c422c92b1	Assets/Feel/MMTools/Accessories/MMVFX/MMNoise/MMPerlinNoise.png	Assets/Art/Textures/Feel/MMTools/Accessories/MMVFX/MMNoise/MMPerlinNoise.png
removed-demo	2459024c3a4db5043be35787edddf1eb	Assets/Feel/MMFeedbacks/Demos/MMFeedbacksDemo/Materials/FeedbacksDemoSkybox1.mat	
removed-demo	9dd1793cd950e4842977bcfb8336a451	Assets/Feel/FeelDemos/ParallaxUI/Sprites/FeelParallaxUITrees3.png	
removed-demo	ec25b894bde46e04496a23def0906022	Assets/Feel/FeelDemos/Barbarians/Materials/FeelBarbarianTopDownGroundRocks.mat	
retained-guid	94ce8b5eaff70434a81eaa413e7b6bbb	Assets/Feel/MMTools/Accessories/MMShaders/MMStochastic.shader	Assets/Art/Shaders/Feel/MMTools/Accessories/MMShaders/MMStochastic.shader
retained-guid	8583d7ca8b7ea2c418257447cb3032f9	Assets/Feel/MMTools/Accessories/MMActivation/MMTriggerFilter.cs	Assets/Scripts/ThirdParty/Feel/MMTools/Accessories/MMActivation/MMTriggerFilter.cs
retained-guid	7efc6a4a233d87b4fbc72cda82ca4a31	Assets/Feel/MMFeedbacks/MMFeedbacksForThirdParty/PostProcessing/Shakers/MMLensDistortionShaker.cs	Assets/Scripts/ThirdParty/Feel/MMFeedbacks/MMFeedbacksForThirdParty/PostProcessing/Shakers/MMLensDistortionShaker.cs
removed-demo	0fb31f9631a9bf2449ce788f78d4542e	Assets/Feel/MMFeedbacks/Demos/SequencingDemo/Textures/Carpet06_nrm.png	
retained-guid	4709d37264c824e4ebdb775cd0902847	Assets/Feel/MMFeedbacks/MMFeedbacks/Feedbacks/MMF_UnloadScene.cs	Assets/Scripts/ThirdParty/Feel/MMFeedbacks/MMFeedbacks/Feedbacks/MMF_UnloadScene.cs
removed-demo	98d97271f03727a4f93fa3baff1ea05f	Assets/Feel/NiceVibrations/Demo/Common/Scripts/UI/MMTouchButton.cs	
removed-demo	2ea714ee9c72c4e41ab36c393218ae6d	Assets/Feel/MMFeedbacks/Demos/SequencingDemo/Textures/Tiles60_rgh.png	
removed-demo	1549ce6eae3b775469134fe3df2b4efa	Assets/Feel/MMTools/Demos/MMPrototypeTextures/MMPrototypeTexturesDemo/LightingData.asset	
removed-demo	af269cd09768709469620a982332135d	Assets/Feel/MMFeedbacks/Demos/MMFeedbacksDemo/Scripts/DemoBall.cs	
retained-guid	38a2b9ccac643d24393293543ef5d825	Assets/Feel/MMFeedbacks/MMFeedbacks/Springs/Springs/MMSpringTMPLineSpacing.cs	Assets/Scripts/ThirdParty/Feel/MMFeedbacks/MMFeedbacks/Springs/Springs/MMSpringTMPLineSpacing.cs
retained-guid	d642a4ab722ef8a46af4d261e5227b0c	Assets/Feel/MMTools/Accessories/MMPrototypeTextures/MMBRP_Materials/MMBPR_YellowCrosses.mat	Assets/Art/Materials/Feel/MMTools/Accessories/MMPrototypeTextures/MMBRP_Materials/MMBPR_YellowCrosses.mat
retained-guid	7471a7ccb4c5bdb4e9c9d5b51f6db888	Assets/Feel/MMFeedbacks/MMFeedbacks/Core/MMChannels/ChannelB.asset	Assets/Data/Feedback/Feel/MMFeedbacks/MMFeedbacks/Core/MMChannels/ChannelB.asset
retained-guid	9da245a6982a71d45b143036ec3684bd	Assets/Feel/MMTools/Core/Editor/MMAttributes/MMMonoBehaviourUITKEditorStylesheet.uss	Assets/Scripts/ThirdParty/Feel/MMTools/Core/Editor/MMAttributes/MMMonoBehaviourUITKEditorStylesheet.uss
retained-guid	0b7277539b95c0d45895792ecc99ce66	Assets/Feel/MMTools/Core/MMObjectPool/MMSimpleObjectPooler.cs	Assets/Scripts/ThirdParty/Feel/MMTools/Core/MMObjectPool/MMSimpleObjectPooler.cs
removed-demo	0c900fd59177435408c2046675fd4cd3	Assets/Feel/FeelDemosHDRP/Falcon/HDRPSettings/FeelFalconHDRPDemoSkyandFogSettings.asset	
removed-demo	378cb7bd00aa54c7eb80a64ef281000f	Assets/Feel/NiceVibrations/HapticSamples/Objects/Hammer3.wav	
removed-demo	abb24727399ff0840aea198a236353b4	Assets/Feel/FeelDemos/Snake/Sprites/FeelSnakeDots.png	
removed-demo	32e98a8a48578634a93cc964a2f2c9b5	Assets/Feel/NiceVibrations/Demo/Common/Shaders/MaskedUI.mat	
retained-guid	4829c639bd6729945b0664d15e2f740e	Assets/Feel/MMTools/Accessories/MMProcedural/MMGridGenerators/MMGridGeneratorPerlinNoiseGround.cs	Assets/Scripts/ThirdParty/Feel/MMTools/Accessories/MMProcedural/MMGridGenerators/MMGridGeneratorPerlinNoiseGround.cs
removed-demo	bf448ff228ce0954da475e30e2a79e6e	Assets/Feel/MMFeedbacks/Demos/SequencingDemo/Textures/Chip03_nrm.png	
removed-demo	022000643ebc349459ef7b825a034aaa	Assets/Feel/MMFeedbacks/Demos/SequencingDemo/Textures/Carpet10_nrm.png	
retained-guid	a7cf2bc8733f6c0468062c8e95e84690	Assets/Feel/MMTools/Demos/MMTween/Fonts/Lato/SDF/Lato-Light SDF.asset	Assets/Data/Feedback/Feel/MMTools/Demos/MMTween/Fonts/Lato/SDF/Lato-Light SDF.asset
removed-demo	10365fb504697425a880c74cc63902ec	Assets/Feel/NiceVibrations/Demo/Common/Scripts/V2DemoManager.cs	
removed-demo	e0d9d544789ef40469cd266d3ba5a814	Assets/Feel/NiceVibrations/HapticSamples/Impacts/Body2.haptic	
retained-guid	fa5bc168399356b4e8b48a498dfed282	Assets/Feel/MMTools/Core/MMAudio/MMSoundManager/Events/MMSoundManagerSoundPlayEvent.cs	Assets/Scripts/ThirdParty/Feel/MMTools/Core/MMAudio/MMSoundManager/Events/MMSoundManagerSoundPlayEvent.cs
retained-guid	ff6c7676065e39545a4f7ccb2f5d67b8	Assets/Feel/MMTools/Accessories/Editor/MMCollisions/MMMeshToPolygonCollider2D.cs	Assets/Scripts/ThirdParty/Feel/MMTools/Accessories/Editor/MMCollisions/MMMeshToPolygonCollider2D.cs
retained-guid	948e90df3bdde44068685e4ebecfcc25	Assets/Feel/MMFeedbacks/MMFeedbacksForThirdParty/PostProcessing/Resources/MMDefaultPostProcessingVolume.prefab	Assets/Art/Prefabs/Feel/MMFeedbacks/MMFeedbacksForThirdParty/PostProcessing/Defaults/MMDefaultPostProcessingVolume.prefab
retained-guid	626a9fe06209d574da486d5d818915f2	Assets/Feel/MMTools/Accessories/MMDebugMenu/Prefabs/MMDebugTouchDisplayPrefab.prefab	Assets/Art/Prefabs/Feel/MMTools/Accessories/MMDebugMenu/Prefabs/MMDebugTouchDisplayPrefab.prefab
removed-demo	734013d605d55424599c8451053b00cc	Assets/Feel/MMFeedbacks/Demos/SequencingDemo/Textures/Tiles31_col.png	
retained-guid	410f70980477c8447b83369c392945f1	Assets/Feel/MMFeedbacks/MMFeedbacks/Springs/Springs/MMSpringLightColor.cs	Assets/Scripts/ThirdParty/Feel/MMFeedbacks/MMFeedbacks/Springs/Springs/MMSpringLightColor.cs
removed-demo	cb1351b69866d47b6bdd382d752086b6	Assets/Feel/NiceVibrations/HapticSamples/Objects/Coins4.wav	
retained-guid	ee915ff2627397549b211481b14bbc42	Assets/Feel/MMTools/Accessories/MMPrototypeTextures/Textures/MMProtoTextures/MMProtoTextures_RedCrosses.png	Assets/Art/Textures/Feel/MMTools/Accessories/MMPrototypeTextures/Textures/MMProtoTextures/MMProtoTextures_RedCrosses.png
retained-guid	efda6721f0081284c9800ba75977ba30	Assets/Feel/MMTools/Accessories/MMPhysics/MMRigidbodyCenterOfMass.cs	Assets/Scripts/ThirdParty/Feel/MMTools/Accessories/MMPhysics/MMRigidbodyCenterOfMass.cs
retained-guid	ac8f4e19669836447b70ca22e908a10c	Assets/Feel/MMTools/Core/MMRadio/MMProperty/MMPropertyLink/MMPropertyLinkString.cs	Assets/Scripts/ThirdParty/Feel/MMTools/Core/MMRadio/MMProperty/MMPropertyLink/MMPropertyLinkString.cs
removed-demo	81bb5ef83e33448a4a77f92040007a11	Assets/Feel/NiceVibrations/HapticSamples/Impacts/Wood3.haptic	
removed-demo	cb1d106a6a8f92545a95435a7687a886	Assets/Feel/NiceVibrations/Demo/Common/Prefabs/HorizontalSliderComponent.prefab	
removed-demo	8a0f71e021d8c02408e3b9145082dc1b	Assets/Feel/MMFeedbacks/Demos/SequencingDemo/Materials/SequencerCarpet05.mat	
removed-demo	3bb1e08155d48eb47b1c74e34557ff90	Assets/Feel/FeelDemos/Springs/FeelSprings.unity	
removed-demo	6d6c664310fcb4444aa4a20fd1a277a8	Assets/Feel/FeelDemos/CardsUI/PostProcessing/FeelCardsUIPPProfile_URP.asset	
removed-demo	a16d290ac3696d449ba8019fbd8cd0d4	Assets/Feel/FeelDemos/Strike/AHAP/FeelStrikeReset.ahap.json	
retained-guid	ab4146e63d28b4c479103682a751663c	Assets/Feel/MMFeedbacks/Editor/Core/UIToolkit/Textures/FeelContextMenu@2x.png	Assets/Art/UI/Feel/MMFeedbacks/Editor/Core/UIToolkit/Textures/FeelContextMenu@2x.png
retained-guid	245a91b1a8b30dc479ea9c354ba36cb8	Assets/Feel/MMTools/Accessories/MMGUI/MMUIFollowMouse.cs	Assets/Scripts/ThirdParty/Feel/MMTools/Accessories/MMGUI/MMUIFollowMouse.cs
retained-guid	72c581fb2cdf1344f9da353c3f78ccd0	Assets/Feel/MMTools/Accessories/MMPrototypeTextures/Textures/MMProtoTextures/MMProtoTextures_GreenDots.png	Assets/Art/Textures/Feel/MMTools/Accessories/MMPrototypeTextures/Textures/MMProtoTextures/MMProtoTextures_GreenDots.png
removed-demo	7268e79b1a4ff054da6f7c010c6f8e2c	Assets/Feel/FeelDemos/Springs/Audio/FeelSpringsTreeTalk6.wav	
removed-demo	08ad2b50bcdd548da9fdd9ef4a1e9d43	Assets/Feel/NiceVibrations/HapticSamples/Footsteps/FootstepSnow1.wav	
removed-demo	e7170b34430d5ef44bb8add062be7881	Assets/Feel/FeelDemos/Toaster/Models/FeelToasterMug.fbx	
removed-demo	3dd0295cf0922b64192d5ee88a250b4e	Assets/Feel/NiceVibrations/Demo/Common/Sprites/NVSwitchBackground.png	
removed-demo	6167af03dbf5a1f4fbe60c7cb21c96ed	Assets/Feel/FeelDemos/Springs/Materials/FeelSpringsBarbariansHelmet2.mat	
removed-demo	ae32d99acf9017a4d970aafeb23a50fd	Assets/Feel/FeelDemos/Springs/PostProcessing/FeelSpringsPostProcessingVolume.asset	
retained-guid	1b1d3a32ffe67b94187272c15134cae5	Assets/Feel/MMFeedbacks/MMFeedbacks/Core/Legacy/MMFeedback.cs	Assets/Scripts/ThirdParty/Feel/MMFeedbacks/MMFeedbacks/Core/Legacy/MMFeedback.cs
retained-guid	6689802a48b01104ebd8e101f5cce555	Assets/Feel/MMTools/Accessories/MMDebugMenu/Prefabs/MMDebugMenuTextSmall.prefab	Assets/Art/Prefabs/Feel/MMTools/Accessories/MMDebugMenu/Prefabs/MMDebugMenuTextSmall.prefab
removed-demo	54890615c223ed649aadbf24020976a2	Assets/Feel/NiceVibrations/Demo/DemoAssets/HapticClipsDemo/Sounds/NVTeleport.wav	
removed-demo	75b32e98504c547e3925b12d9a9c1994	Assets/Feel/NiceVibrations/Demo/Lofelt.NiceVibrations.Demo.asmdef	
retained-guid	3318ec2edbd59284a9d8a7371e84a33e	Assets/Feel/MMTools/Accessories/Editor/MMCamera/MMAspectRatioSafeZonesEditor.cs	Assets/Scripts/ThirdParty/Feel/MMTools/Accessories/Editor/MMCamera/MMAspectRatioSafeZonesEditor.cs
retained-guid	85f9f16a22943814196e731ffb6b0f62	Assets/Feel/MMTools/Core/MMSceneLoading/Scripts/Managers/MMAdditiveSceneLoadingManager.cs	Assets/Scripts/ThirdParty/Feel/MMTools/Core/MMSceneLoading/Scripts/Managers/MMAdditiveSceneLoadingManager.cs
removed-demo	43d31d6fa3ac38b43827b30d7b7db94d	Assets/Feel/FeelDemos/Letters/Sprites/FeelLettersDemoMouth1.png	
removed-demo	698a710b98aff4cea9fd5f4ca597a237	Assets/Feel/NiceVibrations/HapticSamples/SoundFX/IceCubes1.wav	
removed-demo	d6f022528b4a64551bd772c576be2eed	Assets/Feel/NiceVibrations/HapticSamples/Impacts/CombatPunch2.haptic	
removed-demo	7f4476c2081b5bf419843ed4de9019de	Assets/Feel/FeelDemos/Snake/Sounds/FeelSnakePianoBass3.wav	
removed-demo	b597e9d00f1750f4a9d79c90c49ce306	Assets/Feel/FeelDemos/Barbarians/Lighting/Lightmap-0_comp_shadowmask.png	
retained-guid	80063623289ee3e49b584d00f3a90a32	Assets/Feel/MMTools/Accessories/Editor/MMMovement/MMPathMovement/MMPathMovementEditor.cs	Assets/Scripts/ThirdParty/Feel/MMTools/Accessories/Editor/MMMovement/MMPathMovement/MMPathMovementEditor.cs
removed-demo	9078c24ee211e324f943a3982a508d4b	Assets/Feel/MMFeedbacks/Demos/SequencingDemo/Textures/wip/Rocks21_nrm.png	
retained-guid	24ee678719e0c084eae35248ed08c192	Assets/Feel/MMFeedbacks/MMFeedbacksForThirdParty/PostProcessing/Springs/MMSpringMotionBlurShutterAngle.cs	Assets/Scripts/ThirdParty/Feel/MMFeedbacks/MMFeedbacksForThirdParty/PostProcessing/Springs/MMSpringMotionBlurShutterAngle.cs
retained-guid	81b13cdaf196f864186817b183b55f91	Assets/Feel/MMFeedbacks/MMFeedbacksForThirdParty/URP/Springs/MMSpringColorAdjustmentsContrast_URP.cs	Assets/Scripts/ThirdParty/Feel/MMFeedbacks/MMFeedbacksForThirdParty/URP/Springs/MMSpringColorAdjustmentsContrast_URP.cs
retained-guid	a6e5aa704bd68fb42a198fccd658dbfb	Assets/Feel/MMTools/Core/MMExtensions/MMArrayExtensions.cs	Assets/Scripts/ThirdParty/Feel/MMTools/Core/MMExtensions/MMArrayExtensions.cs
retained-guid	d1398e413230465419066aaaf13ffe1c	Assets/Feel/MMFeedbacks/MMFeedbacks/Feedbacks/MMF_AudioFilterHighPass.cs	Assets/Scripts/ThirdParty/Feel/MMFeedbacks/MMFeedbacks/Feedbacks/MMF_AudioFilterHighPass.cs
retained-guid	829c0c502ddd29f4c9e90c02353b2c34	Assets/Feel/MMFeedbacks/MMFeedbacks/Feedbacks/MMF_Flash.cs	Assets/Scripts/ThirdParty/Feel/MMFeedbacks/MMFeedbacks/Feedbacks/MMF_Flash.cs
retained-guid	6b8430789e6f2fc4fab154da3d6a848a	Assets/Feel/MMFeedbacks/MMFeedbacksForThirdParty/PostProcessing/MoreMountains.Feedbacks.PostProcessing.asmref	Assets/Scripts/ThirdParty/Feel/MMFeedbacks/MMFeedbacksForThirdParty/PostProcessing/MoreMountains.Feedbacks.PostProcessing.asmref
retained-guid	a908ed7f06f3bf34e8ff030a385f46f2	Assets/Feel/MMTools/Accessories/Editor/MMMaintenance/MMGroupSelection.cs	Assets/Scripts/ThirdParty/Feel/MMTools/Accessories/Editor/MMMaintenance/MMGroupSelection.cs
removed-demo	a3216307bd8ac5442b178c78ea978e2f	Assets/Feel/MMFeedbacks/Demos/MMFeedbacksDemo/Lighting/ReflectionProbe-0.exr	
removed-demo	6d55888e6190b4ecd9d69a9120fbc7a3	Assets/Feel/NiceVibrations/HapticSamples/Nature/Splash1.wav	
removed-demo	20cd234ad5e474cb096db066309a975c	Assets/Feel/NiceVibrations/HapticSamples/Weapons/PistolLoad1.wav	
removed-demo	876f70b03d1d7443287c0369542a7c0f	Assets/Feel/NiceVibrations/HapticSamples/Impacts/Glass3.wav	
removed-demo	2551f16b11627614f854189f0bd1f45b	Assets/Feel/FeelDemos/Snake/Materials/FeelSnakeDemoSkybox3.mat	
removed-demo	5e3c1ae368b144d4fbcea5b82f5751d5	Assets/Feel/FeelDemos/MMSequencer/Lighting/FeelMMSequencerSettings.lighting	
removed-demo	6acdc87797a4591429e364b530e9e4f9	Assets/Feel/FeelDemos/Letters/Materials/FeelLettersDemoMM2DReflection.mat	
removed-demo	266fdb673ee304446a348171d871e1c5	Assets/Feel/MMFeedbacks/Demos/SequencingDemo/Textures/Carpet10_col.png	
removed-demo	c8431612ecb2a43c28170aae3fba7946	Assets/Feel/NiceVibrations/HapticSamples/Weapons/PistolLoad2.wav	
retained-guid	4c1c6a83883bc4142b27d3223056e9da	Assets/Feel/MMFeedbacks/MMFeedbacks/MMFloatingText/Prefabs/MMFloatingTextPixel.prefab	Assets/Art/Prefabs/Feel/MMFeedbacks/MMFeedbacks/MMFloatingText/Prefabs/MMFloatingTextPixel.prefab
retained-guid	7f009572b4d918346b24337ef83f88c1	Assets/Feel/MMTools/Accessories/MMMovement/MMAutoRotate.cs	Assets/Scripts/ThirdParty/Feel/MMTools/Accessories/MMMovement/MMAutoRotate.cs
removed-demo	ae1e39d52014a4c49b2d9912256298ac	Assets/Feel/FeelDemos/CardsUI/Textures/Art/FeelCardsUI_FireproofRenderTexture.renderTexture	
retained-guid	9da38c3c0ef84574b9a95440721bcf17	Assets/Feel/MMFeedbacks/MMFeedbacks/Shakers/MMAudioFilterDistortionShaker.cs	Assets/Scripts/ThirdParty/Feel/MMFeedbacks/MMFeedbacks/Shakers/MMAudioFilterDistortionShaker.cs
retained-guid	6da43522623d4704e979466dc7650b65	Assets/Feel/MMFeedbacks/MMFeedbacks/Core/MMF_Player/MMF_Player.cs	Assets/Scripts/ThirdParty/Feel/MMFeedbacks/MMFeedbacks/Core/MMF_Player/MMF_Player.cs
retained-guid	ef0aa39dbc6e77a4492bee30af779378	Assets/Feel/MMFeedbacks/MMFeedbacksForThirdParty/TextMeshPro/Feedbacks/MMF_TMPSoftness.cs	Assets/Scripts/ThirdParty/Feel/MMFeedbacks/MMFeedbacksForThirdParty/TextMeshPro/Feedbacks/MMF_TMPSoftness.cs
retained-guid	409ecbe35fc2afd4b82ade0142839256	Assets/Feel/MMTools/Foundation/MMAnimation/MMStopMotionAnimation.cs	Assets/Scripts/ThirdParty/Feel/MMTools/Foundation/MMAnimation/MMStopMotionAnimation.cs
removed-demo	176ecb546825ecc46af9847c29a59647	Assets/Feel/FeelDemos/Wheel/Animation/FeelWheelDustAnimationController.controller	
removed-demo	3b89668cc186117448f83b64f2b41a4f	Assets/Feel/MMFeedbacks/Demos/MoreMountains.Feedbacks.Demos.asmref	
removed-demo	a8a95ed47c80ace44ac20124ba5fabaa	Assets/Feel/NiceVibrations/Demo/DemoAssets/BallDemo/Sprites/NVBallParticle.mat	
removed-demo	7268020c2da5f4e0294961269554c996	Assets/Feel/NiceVibrations/HapticSamples/Music/Cymbal3.haptic	
removed-demo	ff843b45267aa4ca1987d8c9b5a7fd86	Assets/Feel/NiceVibrations/HapticSamples/Objects/Woodsaw1.wav	
retained-guid	f2e66687d665f8a4bb4d00f4b8ca3d1a	Assets/Feel/MMFeedbacks/MMFeedbacksForThirdParty/HDRP/Springs/MMSpringColorAdjustmentsHueShift_HDRP.cs	Assets/Scripts/ThirdParty/Feel/MMFeedbacks/MMFeedbacksForThirdParty/HDRP/Springs/MMSpringColorAdjustmentsHueShift_HDRP.cs
retained-guid	26c20b10971f75d4f959b05982a2d1ea	Assets/Feel/MMFeedbacks/MMFeedbacks/Springs/Core/MMSpringDefinition.cs	Assets/Scripts/ThirdParty/Feel/MMFeedbacks/MMFeedbacks/Springs/Core/MMSpringDefinition.cs
retained-guid	b2362762ee575ad4ab16bb938247878b	Assets/Feel/MMFeedbacks/MMFeedbacksForThirdParty/Cinemachine/Feedbacks/MMF_CinemachineImpulseClear.cs	Assets/Scripts/ThirdParty/Feel/MMFeedbacks/MMFeedbacksForThirdParty/Cinemachine/Feedbacks/MMF_CinemachineImpulseClear.cs
removed-demo	7a1a2eee05f0d4891a7a693b1866521b	Assets/Feel/NiceVibrations/HapticSamples/Impacts/Wood1.wav	
removed-demo	7f25e4d1fb85541e5b86dd24eec1b76a	Assets/Feel/NiceVibrations/HapticSamples/Footsteps/FootstepGrass2.wav	
removed-demo	5f02d8d8a7340884fbac3973015477d1	Assets/Feel/FeelDemos/Barbarians/Sounds/FeelBarbariansGrunt4.wav	
removed-demo	19552f491e178af40ac4c6e39ee0fb65	Assets/Feel/FeelDemos/Snake/Prefabs/SnakeBodyPartNoFeedbacks.prefab	
retained-guid	6040f34cccf59644a9602da5bc052d06	Assets/Feel/MMTools/Accessories/MMProcedural/MMGridGenerators/MMGridGeneratorPath.cs	Assets/Scripts/ThirdParty/Feel/MMTools/Accessories/MMProcedural/MMGridGenerators/MMGridGeneratorPath.cs
retained-guid	1b57176af794a1544ab1d2b6a1b25e8f	Assets/Feel/MMTools/Accessories/MMParticles/MMVisibleParticle.cs	Assets/Scripts/ThirdParty/Feel/MMTools/Accessories/MMParticles/MMVisibleParticle.cs
retained-guid	5e41d6cfe6c233c40a2bf4ddc63a71dc	Assets/Feel/MMTools/Core/MMExtensions/MMRendererExtensions.cs	Assets/Scripts/ThirdParty/Feel/MMTools/Core/MMExtensions/MMRendererExtensions.cs
removed-demo	aa24205135c86be4792f70af431b8638	Assets/Feel/MMFeedbacks/Demos/SequencingDemo/Materials/SequencerTiles33.mat	
removed-demo	099b00562078f4338931e30c1fad4a69	Assets/Feel/NiceVibrations/HapticSamples/Objects/SwitchLight2.wav	
removed-demo	6dd37df61490f4beca8547a32139ef17	Assets/Feel/NiceVibrations/HapticSamples/Weapons/ShotgunFire1.haptic	
removed-demo	4110772b9efb94e5b919923d775a1ca7	Assets/Feel/NiceVibrations/HapticSamples/Objects/Velcro1.wav	
removed-demo	ad72bc780f3af4389be22960665a8d45	Assets/Feel/NiceVibrations/HapticSamples/Objects/Woodsaw3.wav	
retained-guid	0a4e11f66ff9ee844abeabf0af54b970	Assets/Feel/MMFeedbacks/Editor/Springs/MMSpringVector3PropertyDrawer.cs	Assets/Scripts/ThirdParty/Feel/MMFeedbacks/Editor/Springs/MMSpringVector3PropertyDrawer.cs
retained-guid	e65f2e076950e5b4e87408581f939749	Assets/Feel/MMFeedbacks/MMFeedbacksForThirdParty/PostProcessing/Springs/MMSpringBloomIntensity.cs	Assets/Scripts/ThirdParty/Feel/MMFeedbacks/MMFeedbacksForThirdParty/PostProcessing/Springs/MMSpringBloomIntensity.cs
retained-guid	315af83f344d8a24e9f6d1399e439fdd	Assets/Feel/MMTools/Core/MMUI/MMFaderDirectional.cs	Assets/Scripts/ThirdParty/Feel/MMTools/Core/MMUI/MMFaderDirectional.cs
removed-demo	0f4b4b3adf571488ea5e1924897beae6	Assets/Feel/NiceVibrations/HapticSamples/SoundFX/Crumbling1.haptic	
retained-guid	d039e33a2be33f14e98835c8a207cc1d	Assets/Feel/MMTools/Accessories/MMDebugMenu/Scripts/Events/MMDebugMenuCheckboxEvent.cs	Assets/Scripts/ThirdParty/Feel/MMTools/Accessories/MMDebugMenu/Scripts/Events/MMDebugMenuCheckboxEvent.cs
removed-demo	8c5a32474dfb31747953c71d2cfc1075	Assets/Feel/NiceVibrations/Demo/DemoAssets/HapticClipsDemo/Sounds/NVPowerOff.wav	
removed-demo	9809de1c8429da944ad5ec32a1422fba	Assets/Feel/MMFeedbacks/Demos/SequencingDemo/Textures/Tiles65_rgh.png	
removed-demo	eeae01f4f1a7aa9479ce546aa32fd060	Assets/Feel/FeelDemos/Barbarians/Materials/FeelBarbarianBackgroundTreeLeaves.mat	
retained-guid	be61fc00179c05846a6cdba7c2683514	Assets/Feel/MMTools/Accessories/MMPrototypeTextures/Textures/MMProtoTextures/MMProtoTextures_YellowFrame.png	Assets/Art/Textures/Feel/MMTools/Accessories/MMPrototypeTextures/Textures/MMProtoTextures/MMProtoTextures_YellowFrame.png
removed-demo	b71d66e1b0c0c474fb9f1cf92d3e9e9e	Assets/Feel/FeelDemos/Letters/Sprites/FeelLettersDemoWind.png	
removed-demo	02f81e28fa53f46de9734ba5a14d9891	Assets/Feel/NiceVibrations/HapticSamples/ApplicationUX/Beep2.haptic	
retained-guid	1bc2946b57a0e7f40a9cb297b9f96923	Assets/Feel/MMFeedbacks/MMFeedbacksForThirdParty/HDRP/Feedbacks/MMF_MotionBlur_HDRP.cs	Assets/Scripts/ThirdParty/Feel/MMFeedbacks/MMFeedbacksForThirdParty/HDRP/Feedbacks/MMF_MotionBlur_HDRP.cs
removed-demo	4ee94e04a4ac8463e81379f13e61d7ca	Assets/Feel/NiceVibrations/HapticSamples/Footsteps/FootstepGrass3.haptic	
removed-demo	544caa0353497f24faed28c569d18fe4	Assets/Feel/FeelDemos/Letters/Sprites/FeelLettersDemoSpark.png	
removed-demo	88866ef229fe3a34aadd748085577eaa	Assets/Feel/FeelDemos/Blob/Textures/FeelBlobTexture.tga	
retained-guid	aaf2109110b476340aeceda8863b1631	Assets/Feel/MMTools/Core/Editor/MMPropertyControllers/FloatControllerEditor.cs	Assets/Scripts/ThirdParty/Feel/MMTools/Core/Editor/MMPropertyControllers/FloatControllerEditor.cs
removed-demo	4d9ebc3c269979642b98ff088e9fda0f	Assets/Feel/FeelDemos/CardsUI/FeelCardsUI.unity	
retained-guid	3b5cb2f0917b1f34f8aceb725a71bfe7	Assets/Feel/MMTools/Core/Editor/MMReorderableList/ReorderableDrawer.cs	Assets/Scripts/ThirdParty/Feel/MMTools/Core/Editor/MMReorderableList/ReorderableDrawer.cs
removed-demo	8378807d371fc264f9628946390df8d1	Assets/Feel/MMFeedbacks/Demos/SequencingDemo/Sounds/MMSequencingClick.wav	
retained-guid	847621151d634804f820b7c88b89dacc	Assets/Feel/MMTools/Accessories/MMCinemachine/MMGyroParallax/MMGyroParallax.cs	Assets/Scripts/ThirdParty/Feel/MMTools/Accessories/MMCinemachine/MMGyroParallax/MMGyroParallax.cs
retained-guid	744b7d0770e56334f9ed2e0561c50cc3	Assets/Feel/MMTools/Core/MMObjectPool/MMObjectPooler.cs	Assets/Scripts/ThirdParty/Feel/MMTools/Core/MMObjectPool/MMObjectPooler.cs
removed-demo	cdac5e74bb2234a4aa365592aa547afb	Assets/Feel/NiceVibrations/Demo/Common/Scripts/UI/MMSwitch.cs	
removed-demo	aff9bd28005f2c848854b890b7962407	Assets/Feel/MMTools/Demos/MMTween/Fonts/Lato/TTF/Lato-Thin.ttf	
retained-guid	5fe2233d73fc8b7449e98cbeb826216a	Assets/Feel/MMTools/Accessories/MMDebugMenu/Scripts/Tabs/MMDebugMenuTab.cs	Assets/Scripts/ThirdParty/Feel/MMTools/Accessories/MMDebugMenu/Scripts/Tabs/MMDebugMenuTab.cs
removed-demo	e90b68c8ea0698241ba63447bd937148	Assets/Feel/FeelDemos/Common/Sprites/MMLogo.png	
retained-guid	2fad23a01f1d6df49be8215ff24dbe62	Assets/Feel/MMTools/Accessories/Editor/MMProcedural/MMTilemapGeneratorEditor.cs	Assets/Scripts/ThirdParty/Feel/MMTools/Accessories/Editor/MMProcedural/MMTilemapGeneratorEditor.cs
retained-guid	2c8fc9be87fcf9f4c99405f32483ccd1	Assets/Feel/MMTools/Accessories/MMTilemaps/MMTilemapGridRenderer.cs	Assets/Scripts/ThirdParty/Feel/MMTools/Accessories/MMTilemaps/MMTilemapGridRenderer.cs
removed-demo	0dfe9f9829141478689194368436b534	Assets/Feel/NiceVibrations/HapticSamples/ApplicationUX/Beep2.wav	
retained-guid	e9ef29555e27c764193e85d5ac4cf4f4	Assets/Feel/MMTools/Accessories/MMPrototypeTextures/Textures/MMProtoTextures/MMProtoTextures_RedFrame.png	Assets/Art/Textures/Feel/MMTools/Accessories/MMPrototypeTextures/Textures/MMProtoTextures/MMProtoTextures_RedFrame.png
removed-demo	f16d5230fcc97a542a77ce5f30353b47	Assets/Feel/MMTools/Demos/MMGhostCamera/Materials/MMGhostCameraSpheres.mat	
retained-guid	98f9943149e70e84f969f66047eb997f	Assets/Feel/MMTools/Accessories/MMPrototypeTextures/MMBRP_Materials/Neutral/MMBRP_NeutralCheckers.mat	Assets/Art/Materials/Feel/MMTools/Accessories/MMPrototypeTextures/MMBRP_Materials/Neutral/MMBRP_NeutralCheckers.mat
retained-guid	8bc90960c2aea754a8ff74069babfa0b	Assets/Feel/MMTools/Core/Editor/MMAttributes/MMReadOnlyAttributeDrawer.cs	Assets/Scripts/ThirdParty/Feel/MMTools/Core/Editor/MMAttributes/MMReadOnlyAttributeDrawer.cs
removed-demo	e6ab50209c6684942998900eac93be10	Assets/Feel/FeelDemos/Strike/PhysicsMaterials/FeelStrikePinMaterial.physicMaterial	
retained-guid	aa48f53704ecf834c9f5e203a06874d3	Assets/Feel/MMTools/Core/MMAudio/MMSoundManager/MMSoundManagerSettingsSO.cs	Assets/Scripts/ThirdParty/Feel/MMTools/Core/MMAudio/MMSoundManager/MMSoundManagerSettingsSO.cs
removed-demo	fbe9902a468b47c489c4eae05ee491b8	Assets/Feel/FeelDemos/Strike/Materials/FeelStrikeWood.mat	
removed-demo	b6447e61f053e4ba4becea7c6e766f69	Assets/Feel/NiceVibrations/HapticSamples/Objects/Fan1.wav	
removed-demo	b5df4436be87f0c45b5a748557d9353a	Assets/Feel/MMFeedbacks/Demos/SequencingDemo/Textures/WoodFloor20_nrm.png	
retained-guid	a2e30721e98d6264b98d28d6f10fa395	Assets/Feel/MMFeedbacks/MMFeedbacks/Springs/Core/MMSpringComponentBase.cs	Assets/Scripts/ThirdParty/Feel/MMFeedbacks/MMFeedbacks/Springs/Core/MMSpringComponentBase.cs
removed-demo	6f8c7831e01d1074488720a8bac8a393	Assets/Feel/FeelDemos/UIToolkitFeedbacksDemo/Fonts/UIToolkitDemo_Lato.ttf	
retained-guid	3c349afb15421f141ae3ba659175c815	Assets/Feel/MMTools/Accessories/MMProcedural/MMGridGenerators/MMGridGeneratorRandomWalkAvoider.cs	Assets/Scripts/ThirdParty/Feel/MMTools/Accessories/MMProcedural/MMGridGenerators/MMGridGeneratorRandomWalkAvoider.cs
retained-guid	122b2359ffbe5164db4f3af49fcd7c1a	Assets/Feel/MMTools/Core/MMExtensions/MMDictionaryExtensions.cs	Assets/Scripts/ThirdParty/Feel/MMTools/Core/MMExtensions/MMDictionaryExtensions.cs
removed-demo	109aed369f1d8af47948f3f6aafbdbdc	Assets/Feel/NiceVibrations/Demo/Common/Scripts/UI/MMUIShaker.cs	
removed-demo	66766b9d15c7f465b8577c523b317356	Assets/Feel/NiceVibrations/HapticSamples/Footsteps/FootstepGrass2.haptic	
removed-demo	eff75a5dd81342a4a8d052f270b6047c	Assets/Feel/FeelDemos/Letters/Sounds/FeelLettersDemoHat.wav	
retained-guid	b117019c414540246a342a9d82792889	Assets/Feel/MMFeedbacks/MMFeedbacks/Feedbacks/MMF_Collider2D.cs	Assets/Scripts/ThirdParty/Feel/MMFeedbacks/MMFeedbacks/Feedbacks/MMF_Collider2D.cs
removed-demo	ad68b8ec130099e41b6198b5c5627261	Assets/Feel/FeelDemos/Tactical/Prefabs/FeelTacticalTMPFloatingText.prefab	
removed-demo	a2a9867d32ed406488136cf9d81265a4	Assets/Feel/FeelDemos/Brass/Materials/FeelBrassGround1.mat	
retained-guid	8dc3e8a4ec6c8c54d8507f3736517ac5	Assets/Feel/MMTools/Accessories/MMParticles/MMRuntimeParticleControl.cs	Assets/Scripts/ThirdParty/Feel/MMTools/Accessories/MMParticles/MMRuntimeParticleControl.cs
retained-guid	d99b1ef0840200a4ca8c98ee8b49e114	Assets/Feel/MMTools/Core/MMAttributes/MMConditionAttribute.cs	Assets/Scripts/ThirdParty/Feel/MMTools/Core/MMAttributes/MMConditionAttribute.cs
removed-demo	65057fd32163e4aab8c8744b3231de63	Assets/Feel/NiceVibrations/HapticSamples/Objects/Flashlight2.wav	
retained-guid	171bddfe1b8d24a049ab93c4b4d2323d	Assets/Feel/MMTools/Core/MMAttributes/MMHiddenAttribute.cs	Assets/Scripts/ThirdParty/Feel/MMTools/Core/MMAttributes/MMHiddenAttribute.cs
removed-demo	2e5dc414d2e25404ca15e4d9d6dda78d	Assets/Feel/FeelDemos/Barbarians/Models/FeelBarbarianBackground.fbx	
retained-guid	2457d6fbb1971a54ab6b08c4d4769b1e	Assets/Feel/MMTools/Accessories/MMVFX/MMParticles/MMParticlesExplosion.png	Assets/Art/Textures/Feel/MMTools/Accessories/MMVFX/MMParticles/MMParticlesExplosion.png
removed-demo	ab90c65be0414f24ca7a49a89f1218dc	Assets/Feel/FeelDemos/Tactical/Lighting/FeelTacticalSettings.lighting	
retained-guid	9d99964e7e8afe34b8ee7943eabcd19e	Assets/Feel/MMTools/Accessories/MMPrototypeTextures/MMBRP_Materials/MMBPR_YellowFrame.mat	Assets/Art/Materials/Feel/MMTools/Accessories/MMPrototypeTextures/MMBRP_Materials/MMBPR_YellowFrame.mat
retained-guid	17600328d06ef7e4299f5312eafcff74	Assets/Feel/MMTools/Foundation/MoreMountains.Tools.Foundation.asmref	Assets/Scripts/ThirdParty/Feel/MMTools/Foundation/MoreMountains.Tools.Foundation.asmref
retained-guid	6ba165fd91edb434aa2f1cd6f6b05885	Assets/Feel/MMFeedbacks/MMFeedbacks/Core/MMChannels/ChannelA.asset	Assets/Data/Feedback/Feel/MMFeedbacks/MMFeedbacks/Core/MMChannels/ChannelA.asset
retained-guid	1f655bab42c018140aaf68474d594e6c	Assets/Feel/MMTools/Core/MMRadio/MMRadioBroadcaster.cs	Assets/Scripts/ThirdParty/Feel/MMTools/Core/MMRadio/MMRadioBroadcaster.cs
retained-guid	0a9d566b902c9a84087bf3ca3a178e6b	Assets/Feel/MMTools/Accessories/MMDebugOnScreen/Sprites/MMLogo16x16.png	Assets/Art/Textures/Feel/MMTools/Accessories/MMDebugOnScreen/Sprites/MMLogo16x16.png
removed-demo	b6111dd3a595e4b8b9fb6c7545fc3aa2	Assets/Feel/NiceVibrations/Demo/DemoAssets/HapticClipsDemo/Scripts/HapticClipsDemoManager.cs	
retained-guid	14662af9a6e0b6e409e588758b806feb	Assets/Feel/MMFeedbacks/MMFeedbacks/Shakers/MMAudioFilterEchoShaker.cs	Assets/Scripts/ThirdParty/Feel/MMFeedbacks/MMFeedbacks/Shakers/MMAudioFilterEchoShaker.cs
retained-guid	804c003da46ec914e80badaf93e6d2da	Assets/Feel/MMTools/Accessories/MMDebugMenu/Prefabs/MMDebugMenuChoicesThree.prefab	Assets/Art/Prefabs/Feel/MMTools/Accessories/MMDebugMenu/Prefabs/MMDebugMenuChoicesThree.prefab
removed-demo	b00d7a1bf2998ce459a1952941fc251e	Assets/Feel/NiceVibrations/Demo/DemoAssets/CarDemo/Scripts/PowerBarElement.cs	
removed-demo	78174f5aab0e44190ad3ba5cd6047dc0	Assets/Feel/NiceVibrations/HapticSamples/Weapons/LightMachineGunFire1.wav	
removed-demo	8f9b728430c933c4ea5315d9500f3ba9	Assets/Feel/FeelDemos/CardsUI/Textures/Art/FeelCardsUI_LadyRenderTexture.renderTexture	
retained-guid	ac53bf83e8327014bbc73944dfec5ff8	Assets/Feel/MMTools/Core/Editor/MMAttributes/MMHiddenAttributeDrawer.cs	Assets/Scripts/ThirdParty/Feel/MMTools/Core/Editor/MMAttributes/MMHiddenAttributeDrawer.cs
removed-demo	f901ae3a9353e9d4182e9771ee9e2f98	Assets/Feel/FeelDemos/Springs/Scripts/FeelSpringsVector3Demo.cs	
retained-guid	4d274a27f7628664db49fa023801aa2b	Assets/Feel/MMFeedbacks/Editor/Springs/MMSpringColorPropertyDrawer.cs	Assets/Scripts/ThirdParty/Feel/MMFeedbacks/Editor/Springs/MMSpringColorPropertyDrawer.cs
retained-guid	f2f0b25301bf93e43ac5ecc33208a420	Assets/Feel/MMTools/Accessories/MMDebugMenu/Prefabs/MMDebugMenuTabContents.prefab	Assets/Art/Prefabs/Feel/MMTools/Accessories/MMDebugMenu/Prefabs/MMDebugMenuTabContents.prefab
retained-guid	350a2c9fae5188346b6494925847d4e0	Assets/Feel/MMFeedbacks/MMFeedbacks/Springs/Core/Components/MMSpringFloatComponent.cs	Assets/Scripts/ThirdParty/Feel/MMFeedbacks/MMFeedbacks/Springs/Core/Components/MMSpringFloatComponent.cs
retained-guid	195cd029f2c828848a5f260fc5457f3e	Assets/Feel/MMTools/Core/MMHelpers/MMMovement.cs	Assets/Scripts/ThirdParty/Feel/MMTools/Core/MMHelpers/MMMovement.cs
removed-demo	7dd6a66f3429ac54aaf7f084eb73c7ec	Assets/Feel/FeelDemos/Barbarians/Models/Materials/Dirt.mat	
retained-guid	e0e8a571ef6fce34890952889b35afda	Assets/Feel/MMTools/Accessories/MMPrototypeTextures/MMBRP_Materials/MMBPR_BlueFrame.mat	Assets/Art/Materials/Feel/MMTools/Accessories/MMPrototypeTextures/MMBRP_Materials/MMBPR_BlueFrame.mat
removed-demo	c6914149877a26c4ebbac54c13f2fdfa	Assets/Feel/FeelDemos/Strike/Textures/FeelStrikeSurface.png	
retained-guid	d9251a9f35d2c384a9e26195e0c63ee9	Assets/Feel/MMTools/Core/MMSceneLoading/Scripts/Helpers/MMLoadScene.cs	Assets/Scripts/ThirdParty/Feel/MMTools/Core/MMSceneLoading/Scripts/Helpers/MMLoadScene.cs
removed-demo	620bf2a65dffab54a8440d84a68860c8	Assets/Feel/MMFeedbacks/Demos/SequencingDemo/Textures/ChristmasTreeOrnament01_disp.png	
retained-guid	96f05f56a5059314193ef8b32da639ce	Assets/Feel/MMFeedbacks/MMFeedbacks/Shakers/MMCameraClippingPlanesShaker.cs	Assets/Scripts/ThirdParty/Feel/MMFeedbacks/MMFeedbacks/Shakers/MMCameraClippingPlanesShaker.cs
retained-guid	10a07c80400c0ab45a2f60fcda5d5013	Assets/Feel/MMFeedbacks/MMFeedbacksForThirdParty/UIToolkit/Feedbacks/MMF_UIToolkitOpacity.cs	Assets/Scripts/ThirdParty/Feel/MMFeedbacks/MMFeedbacksForThirdParty/UIToolkit/Feedbacks/MMF_UIToolkitOpacity.cs
removed-demo	e9550ef65f0959f428a45ae2fac13a4f	Assets/Feel/MMFeedbacks/Demos/SequencingDemo/Textures/Carpet05_AO.png	
retained-guid	e8c0f2ffbd055e44497199bd1a209d9f	Assets/Feel/MMTools/Core/MMExtensions/MMSerializedPropertyExtensions.cs	Assets/Scripts/ThirdParty/Feel/MMTools/Core/MMExtensions/MMSerializedPropertyExtensions.cs
retained-guid	4792d6bb2cfe7644da1e6972d3da260d	Assets/Feel/MMFeedbacks/MMFeedbacksForThirdParty/PostProcessing/Shakers/MMDepthOfFieldShaker.cs	Assets/Scripts/ThirdParty/Feel/MMFeedbacks/MMFeedbacksForThirdParty/PostProcessing/Shakers/MMDepthOfFieldShaker.cs
retained-guid	44f8736e1f857f24681cbc354a147c3e	Assets/Feel/MMTools/Accessories/MMShaders/MMRipple.shader	Assets/Art/Shaders/Feel/MMTools/Accessories/MMShaders/MMRipple.shader
retained-guid	5132fa5788b8a7347b370fa5d071c913	Assets/Feel/MMTools/Core/MMReorderableList/ReorderableArray.cs	Assets/Scripts/ThirdParty/Feel/MMTools/Core/MMReorderableList/ReorderableArray.cs
removed-demo	5e569d2a692222842bfc96e94520ab9a	Assets/Feel/FeelDemos/Duck/Sounds/FeelDuckDenied.wav	
retained-guid	2a7f62b6c20f8fa459a2d976d9bc2fcf	Assets/Feel/MMFeedbacks/MMFeedbacks/MoreMountains.Feedbacks.asmref	Assets/Scripts/ThirdParty/Feel/MMFeedbacks/MMFeedbacks/MoreMountains.Feedbacks.asmref
retained-guid	3df6166b66f19e040977adbc56b973b5	Assets/Feel/MMTools/Core/MMHelpers/MMArray.cs	Assets/Scripts/ThirdParty/Feel/MMTools/Core/MMHelpers/MMArray.cs
removed-demo	bd8b6ecd91a6cad43b7ba4322a8b3387	Assets/Feel/FeelDemos/Bounce/Scripts/BounceFeedbacks.cs	
removed-demo	7719238c9686c2645a6b5a89cba3de35	Assets/Feel/NiceVibrations/Demo/Common/Scripts/UI/Pagination.cs	
retained-guid	547ab53f5c5bd8f47958e648c03ed7e9	Assets/Feel/MMFeedbacks/MMFeedbacks/Shakers/MMCameraZoom.cs	Assets/Scripts/ThirdParty/Feel/MMFeedbacks/MMFeedbacks/Shakers/MMCameraZoom.cs
removed-demo	dfdb195f0fef847b1a5b3b35d741f8e3	Assets/Feel/NiceVibrations/Demo/Common/Sounds/NiceVibrationsContinuous.wav	
removed-demo	1ee7859e9ba2b4d4488e305a8553cdeb	Assets/Feel/MMFeedbacks/Demos/SequencingDemo/Textures/Carpet06_AO.png	
retained-guid	2313508e7b935c54d9877ca20548a1b5	Assets/Feel/MMTools/Accessories/MMDebugMenu/Scripts/Events/MMDebugMenuButtonEventListener.cs	Assets/Scripts/ThirdParty/Feel/MMTools/Accessories/MMDebugMenu/Scripts/Events/MMDebugMenuButtonEventListener.cs
removed-demo	fb4caa80ff96ef14aad27e394d9874b3	Assets/Feel/MMTools/Demos/MMTween/Materials/MMPlotterPointMaterial 2.mat	
removed-demo	d97ec25ad6eb82242bd9451e92c8ba45	Assets/Feel/FeelDemos/Tactical/Textures/FeelTacticalSmoke.tga	
retained-guid	12023ad27a32d0447a80e1043fa53b22	Assets/Feel/MMFeedbacks/MMFeedbacks/Feedbacks/MMF_Pause.cs	Assets/Scripts/ThirdParty/Feel/MMFeedbacks/MMFeedbacks/Feedbacks/MMF_Pause.cs
removed-demo	bc4baff3b06dba74594ed2a55a37e86d	Assets/Feel/FeelDemosHDRP/Falcon/HDRPSettings/FeelFalconHDRPDemoPostProcessingSettings.asset	
removed-demo	18533ba163e0f074aa8795afb633df48	Assets/Feel/FeelDemos/Strike/Sounds/FeelStrikeReset.wav	
retained-guid	fd68bdcc37e59784a83e37ec1c26d400	Assets/Feel/MMTools/Accessories/MMVFX/MMRamps/MMRamp4.png	Assets/Art/Textures/Feel/MMTools/Accessories/MMVFX/MMRamps/MMRamp4.png
retained-guid	a1d30844a1ef58b4f8e34a359c02ccd7	Assets/Feel/MMFeedbacks/MMFeedbacks/Feedbacks/MMF_AudioSourceStereoPan.cs	Assets/Scripts/ThirdParty/Feel/MMFeedbacks/MMFeedbacks/Feedbacks/MMF_AudioSourceStereoPan.cs
retained-guid	adc4603b7be471c479ef63c42f19aa72	Assets/Feel/MMTools/Accessories/MMPrototypeTextures/MMBRP_Materials/MMBPR_LightGreyFrame.mat	Assets/Art/Materials/Feel/MMTools/Accessories/MMPrototypeTextures/MMBRP_Materials/MMBPR_LightGreyFrame.mat
retained-guid	6caabe887d9340e4cae45cc9f41897dc	Assets/Feel/MMTools/Accessories/MMDebugMenu/Scripts/Tabs/MMDebugMenuTabManager.cs	Assets/Scripts/ThirdParty/Feel/MMTools/Accessories/MMDebugMenu/Scripts/Tabs/MMDebugMenuTabManager.cs
retained-guid	d103290728e03b448829fc4b58e285ac	Assets/Feel/MMTools/Accessories/Editor/MMMovement/MMPathMovement/MMPathEditor.cs	Assets/Scripts/ThirdParty/Feel/MMTools/Accessories/Editor/MMMovement/MMPathMovement/MMPathEditor.cs
removed-demo	5726a1919a76249248b71f2c0db2de16	Assets/Feel/NiceVibrations/HapticSamples/Weapons/PistolFire2.wav	
retained-guid	d44c523d89caed94faa174d7a7b628f2	Assets/Feel/MMFeedbacks/MMFeedbacks/Feedbacks/MMF_PlayerChain.cs	Assets/Scripts/ThirdParty/Feel/MMFeedbacks/MMFeedbacks/Feedbacks/MMF_PlayerChain.cs
removed-demo	8a1f96c93a153e34a98b5f6dd6bbfebd	Assets/Feel/FeelDemos/Duck/Sprites/FeelDuck.png	
retained-guid	0f7538ff15051d14c9a387d4773180bc	Assets/Feel/MMTools/Accessories/MMVFX/MMPalette/MMLowPolyPalette.png	Assets/Art/Textures/Feel/MMTools/Accessories/MMVFX/MMPalette/MMLowPolyPalette.png
removed-demo	4f428a8918c559c44b229715a237c4cc	Assets/Feel/FeelDemos/SquashAndStretch/Prefabs/FeelSquashAndStretchCar.fbx	
removed-demo	8512e4ba753f97b4aa581d930a6974b0	Assets/Feel/FeelDemos/Barbarians/Models/Materials/Wood.001.mat	
retained-guid	2efa1b899c8751046b9617c7268d54f8	Assets/Feel/MMTools/Core/MMRadio/MMProperty/MMPropertyLink/MMPropertyLinkFloat.cs	Assets/Scripts/ThirdParty/Feel/MMTools/Core/MMRadio/MMProperty/MMPropertyLink/MMPropertyLinkFloat.cs
retained-guid	6e1187ab043b6154493c3407ed149566	Assets/Feel/MMTools/Foundation/MMAI/AIState.cs	Assets/Scripts/ThirdParty/Feel/MMTools/Foundation/MMAI/AIState.cs
retained-guid	ac5fe8b3eca74f8458dbf5237f3032b7	Assets/Feel/MMTools/Core/Editor/MMAttributes/MMLayerAttributeDrawer.cs	Assets/Scripts/ThirdParty/Feel/MMTools/Core/Editor/MMAttributes/MMLayerAttributeDrawer.cs
retained-guid	9d6b34f746558214f8be920b214b567e	Assets/Feel/MMFeedbacks/MMFeedbacks/Feedbacks/MMF_AudioSource.cs	Assets/Scripts/ThirdParty/Feel/MMFeedbacks/MMFeedbacks/Feedbacks/MMF_AudioSource.cs
removed-demo	b09595e3fbdee4d41aa72ecd8eb4fd76	Assets/Feel/FeelDemos/UIToolkitFeedbacksDemo/VisualTrees/FeelUIToolkitFeedbacksDemoVisualTree.uxml	
removed-demo	22853891040a0ec409c2ba44a96285d8	Assets/Feel/FeelDemos/Snake/Scripts/SnakeFood.cs	
removed-demo	e7821ac82fa196847a5696590772ca75	Assets/Feel/FeelDemos/Bounce/PostProcessing/FeelBouncePostProcessVolume.asset	
retained-guid	24c63d27288824cf68c83ec01e0f3643	Assets/Feel/NiceVibrations/Scripts/Components/Icons/HapticReceiverIcon.png	Assets/Art/Textures/Feel/NiceVibrations/Scripts/Components/Icons/HapticReceiverIcon.png
retained-guid	f67990759854d1e4aa64a3821734dcd8	Assets/Feel/MMTools/Accessories/MMShaders/MMUINoAlpha.shader	Assets/Art/Shaders/Feel/MMTools/Accessories/MMShaders/MMUINoAlpha.shader
removed-demo	292aad821b16948af9cba9deaca16525	Assets/Feel/NiceVibrations/HapticSamples/ApplicationUX/Button2.wav	
removed-demo	bdd6c77f3b6358b4797992581e75bd64	Assets/Feel/MMFeedbacks/Demos/MMFeedbacksDemo/Textures/FeedbacksDemoFaderMask.png	
retained-guid	6b05280df6098734a9d93da081ea29f1	Assets/Feel/MMFeedbacks/MMFeedbacksForThirdParty/PostProcessing/Shakers/MMAutoFocus.cs	Assets/Scripts/ThirdParty/Feel/MMFeedbacks/MMFeedbacksForThirdParty/PostProcessing/Shakers/MMAutoFocus.cs
retained-guid	716ed1aa8290ba04ba69b411a3d8554a	Assets/Feel/MMFeedbacks/MMFeedbacks/Core/MMFeedbacksEvents.cs	Assets/Scripts/ThirdParty/Feel/MMFeedbacks/MMFeedbacks/Core/MMFeedbacksEvents.cs
retained-guid	c05f8d9b1617d624cba54512d0bda394	Assets/Feel/MMFeedbacks/MMFeedbacksForThirdParty/NiceVibrations/MoreMountains.Feedbacks.NiceVibrations.asmref	Assets/Scripts/ThirdParty/Feel/MMFeedbacks/MMFeedbacksForThirdParty/NiceVibrations/MoreMountains.Feedbacks.NiceVibrations.asmref
retained-guid	f41da011e26b4194cbae36ef66842b50	Assets/Feel/MMFeedbacks/MMFeedbacksForThirdParty/URP/Resources/MMDefaultURPVolume.prefab	Assets/Art/Prefabs/Feel/MMFeedbacks/MMFeedbacksForThirdParty/URP/Defaults/MMDefaultURPVolume.prefab
removed-demo	26cab09f0f0644d44b67336351ccb1c0	Assets/Feel/FeelDemos/Barbarians/Models/Materials/Leaves.003.mat	
retained-guid	3d940d484781c4040921ce29789b1943	Assets/Feel/MMTools/Core/MMAttributes/MMBackgroundColorAttribute.cs	Assets/Scripts/ThirdParty/Feel/MMTools/Core/MMAttributes/MMBackgroundColorAttribute.cs
removed-demo	40c906fd3abf32a4b81655aee35391a1	Assets/Feel/MMFeedbacks/Demos/MMFeedbacksDemo/Textures/Paper/PaperRoughness.png	
removed-demo	126e6e5ac31eb45e7892ac68883bb6e4	Assets/Feel/FeelDemos/Wheel/Materials/FeelWheelSparksMaterial.mat	
retained-guid	d89b77a7a68c1844280c6ff2e49f95b8	Assets/Feel/MMTools/Core/MMSceneLoading/LoadingScreens/MMAdditiveLoadingScreen.unity	Assets/Scenes/Feel/MMTools/Core/MMSceneLoading/LoadingScreens/MMAdditiveLoadingScreen.unity
removed-demo	20729848b1209504ebb9c98d05470832	Assets/Feel/FeelDemos/Barbarians/Materials/FeelBarbarianEnemyHelmetRimMaterial.mat	
removed-demo	b2391ac266b519c4697705d56b09d303	Assets/Feel/MMTools/Demos/MMTween/Materials/MMPlotterPointMaterial 3.mat	
retained-guid	98e84bec6c36ca5419922f3def4d4267	Assets/Feel/MMTools/Accessories/MMGUI/MMCursorVisible.cs	Assets/Scripts/ThirdParty/Feel/MMTools/Accessories/MMGUI/MMCursorVisible.cs
removed-demo	4ede2b3a9ded5ff43aa7b33d97a610d5	Assets/Feel/FeelDemos/Snake/Sounds/FeelSnakePiano4.wav	
retained-guid	c1bea42a5942a4c09a3ecd393f6054aa	Assets/Feel/MMFeedbacks/MMFeedbacksForThirdParty/PostProcessing/Resources/MMDefaultPostProcessingProfile.asset	Assets/Data/Feedback/Feel/MMFeedbacks/MMFeedbacksForThirdParty/PostProcessing/Defaults/MMDefaultPostProcessingProfile.asset
removed-demo	a5fbc7abb856a0a4791f28a326ea66b1	Assets/Feel/NiceVibrations/Demo/DemoAssets/RegularPresetsDemo/RegularPresetsDemoManager.cs	
retained-guid	5c0e71f738b287843b432d007a0626bb	Assets/Feel/MMTools/Accessories/Editor/MMMaintenance/MMLockInspector.cs	Assets/Scripts/ThirdParty/Feel/MMTools/Accessories/Editor/MMMaintenance/MMLockInspector.cs
removed-demo	30eb1e1837eea49088c39e2c60d19ebd	Assets/Feel/NiceVibrations/HapticSamples/Objects/Hammer2.haptic	
removed-demo	2679027a5cb70f547aa504583d355f87	Assets/Feel/FeelDemos/Snake/PostProcessing/FeelSnakeDemoPostProcessingProfile.asset	
removed-demo	fbb908c6b3b2e42468f2e036760651cf	Assets/Feel/MMFeedbacks/Demos/SequencingDemo/Textures/Fabric09_rgh.png	
removed-demo	59d416c84824f4c428a7087364aa244b	Assets/Feel/NiceVibrations/HapticSamples/Impacts/CarCrash1.haptic	
retained-guid	9c0c9d2b8139a174a9adcecbfebc5ddb	Assets/Feel/MMFeedbacks/MMFeedbacks/Feedbacks/MMF_ParticlesInstantiation.cs	Assets/Scripts/ThirdParty/Feel/MMFeedbacks/MMFeedbacks/Feedbacks/MMF_ParticlesInstantiation.cs
retained-guid	6428d294fb684dc48917b398c67f178f	Assets/Feel/MMFeedbacks/MMFeedbacks/Feedbacks/MMF_Text.cs	Assets/Scripts/ThirdParty/Feel/MMFeedbacks/MMFeedbacks/Feedbacks/MMF_Text.cs
retained-guid	148ba46d50e5e7346a7ac051cf1b6617	Assets/Feel/MMTools/Core/MMSaveLoad/MMSaveLoadManagerMethodJson.cs	Assets/Scripts/ThirdParty/Feel/MMTools/Core/MMSaveLoad/MMSaveLoadManagerMethodJson.cs
retained-guid	bf6e65de4f70a4dcf99ceb68e999d287	Assets/Feel/MMTools/Foundation/MMAchievements/Prefabs/AchievementDisplay.prefab	Assets/Art/Prefabs/Feel/MMTools/Foundation/MMAchievements/Prefabs/AchievementDisplay.prefab
retained-guid	01d2d7068b8e40b48bdbdfd98d3edf52	Assets/Feel/MMFeedbacks/MMFeedbacks/Springs/Springs/MMSpringAudioSourcePitch.cs	Assets/Scripts/ThirdParty/Feel/MMFeedbacks/MMFeedbacks/Springs/Springs/MMSpringAudioSourcePitch.cs
retained-guid	be090172b5d6e3149b78c6da8b309d47	Assets/Feel/MMFeedbacks/Authorizations/MMFeedbacksAuthorizations.cs	Assets/Scripts/ThirdParty/Feel/MMFeedbacks/Authorizations/MMFeedbacksAuthorizations.cs
removed-demo	5527f1ddc0edb497cb8e914b23cad718	Assets/Feel/NiceVibrations/HapticSamples/Weapons/ShotgunLoad1.haptic	
removed-demo	8f0724b5b6f9cbe48a7e06c43a2d2b5a	Assets/Feel/FeelDemos/Letters/Sprites/FeelLettersDemoMouth5.png	
removed-demo	00457dc663d97e14f94f7964f5208631	Assets/Feel/FeelDemos/CardsUI/Materials/FeelCardsLightning.mat	
retained-guid	c1275323e6f00d240970de428ca9fe70	Assets/Feel/MMTools/Accessories/MMVFX/MMNoise/MMBlueNoise.png	Assets/Art/Textures/Feel/MMTools/Accessories/MMVFX/MMNoise/MMBlueNoise.png
retained-guid	e65295240cbc68641b5b47a57a4296a9	Assets/Feel/MMTools/Core/Editor/MMAttributes/MMMonoBehaviourFieldInfo.cs	Assets/Scripts/ThirdParty/Feel/MMTools/Core/Editor/MMAttributes/MMMonoBehaviourFieldInfo.cs
retained-guid	886cecdd9d0da7e429a987be6cccf1da	Assets/Feel/MMTools/Accessories/MMGUI/MMPSBToUIConverter.cs	Assets/Scripts/ThirdParty/Feel/MMTools/Accessories/MMGUI/MMPSBToUIConverter.cs
removed-demo	3c3c000a82c344d4a824451d8abff6b6	Assets/Feel/FeelDemos/Snake/FeelSnake.unity	
removed-demo	8c0cb98ea0c53c846bf6fc8fe819b4f2	Assets/Feel/MMFeedbacks/Demos/SequencingDemo/Textures/wip/Rocks21_AO.png	
retained-guid	39cb364c2dfacad469e5df86d6ec5e92	Assets/Feel/MMFeedbacks/MMFeedbacks/Shakers/MMBlink.cs	Assets/Scripts/ThirdParty/Feel/MMFeedbacks/MMFeedbacks/Shakers/MMBlink.cs
retained-guid	333259468901c6b40b6cfd1b603a34d5	Assets/Feel/MMFeedbacks/MMFeedbacks/Feedbacks/MMF_AnimatorPlayState.cs	Assets/Scripts/ThirdParty/Feel/MMFeedbacks/MMFeedbacks/Feedbacks/MMF_AnimatorPlayState.cs
retained-guid	7c6d499e66c8acc44a215001b8c76b8a	Assets/Feel/MMFeedbacks/MMFeedbacks/Feedbacks/MMF_HoldingPause.cs	Assets/Scripts/ThirdParty/Feel/MMFeedbacks/MMFeedbacks/Feedbacks/MMF_HoldingPause.cs
retained-guid	1193a6fa247fd0a49bb7636d5a09dce3	Assets/Feel/MMFeedbacks/MMFeedbacks/Springs/Core/MMSpringColor.cs	Assets/Scripts/ThirdParty/Feel/MMFeedbacks/MMFeedbacks/Springs/Core/MMSpringColor.cs
removed-demo	3dbb78b119d6abd45a7d588eb155d5b5	Assets/Feel/FeelDemos/Barbarians/Models/Materials/RockyHill.mat	
retained-guid	09ed30f22b4748a44bc7862a66f01f2e	Assets/Feel/MMFeedbacks/MMFeedbacksForThirdParty/HDRP/Shakers/MMBloomShaker_HDRP.cs	Assets/Scripts/ThirdParty/Feel/MMFeedbacks/MMFeedbacksForThirdParty/HDRP/Shakers/MMBloomShaker_HDRP.cs
removed-demo	fe0de0abc5c851546a08849af60ae7e5	Assets/Feel/FeelDemos/Toaster/Prefabs/FeelToasterToast.prefab	
retained-guid	9d539b61a69f036439e310358625cbc5	Assets/Feel/NiceVibrations/Helpers/NVHapticData.cs	Assets/Scripts/ThirdParty/Feel/NiceVibrations/Helpers/NVHapticData.cs
retained-guid	416f266b197306a49975dadec6e05526	Assets/Feel/MMFeedbacks/MMFeedbacksForThirdParty/PostProcessing/Shakers/MMColorGradingShaker.cs	Assets/Scripts/ThirdParty/Feel/MMFeedbacks/MMFeedbacksForThirdParty/PostProcessing/Shakers/MMColorGradingShaker.cs
removed-demo	35a26d6ebcf6d9c488dfd296cf2219f9	Assets/Feel/NiceVibrations/Demo/DemoAssets/CarDemo/Scripts/CarDemoManager.cs	
retained-guid	e16a029f4e85daf40b26bf34dcb47b4f	Assets/Feel/MMFeedbacks/MMFeedbacks/Shakers/MMAudioFilterReverbShaker.cs	Assets/Scripts/ThirdParty/Feel/MMFeedbacks/MMFeedbacks/Shakers/MMAudioFilterReverbShaker.cs
retained-guid	ee885a74e6f1bb84989b1a044de340cf	Assets/Feel/MMTools/Accessories/MMParticles/MMChangeFogColor.cs	Assets/Scripts/ThirdParty/Feel/MMTools/Accessories/MMParticles/MMChangeFogColor.cs
retained-guid	931b39b62e090af46bb775a436d4cb0e	Assets/Feel/MMFeedbacks/MMFeedbacks/Feedbacks/MMF_Events.cs	Assets/Scripts/ThirdParty/Feel/MMFeedbacks/MMFeedbacks/Feedbacks/MMF_Events.cs
removed-demo	86eb5bb1ab5ce46cdb049f224abba5a0	Assets/Feel/NiceVibrations/HapticSamples/SoundFX/CarScreech2.haptic	
retained-guid	e48b9501c5356cf4e9c390d40d81438c	Assets/Feel/MMTools/Accessories/MMDebugMenu/Prefabs/MMDebugMenuCheckbox.prefab	Assets/Art/Prefabs/Feel/MMTools/Accessories/MMDebugMenu/Prefabs/MMDebugMenuCheckbox.prefab
retained-guid	a7418ffb631904a47b36fa84af828aa9	Assets/Feel/MMTools/Core/Editor/MMAttributes/MMConditionAttributeDrawer.cs	Assets/Scripts/ThirdParty/Feel/MMTools/Core/Editor/MMAttributes/MMConditionAttributeDrawer.cs
removed-demo	673afabb769cc454dba8298aba6409e1	Assets/Feel/FeelDemos/Strike/Textures/FeelStrikeWoodNormal.png	
removed-demo	c4c3b1884bce24d589784ec568ffc26a	Assets/Feel/NiceVibrations/HapticSamples/Objects/SwitchMed1.haptic	
removed-demo	4edfcb4bd71ee754eb5f904db75d5758	Assets/Feel/MMTools/Demos/MMDebugMenu/MMDebugMenu.unity	
removed-demo	2a4a40e5b8a2c674d9d8d35164810540	Assets/Feel/MMFeedbacks/Demos/MMFeedbacksDemo/Models/Dude/MMFeedbackDemoDude@TPose.fbx	
retained-guid	ccb12f2582242744685c2cb083debab8	Assets/Feel/MMFeedbacks/MMFeedbacksForThirdParty/NiceVibrations/Feedbacks/MMF_NVPreset.cs	Assets/Scripts/ThirdParty/Feel/MMFeedbacks/MMFeedbacksForThirdParty/NiceVibrations/Feedbacks/MMF_NVPreset.cs
retained-guid	f1d51ed493a42ad4789ff2be401e8b43	Assets/Feel/MMTools/Accessories/MMVFX/MMNoise/MMBrushNoise.png	Assets/Art/Textures/Feel/MMTools/Accessories/MMVFX/MMNoise/MMBrushNoise.png
retained-guid	d721bd69a5a65bf4ab07b36ad0883acf	Assets/Feel/MMFeedbacks/MMFeedbacks/Feedbacks/MMF_RotatePositionAround.cs	Assets/Scripts/ThirdParty/Feel/MMFeedbacks/MMFeedbacks/Feedbacks/MMF_RotatePositionAround.cs
retained-guid	75b254a55f7e3f347ac8f2b5db9b11d9	Assets/Feel/MMTools/Accessories/MMVFX/MMNoise/MMCloudsNoise.png	Assets/Art/Textures/Feel/MMTools/Accessories/MMVFX/MMNoise/MMCloudsNoise.png
retained-guid	97e6ede6fceb23f40805fef166a6f181	Assets/Feel/MMFeedbacks/MMFeedbacks/Core/MMFeedbacksInspectorColors.cs	Assets/Scripts/ThirdParty/Feel/MMFeedbacks/MMFeedbacks/Core/MMFeedbacksInspectorColors.cs
removed-demo	ebaaaf14009667d4989d3c3b62c2d0df	Assets/Feel/FeelDemos/Toaster/Materials/FeelToasterSkybox.mat	
retained-guid	d01c21882f8c03844831b4d587f470b6	Assets/Feel/MMFeedbacks/MMFeedbacksForThirdParty/MMTools/Feedbacks/MMF_RadioSignal.cs	Assets/Scripts/ThirdParty/Feel/MMFeedbacks/MMFeedbacksForThirdParty/MMTools/Feedbacks/MMF_RadioSignal.cs
removed-demo	f6ab044088180434289122e41199a631	Assets/Feel/MMFeedbacks/Demos/SequencingDemo/Sounds/Kit/MMSequencingTom2.wav	
retained-guid	feb8bb2f278c6b047ab36f275dcaa126	Assets/Feel/MMTools/Core/MMAttributes/MMNavMeshAreaMaskAttribute.cs	Assets/Scripts/ThirdParty/Feel/MMTools/Core/MMAttributes/MMNavMeshAreaMaskAttribute.cs
removed-demo	c2179e6fbe7826d4d8579a80747d3f5b	Assets/Feel/FeelDemos/CardsUI/Textures/Art/FeelSquareLightningAnimation.png	
removed-demo	ee0ae448e8c5d5d448cec42ba716ed21	Assets/Feel/MMFeedbacks/Demos/SequencingDemo/Textures/Tiles69_col.png	
retained-guid	dbc8c25cc61ce624e96392478c57c2ae	Assets/Feel/MMTools/Accessories/MMVFX/MMParticles/MMParticlesEclipse.png	Assets/Art/Textures/Feel/MMTools/Accessories/MMVFX/MMParticles/MMParticlesEclipse.png
removed-demo	5a95931001b4d864bb1695d26b3d5d0c	Assets/Feel/FeelDemos/Tactical/Prefabs/FeelTacticalBulletImpact.prefab	
removed-demo	08dadbc729d7e724cbc0c20f8931a254	Assets/Feel/FeelDemosHDRP/Falcon/Materials/FeelFalconWindows.mat	
removed-demo	c010297598d35b24ea0bf283a1f77386	Assets/Feel/MMFeedbacks/Demos/SequencingDemo/Materials/SequencerPaintedMetal.mat	
retained-guid	0542c719094b3924cbee2c7229b1f4eb	Assets/Feel/MMFeedbacks/MMFeedbacks/Core/MMFeedbacksHelpers.cs	Assets/Scripts/ThirdParty/Feel/MMFeedbacks/MMFeedbacks/Core/MMFeedbacksHelpers.cs
retained-guid	d45db69777541e74c8e5f0f820540601	Assets/Feel/MMTools/Accessories/MMGUI/MMSceneName.cs	Assets/Scripts/ThirdParty/Feel/MMTools/Accessories/MMGUI/MMSceneName.cs
retained-guid	194c644ad43b53c478e2164aa4f41cb0	Assets/Feel/MMTools/Accessories/MMMovement/MMPreventPassingThrough3D.cs	Assets/Scripts/ThirdParty/Feel/MMTools/Accessories/MMMovement/MMPreventPassingThrough3D.cs
removed-demo	a40d966b5d8df3140955c23cdc4994c8	Assets/Feel/NiceVibrations/Demo/NiceVibrationsDemo.unity	
retained-guid	1b2bca3004ee68c45bb99ade8a9e5380	Assets/Feel/MMTools/Accessories/MMDebugMenu/Scripts/MMDebugMenuItems/MMDebugMenuItemChoices.cs	Assets/Scripts/ThirdParty/Feel/MMTools/Accessories/MMDebugMenu/Scripts/MMDebugMenuItems/MMDebugMenuItemChoices.cs
removed-demo	36b92ddd93b051d4ba81d29eed6e3c58	Assets/Feel/FeelDemos/Springs/Materials/FeelSpringsTalkingTreesRoundLeaves.mat	
removed-demo	473149a0cff2b4a01901360eef1fcef9	Assets/Feel/NiceVibrations/HapticSamples/Impacts/BulletCrack1.haptic	
removed-demo	b2e4685f398547d47bda4bfc63eb8c28	Assets/Feel/FeelDemos/ParallaxUI/Sprites/FeelParallaxUISnow1.png	
removed-demo	eb6595b16b21ba547a09dd7e89f79c9f	Assets/Feel/FeelDemos/Bounce/Materials/FeelBounceBody.mat	
retained-guid	996385a9b56b4d14eb03dc65ed309620	Assets/Feel/MMTools/Accessories/MMActivation/MMParentingOnStart.cs	Assets/Scripts/ThirdParty/Feel/MMTools/Accessories/MMActivation/MMParentingOnStart.cs
retained-guid	c25af41a2abe72640a4aaf1ff7537feb	Assets/Feel/MMFeedbacks/MMFeedbacks/Feedbacks/MMF_RotationSpring.cs	Assets/Scripts/ThirdParty/Feel/MMFeedbacks/MMFeedbacks/Feedbacks/MMF_RotationSpring.cs
retained-guid	f0a82a086afdc494db67a8b50f091d1e	Assets/Feel/MMFeedbacks/MMFeedbacks/Shakers/MMPositionShaker.cs	Assets/Scripts/ThirdParty/Feel/MMFeedbacks/MMFeedbacks/Shakers/MMPositionShaker.cs
retained-guid	5463d50a0cd9b2449a50f538278303d2	Assets/Feel/MMFeedbacks/MMFeedbacks/Shakers/MMFlash.cs	Assets/Scripts/ThirdParty/Feel/MMFeedbacks/MMFeedbacks/Shakers/MMFlash.cs
removed-demo	0e312d8dd618943ee80f2fe83e109cf6	Assets/Feel/NiceVibrations/HapticSamples/Objects/Hammer1.haptic	
removed-demo	121df0841e103d845bd81a64828d1497	Assets/Feel/FeelDemos/Barbarians/Materials/FeelBarbarianBackgroundMountains.mat	
removed-demo	aa35aec7f2cbcf44a8eb564cd037f319	Assets/Feel/NiceVibrations/Demo/Common/Fonts/RobotoMono-Regular.ttf	
removed-demo	25c9d7ee8ff7338459ca5bed8b7e8472	Assets/Feel/FeelDemos/Bounce/Animation/FeelBounceAnimationReference.anim	
retained-guid	3631f6ce0e380d74295fbb1d1f9ebbb8	Assets/Feel/MMFeedbacks/MMFeedbacksForThirdParty/HDRP/Feedbacks/MMF_ChromaticAberration_HDRP.cs	Assets/Scripts/ThirdParty/Feel/MMFeedbacks/MMFeedbacksForThirdParty/HDRP/Feedbacks/MMF_ChromaticAberration_HDRP.cs
removed-demo	c90f68a1bea42f446a064e9d9ec5571c	Assets/Feel/FeelDemos/Springs/Scripts/FeelSpringsCellMovementDemo.cs	
retained-guid	12d7216a3e967954ca8945932aa92fd4	Assets/Feel/MMTools/Core/MMSaveLoad/MMSaveLoadManagerMethodBinaryEncrypted.cs	Assets/Scripts/ThirdParty/Feel/MMTools/Core/MMSaveLoad/MMSaveLoadManagerMethodBinaryEncrypted.cs
retained-guid	f7559d3ffebbab24885ba248a4e0e548	Assets/Feel/MMFeedbacks/MMFeedbacks/Feedbacks/MMF_Light.cs	Assets/Scripts/ThirdParty/Feel/MMFeedbacks/MMFeedbacks/Feedbacks/MMF_Light.cs
retained-guid	ce8507eee5dca844dae81d478b63d348	Assets/Feel/MMFeedbacks/MMFeedbacks/Springs/Core/Components/MMSpringColorComponent.cs	Assets/Scripts/ThirdParty/Feel/MMFeedbacks/MMFeedbacks/Springs/Core/Components/MMSpringColorComponent.cs
removed-demo	47ec73b19b157514d83a7c49f9b95463	Assets/Feel/FeelDemos/Blob/Sounds/FeelBlobNote1.wav	
retained-guid	e0b0662717e477a49ab069670a2b5bc6	Assets/Feel/MMFeedbacks/MMFeedbacksForThirdParty/URP/Springs/MMSpringVignetteColor_URP.cs	Assets/Scripts/ThirdParty/Feel/MMFeedbacks/MMFeedbacksForThirdParty/URP/Springs/MMSpringVignetteColor_URP.cs
removed-demo	1e0c4c4837ff5f04a8186fffcbf043cc	Assets/Feel/FeelDemos/Strike/AHAP/FeelStrikeThrow.ahap.json	
removed-demo	83247f4004c68e648b3143b05c601da4	Assets/Feel/MMFeedbacks/Demos/SequencingDemo/Textures/Carpet05_rgh.png	
removed-demo	9b99e0d3f9ba0e747ae9e6c229f25a82	Assets/Feel/MMFeedbacks/Demos/SequencingDemo/Materials/SequencerTiles69.mat	
removed-demo	7fc69917d0d06bc45b69968dd837d42b	Assets/Feel/FeelDemos/CardsUI/Prefabs/FeelCardsUI_Card_Stormeye.prefab	
removed-demo	947b2f820c765bb4580381aec9a7523a	Assets/Feel/FeelDemos/Wheel/Materials/FeelWheelRim.mat	
retained-guid	53e5d263afa31f84eba026d21225b8fe	Assets/Feel/MMTools/Accessories/MMCamera/MMCameraFog.cs	Assets/Scripts/ThirdParty/Feel/MMTools/Accessories/MMCamera/MMCameraFog.cs
removed-demo	5563bc4dd4fc42c498a2d87fe7f74008	Assets/Feel/MMFeedbacks/Demos/SequencingDemo/Textures/Fabric06_nrm.png	
retained-guid	cb001ad73daba6d49b6183ff4079ebb6	Assets/Feel/MMFeedbacks/MMFeedbacksForThirdParty/TextMeshPro/Feedbacks/MMF_TMPColor.cs	Assets/Scripts/ThirdParty/Feel/MMFeedbacks/MMFeedbacksForThirdParty/TextMeshPro/Feedbacks/MMF_TMPColor.cs
removed-demo	a4e6cea3b38ff9446b72230500b7daa3	Assets/Feel/FeelDemos/MoreMountains.Feel.Demos.asmref	
retained-guid	da50fb2dabbb9534fb964920e61a0446	Assets/Feel/MMFeedbacks/MMFeedbacks/Feedbacks/MMF_Image.cs	Assets/Scripts/ThirdParty/Feel/MMFeedbacks/MMFeedbacks/Feedbacks/MMF_Image.cs
retained-guid	69bdc1f611c0f8d4dbc71613a9b04b9b	Assets/Feel/MMFeedbacks/Editor/Core/UIToolkit/Textures/FeelSetupRequired@2x.png	Assets/Art/UI/Feel/MMFeedbacks/Editor/Core/UIToolkit/Textures/FeelSetupRequired@2x.png
removed-demo	f9ecc84bea2f775498b7ec65b3810570	Assets/Feel/FeelDemosHDRP/Falcon/Materials/FeelFalconHDRPSkybox.hdr	
removed-demo	a6ae458264a4a8e42a10f166c8becc96	Assets/Feel/NiceVibrations/Demo/Common/Sprites/NVRoundedCorners.png	
removed-demo	b8256a6b792fe3b488157984ecc43f61	Assets/Feel/FeelDemos/Strike/Sounds/FeelStrikeSuccess.wav	
retained-guid	a4be8a3950b608c4785907ebe6be06ab	Assets/Feel/MMFeedbacks/MMFeedbacksForThirdParty/TextMeshPro/Feedbacks/MMF_TMPAlpha.cs	Assets/Scripts/ThirdParty/Feel/MMFeedbacks/MMFeedbacksForThirdParty/TextMeshPro/Feedbacks/MMF_TMPAlpha.cs
retained-guid	887e928caeb50c74593acce11770f85f	Assets/Feel/MMTools/Accessories/Editor/MMVision/MMConeOfVisionInspector.cs	Assets/Scripts/ThirdParty/Feel/MMTools/Accessories/Editor/MMVision/MMConeOfVisionInspector.cs
retained-guid	dc41dad25c8ecab4b8dba885fea5e5c9	Assets/Feel/MMFeedbacks/MMFeedbacksForThirdParty/PostProcessing/Springs/MMSpringColorGradingTemperature.cs	Assets/Scripts/ThirdParty/Feel/MMFeedbacks/MMFeedbacksForThirdParty/PostProcessing/Springs/MMSpringColorGradingTemperature.cs
retained-guid	ff113397ac737b84494337e5512328d8	Assets/Feel/MMFeedbacks/MMFeedbacks/Feedbacks/MMF_ImageTextureOffset.cs	Assets/Scripts/ThirdParty/Feel/MMFeedbacks/MMFeedbacks/Feedbacks/MMF_ImageTextureOffset.cs
removed-demo	e722c40e0347f457dba2efdc21167c05	Assets/Feel/NiceVibrations/HapticSamples/Objects/Flashlight1.haptic	
removed-demo	964ebbbe81ebfa24393c4962b4c441f2	Assets/Feel/FeelDemos/Barbarians/Materials/FeelBarbarianBackgroundTreeWood.mat	
retained-guid	7e08cd56fd2838f45bb3577428403529	Assets/Feel/MMFeedbacks/MMFeedbacks/Springs/Springs/MMSpringSquashAndStretch.cs	Assets/Scripts/ThirdParty/Feel/MMFeedbacks/MMFeedbacks/Springs/Springs/MMSpringSquashAndStretch.cs
removed-demo	0b839954fde649940911003ccb2b898f	Assets/Feel/FeelDemos/Bounce/Materials/FeelBounceLight.mat	
retained-guid	6dbf82cbd8a266041acbda8137fc5b9d	Assets/Feel/MMTools/Accessories/Editor/MMUtilities/MMTransformRandomizerEditor.cs	Assets/Scripts/ThirdParty/Feel/MMTools/Accessories/Editor/MMUtilities/MMTransformRandomizerEditor.cs
retained-guid	5f28e9eb155c32542978f8e9ecbc19f3	Assets/Feel/MMTools/Accessories/MMDebugMenu/Scripts/Tabs/MMDebugMenuDebugTab.cs	Assets/Scripts/ThirdParty/Feel/MMTools/Accessories/MMDebugMenu/Scripts/Tabs/MMDebugMenuDebugTab.cs
removed-demo	c1d23fed02e635544b12ed36a30f8113	Assets/Feel/MMFeedbacks/Demos/MMFeedbacksDemo/Materials/FeedbacksDemoCupcakeMaterial.mat	
removed-demo	0d638d1d0bd5acb4094aec795e12958f	Assets/Feel/FeelDemos/ParallaxUI/Sprites/FeelParallaxUISnow2.png	
removed-demo	f1a50c3f2fcb1db47ad5e001fd936402	Assets/Feel/FeelDemos/Letters/Sprites/FeelLettersDemoMouth2.png	
removed-demo	39dda57e2d7e23d4f843bbd5c20483b3	Assets/Feel/FeelDemos/Barbarians/Models/FeelBarbarianBackgroundTopDown.fbx	
removed-demo	09ec768d85c4824429cc19be00b6c792	Assets/Feel/FeelDemos/Barbarians/Textures/BarbarianHelmetTexture.png	
retained-guid	e08d8cde70b2ab541adf3efc246ef16a	Assets/Feel/MMTools/Foundation/Editor/MoreMountains.Tools.Foundation.Editor.asmref	Assets/Scripts/ThirdParty/Feel/MMTools/Foundation/Editor/MoreMountains.Tools.Foundation.Editor.asmref
removed-demo	c7348ace360ef934f965f061c2c4269e	Assets/Feel/MMFeedbacks/Demos/SequencingDemo/Sounds/Kit/MMSequencingBass2.wav	
retained-guid	8b91ce6d480b92e488d567b5558e559e	Assets/Feel/MMFeedbacks/MMFeedbacksForThirdParty/URP/Springs/MMSpringChromaticAberrationIntensity_URP.cs	Assets/Scripts/ThirdParty/Feel/MMFeedbacks/MMFeedbacksForThirdParty/URP/Springs/MMSpringChromaticAberrationIntensity_URP.cs
removed-demo	a9d44b99833cbfd48bb8d373db75343d	Assets/Feel/FeelDemos/Strike/Models/FeelStrikePin.fbx	
removed-demo	1a1c9fd2071a346fe97e445716115b82	Assets/Feel/NiceVibrations/HapticSamples/Objects/SwitchLight3.wav	
removed-demo	28f4ba3ff8cbc124d82cbe3d696ed209	Assets/Feel/MMFeedbacks/Demos/SequencingDemo/Materials/SequencerTiles12.mat	
removed-demo	01dfcbf4ce9664c41ab1cf3609c59ee6	Assets/Feel/MMFeedbacks/Demos/MMFeedbacksDemo/Models/Rock1.fbx	
retained-guid	58875ceee40a651498d6e840f42a38bd	Assets/Feel/MMFeedbacks/MMFeedbacksForThirdParty/MMTools/Feedbacks/MMF_RectTransformSizeDelta.cs	Assets/Scripts/ThirdParty/Feel/MMFeedbacks/MMFeedbacksForThirdParty/MMTools/Feedbacks/MMF_RectTransformSizeDelta.cs
removed-demo	cafd91303a9ae4c378d26b3c26979091	Assets/Feel/NiceVibrations/HapticSamples/Impacts/Concrete1.wav	
removed-demo	38f9bd8468d1d45ffaf65e1fb6314f69	Assets/Feel/NiceVibrations/HapticSamples/Weapons/LightMachineGunFire1.haptic	
retained-guid	fd22fcdfdb498eb44a478a291de6c940	Assets/Feel/MMFeedbacks/MMFeedbacksForThirdParty/Cinemachine/Shakers/MMCinemachineDutchShaker.cs	Assets/Scripts/ThirdParty/Feel/MMFeedbacks/MMFeedbacksForThirdParty/Cinemachine/Shakers/MMCinemachineDutchShaker.cs
removed-demo	e99b6c5ad04e7474d98b5d3425dd7f82	Assets/Feel/MMFeedbacks/Demos/MMFeedbacksDemo/Sounds/MMFeedbacksDemoTrack.wav	
retained-guid	af3876ae77702e24e8e1b06f675c0860	Assets/Feel/MMTools/Accessories/MMActivation/MMInputExecution.cs	Assets/Scripts/ThirdParty/Feel/MMTools/Accessories/MMActivation/MMInputExecution.cs
retained-guid	efe052b91c95c534b8bf0f64fb0b9151	Assets/Feel/MMTools/Core/MMUI/MMFader.cs	Assets/Scripts/ThirdParty/Feel/MMTools/Core/MMUI/MMFader.cs
retained-guid	911c22680cab39842bdcfa0232128182	Assets/Feel/MMTools/Accessories/MMVFX/MMParticles/MMParticlesSlash.png	Assets/Art/Textures/Feel/MMTools/Accessories/MMVFX/MMParticles/MMParticlesSlash.png
removed-demo	0dcefafee79e7de43ad13fab5cdb7135	Assets/Feel/FeelDemos/Common/Sprites/AppIcon.png	
retained-guid	35b7126fb201e074ea5a3421ba27c5b1	Assets/Feel/MMFeedbacks/Editor/Springs/MMSpringDebugPropertyDrawer.cs	Assets/Scripts/ThirdParty/Feel/MMFeedbacks/Editor/Springs/MMSpringDebugPropertyDrawer.cs
removed-demo	c1334dc132cef6e4d980b0705fa9c3ab	Assets/Feel/NiceVibrations/Demo/DemoAssets/ContinuousDemo/Scripts/ContinuousHapticsDemoManager.cs	
retained-guid	93b39336c7407ba4cb17a6d77dfa9605	Assets/Feel/MMTools/Accessories/MMShaders/MMWorldspace.shader	Assets/Art/Shaders/Feel/MMTools/Accessories/MMShaders/MMWorldspace.shader
retained-guid	45c7e7c8965a9e247b9e9b53897db43b	Assets/Feel/MMFeedbacks/MMFeedbacks/Springs/Springs/MMSpringTMPWordSpacing.cs	Assets/Scripts/ThirdParty/Feel/MMFeedbacks/MMFeedbacks/Springs/Springs/MMSpringTMPWordSpacing.cs
removed-demo	9c6c33e38b3914907af850ae738fd9f9	Assets/Feel/NiceVibrations/HapticSamples/Objects/Flashlight1.wav	
retained-guid	c493dd563e694e040a426953b958e68e	Assets/Feel/MMTools/Core/Editor/MMSaveLoad/MMSaveLoadMenu.cs	Assets/Scripts/ThirdParty/Feel/MMTools/Core/Editor/MMSaveLoad/MMSaveLoadMenu.cs
retained-guid	4b69e4219f8a33d46b034129f4d3ddea	Assets/Feel/MMTools/Accessories/MMGUI/MMOnPointer.cs	Assets/Scripts/ThirdParty/Feel/MMTools/Accessories/MMGUI/MMOnPointer.cs
retained-guid	1049f71bc5747d14fa10e114f6cfcfe5	Assets/Feel/MMFeedbacks/MMFeedbacks/Sequencing/Scripts/MMSequencer.cs	Assets/Scripts/ThirdParty/Feel/MMFeedbacks/MMFeedbacks/Sequencing/Scripts/MMSequencer.cs
retained-guid	a1fc9c7a40e1f2245a0a7c067509a2ae	Assets/Feel/MMTools/Accessories/MMCamera/MMViewportEdgeTeleporter.cs	Assets/Scripts/ThirdParty/Feel/MMTools/Accessories/MMCamera/MMViewportEdgeTeleporter.cs
removed-demo	d7f200db91fdcfd42a21a3c6b8321128	Assets/Feel/MMTools/Demos/MMGhostCamera/PostProcessing/MMGhostCameraPostProcessingProfile_URP.asset	
removed-demo	2632f30768ebdc141974faa405242463	Assets/Feel/FeelDemos/Letters/Materials/FeelLettersDemoWindMaterial.mat	
removed-demo	1a4822eecd49a0b49a4689ff4e92fa67	Assets/Feel/FeelDemos/Bounce/Materials/FeelBounceHelmetHornsMaterial.mat	
removed-demo	ef35891a12f2deb49acd5cffa698c910	Assets/Feel/MMFeedbacks/Demos/SequencingDemo/Materials/SequencerTiles31.mat	
retained-guid	8f6a0577d46b80a4f929e57370c60650	Assets/Feel/MMTools/Foundation/MMControls/MMTouchJoystick.cs	Assets/Scripts/ThirdParty/Feel/MMTools/Foundation/MMControls/MMTouchJoystick.cs
retained-guid	d821f2e3723c0e14f8ab72b4b064fe65	Assets/Feel/MMTools/Accessories/MMVFX/MMRipple/MMRippleWaves1NM.png	Assets/Art/Textures/Feel/MMTools/Accessories/MMVFX/MMRipple/MMRippleWaves1NM.png
retained-guid	7f64f66e3526fb1458a4c1e34e5300a9	Assets/Feel/MMFeedbacks/MMFeedbacks/Feedbacks/MMF_Rigidbody.cs	Assets/Scripts/ThirdParty/Feel/MMFeedbacks/MMFeedbacks/Feedbacks/MMF_Rigidbody.cs
retained-guid	e4c4ad5c65605834a8f3d6718580bd06	Assets/Feel/MMTools/Accessories/MMGUI/MMTwoSidedUI.cs	Assets/Scripts/ThirdParty/Feel/MMTools/Accessories/MMGUI/MMTwoSidedUI.cs
removed-demo	108a3476b6d855545b26c23b7e92e890	Assets/Feel/NiceVibrations/Demo/DemoAssets/BallDemo/Scripts/BallDemoManager.cs	
retained-guid	05ed97bf9ce684b47ab50ba3bf13134e	Assets/Feel/MMTools/Accessories/Editor/MMMaintenance/MMCleanupMissingScripts.cs	Assets/Scripts/ThirdParty/Feel/MMTools/Accessories/Editor/MMMaintenance/MMCleanupMissingScripts.cs
removed-demo	b4051c51d9b5fc343ac55f3cff8f01e3	Assets/Feel/FeelDemos/Brass/Scripts/FeelBrassGroundGenerator.cs	
removed-demo	22b991c903495424a81ff53c87ad78a0	Assets/Feel/NiceVibrations/HapticSamples/Impacts/BulletCrack1.wav	
retained-guid	3aa8708b27bfe524b8280cdc746690d3	Assets/Feel/MMTools/Accessories/MMPrototypeTextures/MMBRP_Materials/MMBPR_BlueCrosses.mat	Assets/Art/Materials/Feel/MMTools/Accessories/MMPrototypeTextures/MMBRP_Materials/MMBPR_BlueCrosses.mat
removed-demo	bcaca1f981b3fb041b502584100e7566	Assets/Feel/FeelDemos/Toaster/RenderTexture/FeelToasterRenderTextureMaterial.mat	
retained-guid	c55f5c5831b7b344bb8ae4b4471d7253	Assets/Feel/MMTools/Core/MMHelpers/MMFade.cs	Assets/Scripts/ThirdParty/Feel/MMTools/Core/MMHelpers/MMFade.cs
retained-guid	2d40819da14d2d1499237afb52ba159b	Assets/Feel/MMFeedbacks/MMFeedbacksForThirdParty/HDRP/Helpers/MMHDRPHelpers.cs	Assets/Scripts/ThirdParty/Feel/MMFeedbacks/MMFeedbacksForThirdParty/HDRP/Helpers/MMHDRPHelpers.cs
retained-guid	f6dcec9f2c4bea14baa2582a1bae072a	Assets/Feel/MMTools/Core/MMRadio/MMProperty/MMPropertyLink/MMPropertyLinkInt.cs	Assets/Scripts/ThirdParty/Feel/MMTools/Core/MMRadio/MMProperty/MMPropertyLink/MMPropertyLinkInt.cs
retained-guid	49f0c9a373a7bee44ba595f666d21fc4	Assets/Feel/MMTools/Accessories/MMCinemachine/MMCinemachineZone/MMCinemachineZone3D.cs	Assets/Scripts/ThirdParty/Feel/MMTools/Accessories/MMCinemachine/MMCinemachineZone/MMCinemachineZone3D.cs
removed-demo	676793e8b24f07a49a5aac3b0985ad69	Assets/Feel/FeelDemos/Barbarians/Sounds/FeelBarbarianHit.wav	
retained-guid	6380989b56d512c498442aa08d0dfe03	Assets/Feel/MMTools/Accessories/MMPrototypeTextures/Textures/MMPlastic/MMPlasticAO.png	Assets/Art/Textures/Feel/MMTools/Accessories/MMPrototypeTextures/Textures/MMPlastic/MMPlasticAO.png
retained-guid	99dec03033cf89c4b936367ceee96b05	Assets/Feel/MMTools/Demos/MMTween/Fonts/Lato/TTF/Lato-Semibold.ttf	Assets/Art/Fonts/Feel/MMTools/Demos/MMTween/Fonts/Lato/TTF/Lato-Semibold.ttf
removed-demo	24c17f7978039fc4ead290ab5d87e2ee	Assets/Feel/MMFeedbacks/Demos/MMFeedbacksDemo/MMF_PlayerDemo.unity	
retained-guid	83dcb4ea8c2204a43adf98a01a3bc0d1	Assets/Feel/MMTools/Core/MMRadio/MMRadioReceiver.cs	Assets/Scripts/ThirdParty/Feel/MMTools/Core/MMRadio/MMRadioReceiver.cs
removed-demo	fc310f0002b9b714884ea8fb1517d73b	Assets/Feel/FeelDemos/SquashAndStretch/PostProcessingProfile/FeelSquashAndStretchSkyboxPostProcessingProfile.asset	
retained-guid	74afe8fa850212e4cb811213ee9ae400	Assets/Feel/MMFeedbacks/MMFeedbacks/Springs/Springs/MMSpringLightIntensity.cs	Assets/Scripts/ThirdParty/Feel/MMFeedbacks/MMFeedbacks/Springs/Springs/MMSpringLightIntensity.cs
retained-guid	517afba2f824eb244b94a340fe47a650	Assets/Feel/MMTools/Accessories/MMVFX/MMBloomDirt/MMBloomDirt2.png	Assets/Art/Textures/Feel/MMTools/Accessories/MMVFX/MMBloomDirt/MMBloomDirt2.png
removed-demo	72c274521f3154cc4b3c1db9ca2deb64	Assets/Feel/NiceVibrations/HapticSamples/SoundFX/CarEngine1.wav	
removed-demo	130738348661b614a91b65ab8a83e0d4	Assets/Feel/MMFeedbacks/Demos/SequencingDemo/Textures/Tiles31_rgh.png	
removed-demo	86299ffd493034c65bf4c255664bbed9	Assets/Feel/NiceVibrations/HapticSamples/Nature/RainonUmbrella1.haptic	
removed-demo	c6b50230460947f409d8c959ea2e760d	Assets/Feel/FeelDemos/Toaster/PostProcessing/FeelToasterPostProcessingProfile.asset	
removed-demo	ddb932091cbb9474f8b38bf2491cc9de	Assets/Feel/NiceVibrations/HapticSamples/Music/Cymbal3.wav	
retained-guid	5a2e3aab8bd306249afbd26c52205f46	Assets/Feel/MMFeedbacks/MMFeedbacks/Core/ObjectPool/MMMiniObjectPooler.cs	Assets/Scripts/ThirdParty/Feel/MMFeedbacks/MMFeedbacks/Core/ObjectPool/MMMiniObjectPooler.cs
retained-guid	6cf9893ce00472244950a7d0b0c4430e	Assets/Feel/MMTools/Core/Editor/MMAttributes/MMColorAttributeDrawer.cs	Assets/Scripts/ThirdParty/Feel/MMTools/Core/Editor/MMAttributes/MMColorAttributeDrawer.cs
removed-demo	dd23a3cec55974f40b54e572b9630bcf	Assets/Feel/NiceVibrations/HapticSamples/Objects/Coin5.haptic	
removed-demo	4394c1beb96d3ff488adea1729375ee0	Assets/Feel/FeelDemos/Barbarians/Lighting/Lightmap-0_comp_dir.png	
removed-demo	d60ddf9cac3b248c4953a4ba37dd6c59	Assets/Feel/NiceVibrations/HapticSamples/SoundFX/Crumbling1.wav	
removed-demo	913aed532e7e36e45be44dd53fcf660e	Assets/Feel/FeelDemos/Bounce/Physics/FeelBounceBouncyMaterial.physicMaterial	
retained-guid	6e5da26383e93e941be7bdbcd7b5d940	Assets/Feel/MMTools/Core/MMRadio/MMProperty/MMProperty.cs	Assets/Scripts/ThirdParty/Feel/MMTools/Core/MMRadio/MMProperty/MMProperty.cs
removed-demo	02316434b607bb54b8febbdeb7c6fe1a	Assets/Feel/FeelDemos/Springs/Materials/FeelSpringsTalkingTreesEyeWhite.mat	
retained-guid	0f03458534bea45e4bba9ab3411321b2	Assets/Feel/MMTools/Foundation/MMAchievements/Fonts/orange kid.ttf	Assets/Art/Fonts/Feel/MMTools/Foundation/MMAchievements/Fonts/orange kid.ttf
retained-guid	75131f2c79eb5ea41ad169e65629e780	Assets/Feel/MMTools/Accessories/MMShaders/MMVFX.shader	Assets/Art/Shaders/Feel/MMTools/Accessories/MMShaders/MMVFX.shader
removed-demo	fadb07e8551cd4db2a081ec1b9702af6	Assets/Feel/NiceVibrations/HapticSamples/Objects/SwitchMed2.wav	
retained-guid	f9406a33814af9c47b352e77f079d798	Assets/Feel/NiceVibrations/OlderVersions/v2.0.1/NiceVibrations-v-2-0-1.unitypackage	Assets/Scripts/ThirdParty/Feel/NiceVibrations/OlderVersions/v2.0.1/NiceVibrations-v-2-0-1.unitypackage
retained-guid	47cd2899f51fb4842857c11182c8e62a	Assets/Feel/MMTools/Accessories/MMCinemachine/MMCinemachineZone/MMCinemachineZone2D.cs	Assets/Scripts/ThirdParty/Feel/MMTools/Accessories/MMCinemachine/MMCinemachineZone/MMCinemachineZone2D.cs
removed-demo	7b27863d254b64b43a78a2b21773bad2	Assets/Feel/NiceVibrations/HapticSamples/Objects/Keyboard3.wav	
retained-guid	0fffa36c603d1bd4ea253a17e4d17757	Assets/Feel/MMFeedbacks/MMFeedbacksForThirdParty/TextMeshPro/Feedbacks/MMF_TMPFontSize.cs	Assets/Scripts/ThirdParty/Feel/MMFeedbacks/MMFeedbacksForThirdParty/TextMeshPro/Feedbacks/MMF_TMPFontSize.cs
removed-demo	37bbdd2870294554b9997eae9fc844e9	Assets/Feel/MMFeedbacks/Demos/MMFeedbacksDemo/Materials/FeedbacksDemoEyes.mat	
removed-demo	7d9f91002f7704512888884c6e6c0cc0	Assets/Feel/NiceVibrations/HapticSamples/Impacts/BulletMetal1.haptic	
retained-guid	88367c53ef5132e4c9df08d23e92c06d	Assets/Feel/MMFeedbacks/MMFeedbacks/Feedbacks/MMF_Animation.cs	Assets/Scripts/ThirdParty/Feel/MMFeedbacks/MMFeedbacks/Feedbacks/MMF_Animation.cs
removed-demo	d15c44bfaa8a88c4790fa0fa2782404a	Assets/Feel/MMFeedbacks/Demos/SequencingDemo/Prefabs/Crate.fbx	
removed-demo	5c442f9e667c3ac4089fc4321d655698	Assets/Feel/FeelDemos/Tactical/Models/FeelTactical@TPose.fbx	
removed-demo	bcd80bc4f60ab014a8a41c5078c40449	Assets/Feel/NiceVibrations/Demo/DemoAssets/BallDemo/Sprites/NVBallParticle.png	
retained-guid	6ad38ecaccfcdc04d886cb21721bfa60	Assets/Feel/MMFeedbacks/MMFeedbacksForThirdParty/UIToolkit/Feedbacks/MMF_UIToolkitBorderRadius.cs	Assets/Scripts/ThirdParty/Feel/MMFeedbacks/MMFeedbacksForThirdParty/UIToolkit/Feedbacks/MMF_UIToolkitBorderRadius.cs
removed-demo	1696ee9a918086e4f8e67712feab322a	Assets/Feel/MMTools/Demos/MMRadio/MMRadioDemo.unity	
removed-demo	4e11321e9a96be44ca13e5c57c2fe95c	Assets/Feel/FeelDemosHDRP/Falcon/Models/FeelRock.fbx	
retained-guid	0ca3ff8bc8827e24ab1490c416d7839f	Assets/Feel/MMTools/Accessories/Editor/MMParticles/MMRendererSortingLayerEditor.cs	Assets/Scripts/ThirdParty/Feel/MMTools/Accessories/Editor/MMParticles/MMRendererSortingLayerEditor.cs
removed-demo	9f6ba142c954246868317548c7c93b42	Assets/Feel/NiceVibrations/HapticSamples/Weapons/PistolLoad1.haptic	
retained-guid	91ee58105ec38c84b905bd3f290dd6b6	Assets/Feel/MMFeedbacks/MMFeedbacksForThirdParty/URP/Feedbacks/MMF_ChannelMixer_URP.cs	Assets/Scripts/ThirdParty/Feel/MMFeedbacks/MMFeedbacksForThirdParty/URP/Feedbacks/MMF_ChannelMixer_URP.cs
removed-demo	68ac7c55765933d40835defbccf9f137	Assets/Feel/FeelDemos/Barbarians/Sounds/FeelBarbariansAttack3.wav	
retained-guid	61a572ed6d10d874b96ae733ad19bed9	Assets/Feel/MMTools/Core/Editor/MMAudio/MMSoundManager/MMSoundManagerEditor.cs	Assets/Scripts/ThirdParty/Feel/MMTools/Core/Editor/MMAudio/MMSoundManager/MMSoundManagerEditor.cs
retained-guid	cd1ba6e99150bc54788ab1cadf6a8f09	Assets/Feel/MMFeedbacks/MMFeedbacksForThirdParty/MMTools/Feedbacks/MMF_Playlist.cs	Assets/Scripts/ThirdParty/Feel/MMFeedbacks/MMFeedbacksForThirdParty/MMTools/Feedbacks/MMF_Playlist.cs
removed-demo	05fa953830786f34fa5fd7523273f72c	Assets/Feel/MMFeedbacks/Demos/MMFeedbacksDemo/Materials/FeedbacksDemoGroundDust.mat	
retained-guid	22f8635412949d74b887ff1dc1a31742	Assets/Feel/MMFeedbacks/MMFeedbacks/Springs/Springs/MMSpringLightRange.cs	Assets/Scripts/ThirdParty/Feel/MMFeedbacks/MMFeedbacks/Springs/Springs/MMSpringLightRange.cs
retained-guid	0e19b4303c2b04a49a00bb24fcccfd5c	Assets/Feel/MMFeedbacks/MMFeedbacks/Feedbacks/MMF_PositionShake.cs	Assets/Scripts/ThirdParty/Feel/MMFeedbacks/MMFeedbacks/Feedbacks/MMF_PositionShake.cs
removed-demo	079d6d95cb03112499d9a50bd97bb9d9	Assets/Feel/FeelDemosHDRP/Falcon/Materials/FeelFalconLights.mat	
removed-demo	2022dcb1a6b4a7f49ba4f9de4ef3f48e	Assets/Feel/MMFeedbacks/Demos/MMFeedbacksDemo/Sounds/MMFeedbacksDemoSnap.wav	
removed-demo	5e6dbb7f024758f4b8732cdad3b4af9d	Assets/Feel/FeelDemos/Brass/Materials/FeelBrassEqualizerBlockRight.mat	
retained-guid	f5c2406e2726fb2418de78aecddaefbe	Assets/Feel/MMFeedbacks/MMFeedbacksForThirdParty/MMTools/Feedbacks/MMF_MMSoundManagerTrackControl.cs	Assets/Scripts/ThirdParty/Feel/MMFeedbacks/MMFeedbacksForThirdParty/MMTools/Feedbacks/MMF_MMSoundManagerTrackControl.cs
retained-guid	eec89e4158bf96841b9bc830fc5385ca	Assets/Feel/MMTools/Foundation/MMAI/AIBrain.cs	Assets/Scripts/ThirdParty/Feel/MMTools/Foundation/MMAI/AIBrain.cs
removed-demo	964ce6dec3a067943bb6183b80c38a3c	Assets/Feel/FeelDemos/Springs/PostProcessing/FeelSpringsTreesPostProcessingVolume_URP.asset	
removed-demo	67bf02a6aeb39d2469b548a7136f862e	Assets/Feel/FeelDemos/Letters/Sprites/FeelLettersDemoMouth7.png	
removed-demo	1739ff78014ab3f44a5757aede3c7ea9	Assets/Feel/FeelDemos/Duck/Sounds/FeelDuckBoom.wav	
retained-guid	9276c6165f72f7046bb1a60b59461c8c	Assets/Feel/MMFeedbacks/MMFeedbacksForThirdParty/TextMeshPro/Feedbacks/MMF_TMPCountToLong.cs	Assets/Scripts/ThirdParty/Feel/MMFeedbacks/MMFeedbacksForThirdParty/TextMeshPro/Feedbacks/MMF_TMPCountToLong.cs
removed-demo	d03459874a5824152b9f05808a1955de	Assets/Feel/NiceVibrations/HapticSamples/Weapons/PistolFire2.haptic	
removed-demo	df5283419c7b93c489f747ae9b7cfad3	Assets/Feel/FeelDemos/Toaster/FeelToaster.unity	
retained-guid	889e935e9689c09488cc64807a889d5e	Assets/Feel/MMFeedbacks/MMFeedbacksForThirdParty/UIToolkit/Base/MMF_UIToolkitFloatBase.cs	Assets/Scripts/ThirdParty/Feel/MMFeedbacks/MMFeedbacksForThirdParty/UIToolkit/Base/MMF_UIToolkitFloatBase.cs
removed-demo	3da05e9f66c9f254c8875335e7e9179e	Assets/Feel/NiceVibrations/Demo/DemoAssets/HapticClipsDemo/Sprites/NVPresetsIcons.png	
removed-demo	0fe455473679d4d6a85db8a2f9330cbf	Assets/Feel/NiceVibrations/HapticSamples/ApplicationUX/Hover1.wav	
retained-guid	22acaeb1b9f9e4fbbb6486133e649e67	Assets/Feel/MMTools/Accessories/Editor/MMUtilities/ManagerIconEditor.cs	Assets/Scripts/ThirdParty/Feel/MMTools/Accessories/Editor/MMUtilities/ManagerIconEditor.cs
removed-demo	443dae64c4778df43a16718c7c7a88ca	Assets/Feel/MMFeedbacks/Demos/SequencingDemo/Textures/Chip03_rgh.png	
removed-demo	0f7d61faae5d12a449619239c43b6faf	Assets/Feel/FeelDemos/Snake/Sounds/FeelSnakeBackgroundDrums.wav	
retained-guid	95530134bb5ab7b4a959774f63c2e92f	Assets/Feel/MMFeedbacks/MMFeedbacksForThirdParty/MMTools/Feedbacks/MMF_ImageFill.cs	Assets/Scripts/ThirdParty/Feel/MMFeedbacks/MMFeedbacksForThirdParty/MMTools/Feedbacks/MMF_ImageFill.cs
retained-guid	72c72b2c72465e04ab1e30491d0bf708	Assets/Feel/MMTools/Accessories/MMVFX/MMRipple/MMRippleSpiral1NM.png	Assets/Art/Textures/Feel/MMTools/Accessories/MMVFX/MMRipple/MMRippleSpiral1NM.png
retained-guid	7f6a82eb72bef1c489dbd967387f8f08	Assets/Feel/MMFeedbacks/MMFeedbacksForThirdParty/URP/Springs/MMSpringColorAdjustmentsSaturation_URP.cs	Assets/Scripts/ThirdParty/Feel/MMFeedbacks/MMFeedbacksForThirdParty/URP/Springs/MMSpringColorAdjustmentsSaturation_URP.cs
removed-demo	659cfa07980ee49258c6d22926070cdb	Assets/Feel/NiceVibrations/HapticSamples/Nature/RaininCar1.wav	
retained-guid	9640016db57d1c646a90fa18111eebf0	Assets/Feel/MMTools/Foundation/MMControls/MMControlsTestInputManager.cs	Assets/Scripts/ThirdParty/Feel/MMTools/Foundation/MMControls/MMControlsTestInputManager.cs
retained-guid	12f6f90faaf30834980e50fda0c74a9c	Assets/Feel/MMTools/Foundation/MMControls/MMTouchFollowerJoystick.cs	Assets/Scripts/ThirdParty/Feel/MMTools/Foundation/MMControls/MMTouchFollowerJoystick.cs
retained-guid	18d70b42b0fd93e49b47f2970addf779	Assets/Feel/MMFeedbacks/MMFeedbacksForThirdParty/MMTools/Feedbacks/MMF_DebugLog.cs	Assets/Scripts/ThirdParty/Feel/MMFeedbacks/MMFeedbacksForThirdParty/MMTools/Feedbacks/MMF_DebugLog.cs
removed-demo	5cd9c308422e52a47b746cd9c2c3ba13	Assets/Feel/FeelDemos/Duck/Sprites/FeelDuckUI.png	
removed-demo	2760372a5930146c880106e10f9a3c06	Assets/Feel/NiceVibrations/HapticSamples/Impacts/BulletCrack2.haptic	
retained-guid	c7d8c1256647a454a80d335b52c41f65	Assets/Feel/license.txt	Assets/Documentation/Feel/license.txt
retained-guid	9f4f5b5a7ea2cc745891557ab909c6c5	Assets/Feel/MMFeedbacks/MMFeedbacksForThirdParty/MMTools/MMRadio/Legacy/MMFeedbackBase.cs	Assets/Scripts/ThirdParty/Feel/MMFeedbacks/MMFeedbacksForThirdParty/MMTools/MMRadio/Legacy/MMFeedbackBase.cs
retained-guid	5e6301cb44b6ff94f98077ceb3446fe2	Assets/Feel/MMTools/Foundation/MMLoot/MMLootTable.cs	Assets/Scripts/ThirdParty/Feel/MMTools/Foundation/MMLoot/MMLootTable.cs
removed-demo	328a7fdf09a182f439b02087c34413cc	Assets/Feel/MMFeedbacks/Demos/SequencingDemo/Materials/CubeMaterial.mat	
removed-demo	d76991629602e0d4481b47f5707daafe	Assets/Feel/NiceVibrations/Demo/Common/Prefabs/VerticalSliderComponent.prefab	
retained-guid	e334a8b808ebad34dbfc09a6aa9f1102	Assets/Feel/MMTools/Accessories/MMParticles/MMTrailRendererSortingLayer.cs	Assets/Scripts/ThirdParty/Feel/MMTools/Accessories/MMParticles/MMTrailRendererSortingLayer.cs
removed-demo	a5056a15a0bec0e41a3ccc3e1881eed7	Assets/Feel/FeelDemos/Wheel/Scripts/Wheel.cs	
removed-demo	f64645274284d784286a968d4afbd09a	Assets/Feel/FeelDemos/Barbarians/Sounds/FeelBarbariansAttack5.wav	
retained-guid	aa3d0794b4f8e4b40b6a3dde5b794c0b	Assets/Feel/MMTools/Core/MMSaveLoad/MMSaveLoadManager.cs	Assets/Scripts/ThirdParty/Feel/MMTools/Core/MMSaveLoad/MMSaveLoadManager.cs
retained-guid	dee9d1a07405d2146a51836ab3877138	Assets/Feel/MMFeedbacks/MMFeedbacks/Feedbacks/MMF_Flicker.cs	Assets/Scripts/ThirdParty/Feel/MMFeedbacks/MMFeedbacks/Feedbacks/MMF_Flicker.cs
retained-guid	37877494ec9bebd499aa2b7ee97f204e	Assets/Feel/MMFeedbacks/MMFeedbacksForThirdParty/HDRP/Feedbacks/MMF_PaniniProjection_HDRP.cs	Assets/Scripts/ThirdParty/Feel/MMFeedbacks/MMFeedbacksForThirdParty/HDRP/Feedbacks/MMF_PaniniProjection_HDRP.cs
retained-guid	7e19dbc2273664c2d8ff6566055a994b	Assets/Feel/MMTools/Core/MMHelpers/MMImage.cs	Assets/Scripts/ThirdParty/Feel/MMTools/Core/MMHelpers/MMImage.cs
removed-demo	5c0669bd66f517143b7f3a11cbd9c17e	Assets/Feel/FeelDemos/Barbarians/Models/FeelBarbarian.fbx	
retained-guid	bb4df52d2a954374b913a14cc5d474d4	Assets/Feel/MMFeedbacks/Editor/Core/AttributeDrawers.cs	Assets/Scripts/ThirdParty/Feel/MMFeedbacks/Editor/Core/AttributeDrawers.cs
removed-demo	e560f3ce64204ea42b2e54147a44a115	Assets/Feel/MMFeedbacks/Demos/SequencingDemo/Textures/Fabric06_col.png	
removed-demo	8547c1a0cd0ea294ea9f2068a4b0ff93	Assets/Feel/MMTools/Demos/MMDebugMenu/MMDebugMenuSettings.lighting	
retained-guid	9e1695c82df14c74084770f457067f67	Assets/Feel/MMTools/Demos/MMTween/Fonts/Lato/SDF/Lato-ThinItalic SDF.asset	Assets/Data/Feedback/Feel/MMTools/Demos/MMTween/Fonts/Lato/SDF/Lato-ThinItalic SDF.asset
removed-demo	2d66f3a41d3cc474e9f6459b66651913	Assets/Feel/NiceVibrations/HapticSamples/Music/Cymbal2.wav	
removed-demo	3b08df60923c49f43b4ac139195a81b7	Assets/Feel/FeelDemos/Strike/Materials/FeelStrikeDustMaterial.mat	
removed-demo	1c051810593da4d878348fe61170046f	Assets/Feel/NiceVibrations/HapticSamples/SoundFX/CarEngine2.wav	
removed-demo	862597c0094997c4f910b19de151cbdc	Assets/Feel/FeelDemosHDRP/Falcon/Materials/FeelFalconMetal.mat	
removed-demo	f9f06616b5d3b9c4ba15f46a02eb14f6	Assets/Feel/FeelDemos/Barbarians/Materials/FeelBarbarianDustMaterial.mat	
retained-guid	80be1ec3d14da9c489fbefa63b82915f	Assets/Feel/MMTools/Accessories/MMDebugMenu/Prefabs/MMDebugMenuTitle.prefab	Assets/Art/Prefabs/Feel/MMTools/Accessories/MMDebugMenu/Prefabs/MMDebugMenuTitle.prefab
retained-guid	17217ce8411bdf240a5e6ab4b8ad0a65	Assets/Feel/MMTools/Accessories/MMDebugMenu/Scripts/UIClasses/MMDebugMenuRadioButton.cs	Assets/Scripts/ThirdParty/Feel/MMTools/Accessories/MMDebugMenu/Scripts/UIClasses/MMDebugMenuRadioButton.cs
retained-guid	007ea1391362e4845aee91886eb0cda3	Assets/Feel/MMTools/Accessories/MMActivation/MMTriggerAndCollision.cs	Assets/Scripts/ThirdParty/Feel/MMTools/Accessories/MMActivation/MMTriggerAndCollision.cs
removed-demo	2cdbdb3e4380b5d4b849d9dddd7a7d00	Assets/Feel/MMTools/Demos/MMSceneLoading/LoadingTester.prefab	
retained-guid	041a480513ea4f947a590bb1195e91a0	Assets/Feel/MMFeedbacks/MMFeedbacksForThirdParty/HDRP/Resources/MMDefaultHDRPVolume.prefab	Assets/Art/Prefabs/Feel/MMFeedbacks/MMFeedbacksForThirdParty/HDRP/Defaults/MMDefaultHDRPVolume.prefab
removed-demo	a91729ce0c49b854f952180202ee6a72	Assets/Feel/FeelDemos/SquashAndStretch/Prefabs/FeelSquashAndStretchChalet.fbx	
retained-guid	0cb989d69836540e780467ed8454742c	Assets/Feel/MMTools/Accessories/Editor/MMGUI/MMHealthBarEditor.cs	Assets/Scripts/ThirdParty/Feel/MMTools/Accessories/Editor/MMGUI/MMHealthBarEditor.cs
retained-guid	ca323e22713fb3a40af2f80e436eb449	Assets/Feel/MMFeedbacks/MMFeedbacks/MMFloatingText/MMFloatingTextSpawner.cs	Assets/Scripts/ThirdParty/Feel/MMFeedbacks/MMFeedbacks/MMFloatingText/MMFloatingTextSpawner.cs
retained-guid	94df1ffae0c2c7d4ba695b68267eea10	Assets/Feel/MMFeedbacks/MMFeedbacksForThirdParty/URP/Shakers/MMVignetteShaker_URP.cs	Assets/Scripts/ThirdParty/Feel/MMFeedbacks/MMFeedbacksForThirdParty/URP/Shakers/MMVignetteShaker_URP.cs
retained-guid	7c954dac1de116b478a8154de93b2b6c	Assets/Feel/MMTools/Demos/MMTween/Fonts/Lato/SDF/Lato-SemiboldItalic SDF.asset	Assets/Data/Feedback/Feel/MMTools/Demos/MMTween/Fonts/Lato/SDF/Lato-SemiboldItalic SDF.asset
retained-guid	755aedfb494d0004cacdb9dddcb170b0	Assets/Feel/MMFeedbacks/MMFeedbacksForThirdParty/UIToolkit/Feedbacks/MMF_UIToolkitFontSize.cs	Assets/Scripts/ThirdParty/Feel/MMFeedbacks/MMFeedbacksForThirdParty/UIToolkit/Feedbacks/MMF_UIToolkitFontSize.cs
removed-demo	42b2a15773865f847ad2ae0a8b3297f6	Assets/Feel/MMFeedbacks/Demos/SequencingDemo/Textures/WoodFloor20_rgh.png	
retained-guid	504ec383a394760468beec53f890add9	Assets/Feel/MMTools/Core/MMAudio/MMSoundManager/MMSoundManagerSettings.cs	Assets/Scripts/ThirdParty/Feel/MMTools/Core/MMAudio/MMSoundManager/MMSoundManagerSettings.cs
removed-demo	b8e96cfd936058e4aa0968a82df57eb2	Assets/Feel/MMFeedbacks/Demos/SequencingDemo/Textures/Tiles33_rgh.png	
retained-guid	9091b3d5ef7624b47a328c984fa25e09	Assets/Feel/MMTools/Accessories/MMDebugMenu/Scripts/Events/MMDebugMenuCheckboxEventListener.cs	Assets/Scripts/ThirdParty/Feel/MMTools/Accessories/MMDebugMenu/Scripts/Events/MMDebugMenuCheckboxEventListener.cs
removed-demo	0d544428c0d678544871e82e35a61718	Assets/Feel/FeelDemos/CardsUI/Textures/UI/FeelCardsOverlayGradient.png	
retained-guid	b3780deb9c64f4e45b529787d0f5d20f	Assets/Feel/MMTools/Accessories/MMVFX/MMRamps/MMRamp1.png	Assets/Art/Textures/Feel/MMTools/Accessories/MMVFX/MMRamps/MMRamp1.png
removed-demo	f713b23437ee7ce4e91d79c7ebf7deb9	Assets/Feel/MMFeedbacks/Demos/MMFeedbacksDemo/Materials/FeedbacksDemoSteak.mat	
removed-demo	dfb3c4d2fada10448993b48e3bbce9f4	Assets/Feel/FeelDemos/Wheel/Materials/FeelWheelInside.mat	
retained-guid	c305c1f0b1c3f8e448d224c11baaaf9f	Assets/Feel/MMFeedbacks/MMFeedbacks/Springs/Springs/MMSpringTMPTextColor.cs	Assets/Scripts/ThirdParty/Feel/MMFeedbacks/MMFeedbacks/Springs/Springs/MMSpringTMPTextColor.cs
removed-demo	bafc49ff570e80444831b61dc9e4513e	Assets/Feel/MMFeedbacks/Demos/SequencingDemo/DemoSequences/FeedbacksSequence.asset	
removed-demo	79c422b0924ecaa40b379d2fc48acf82	Assets/Feel/MMTools/Demos/MMPrototypeTextures/MMPrototypeTexturesDemo.unity	
removed-demo	9f30045302707e344b3dcad1ae43b087	Assets/Feel/FeelDemos/CardsUI/Textures/Art/FeelCardsUI_SumerianRenderTexture.renderTexture	
removed-demo	3b56e0bdb3f52ca48b2d9a78cbd3e64b	Assets/Feel/FeelDemos/Springs/Audio/FeelSpringsTreeTalk2.wav	
retained-guid	47332880f10dee4429534303790a8399	Assets/Feel/MMTools/Accessories/MMGUI/Sprites/MMFaderRoundMask.png	Assets/Art/Textures/Feel/MMTools/Accessories/MMGUI/Sprites/MMFaderRoundMask.png
removed-demo	ac0f312c5e3f3c941bfde8dbe93b9769	Assets/Feel/FeelDemos/Strike/Scripts/Strike.cs	
removed-demo	da81d7c75b5d791439eedab8598e6911	Assets/Feel/FeelDemos/Springs/Materials/FeelSpringsTalkingTreesGround.mat	
removed-demo	5f2409b5f76c9d44c82640847a8b75b4	Assets/Feel/FeelDemos/Snake/Sounds/FeelSnakePiano2.wav	
retained-guid	89f0c7ac1091bf24aa52fc37f6bbd307	Assets/Feel/MMFeedbacks/MMFeedbacks/Feedbacks/MMF_AudioMixerSnapshotTransition.cs	Assets/Scripts/ThirdParty/Feel/MMFeedbacks/MMFeedbacks/Feedbacks/MMF_AudioMixerSnapshotTransition.cs
removed-demo	288ca76b927d24b3eb9b30fc8a464b92	Assets/Feel/NiceVibrations/HapticSamples/ApplicationUX/Button1.haptic	
removed-demo	44371b3a333ee44a1a98d55d464d0db8	Assets/Feel/NiceVibrations/HapticSamples/ApplicationUX/CameraShutter1.wav	
removed-demo	34202502ade0b824f87ab4b85049f0c4	Assets/Feel/NiceVibrations/Demo/Common/Fonts/RobotoMono-Bold.ttf	
retained-guid	8a5db094ce3821d44a8a41a4cb7d45cc	Assets/Feel/MMTools/Accessories/MMProcedural/MMGridGenerators/MMGridGenerator.cs	Assets/Scripts/ThirdParty/Feel/MMTools/Accessories/MMProcedural/MMGridGenerators/MMGridGenerator.cs
removed-demo	98451e6cac8844354b9c809764ce80ea	Assets/Feel/NiceVibrations/HapticSamples/Objects/Keychain1.haptic	
removed-demo	2df08a22b3ab2408a968acc20014c6c5	Assets/Feel/NiceVibrations/HapticSamples/Music/Tom2.wav	
removed-demo	c3c2b9ab2730a774c9a598108b43813a	Assets/Feel/FeelDemos/Snake/Prefabs/SnakeHead.prefab	
removed-demo	1ac950cd485569740affc32a280665ea	Assets/Feel/MMFeedbacks/Demos/MMFeedbacksDemo/Scripts/DemoPackageTester.cs	
retained-guid	c1936492d497f004da5f6dca108969fd	Assets/Feel/MMFeedbacks/MMFeedbacksForThirdParty/VisualEffectGraph/MoreMountains.Feedbacks.VisualEffectGraph.asmref	Assets/Scripts/ThirdParty/Feel/MMFeedbacks/MMFeedbacksForThirdParty/VisualEffectGraph/MoreMountains.Feedbacks.VisualEffectGraph.asmref
removed-demo	a3698af881b5b54448e3133b2d140a6d	Assets/Feel/MMFeedbacks/Demos/MMFeedbacksDemo/Models/Dude/DudeAnimator.controller	
retained-guid	0a42a23ce4f9ed24abde69beacbef2f4	Assets/Feel/MMTools/Core/MMUI/MMProgressBar.cs	Assets/Scripts/ThirdParty/Feel/MMTools/Core/MMUI/MMProgressBar.cs
removed-demo	95cef9375c8075846ae9e896137453e6	Assets/Feel/MMFeedbacks/Demos/SequencingDemo/Textures/Metal03_met.png	
retained-guid	7c1be57d46a3143daa1fe62dbc59772f	Assets/Feel/NiceVibrations/Scripts/Components/Icons/HapticSourceIcon.png	Assets/Art/Textures/Feel/NiceVibrations/Scripts/Components/Icons/HapticSourceIcon.png
removed-demo	b83ebdb48c79df04381830c0d5dc54a2	Assets/Feel/FeelDemos/Snake/Scripts/SnakeBodyPart.cs	
removed-demo	93ad4be8fe21349468146612eea82b1b	Assets/Feel/MMFeedbacks/Demos/SequencingDemo/DemoSequences/RecordedSequence.asset	
retained-guid	aaf470b8c3a10a941998800be2e324cc	Assets/Feel/MMTools/Core/MMExtensions/MMTransformExtensions.cs	Assets/Scripts/ThirdParty/Feel/MMTools/Core/MMExtensions/MMTransformExtensions.cs
removed-demo	dbe66c4ad71ff4b6cb27fc4e9cbfddc7	Assets/Feel/NiceVibrations/HapticSamples/ApplicationUX/Hover2.haptic	
removed-demo	f428938c748d2a446a6c79a9feaffd7d	Assets/Feel/FeelDemos/Springs/Audio/FeelSpringsTreeTalk7.wav	
removed-demo	c8b1946ab32d54d3f985fb8cb5873b5a	Assets/Feel/NiceVibrations/HapticSamples/Music/Kick1.wav	
removed-demo	2253fd3a45723c44084c347042f869cf	Assets/Feel/FeelDemos/Barbarians/PostProcessing/FeelBarbariansTopDownPostProcessingProfile.asset	
removed-demo	18fda017e94319a4ba06c1f3843e9068	Assets/Feel/FeelDemos/Barbarians/Sounds/FeelBarbariansAttack4.wav	
removed-demo	c0ec0f215d91a4056b5f9f5532f8a6a6	Assets/Feel/NiceVibrations/HapticSamples/Weapons/ShotgunFire1.wav	
retained-guid	b6acb67784ba02a46b350cd11c745e4c	Assets/Feel/MMTools/Accessories/MMPrototypeTextures/MMBRP_Materials/MMBPR_YellowSquares.mat	Assets/Art/Materials/Feel/MMTools/Accessories/MMPrototypeTextures/MMBRP_Materials/MMBPR_YellowSquares.mat
removed-demo	33ddda99f69e68f4282034c2b1614c56	Assets/Feel/FeelDemos/Barbarians/Sounds/FeelBarbariansGrunt5.wav	
removed-demo	4416df1735b754000b010148943fa8c8	Assets/Feel/NiceVibrations/HapticSamples/Objects/Cash1.haptic	
retained-guid	b81dc1a6e4b189d4bae2faab8a2a1a25	Assets/Feel/MMTools/Accessories/MMMovement/MMPathMovement/MMPath.cs	Assets/Scripts/ThirdParty/Feel/MMTools/Accessories/MMMovement/MMPathMovement/MMPath.cs
retained-guid	dd8d60a3aa719934084bb1539d7e4ef3	Assets/Feel/MMFeedbacks/MMFeedbacksForThirdParty/NiceVibrations/Feedbacks/MMF_Haptics.cs	Assets/Scripts/ThirdParty/Feel/MMFeedbacks/MMFeedbacksForThirdParty/NiceVibrations/Feedbacks/MMF_Haptics.cs
removed-demo	d27c02d0cdd147245be0de863bd68637	Assets/Feel/MMFeedbacks/Demos/SequencingDemo/Materials/SequencerFabric09.mat	
removed-demo	57cff1058f5757b45960fef0b09b8e94	Assets/Feel/FeelDemos/Snake/Sounds/FeelSnakePiano1.wav	
removed-demo	e8ff47342c8095c42ba9fac34ab4a1c3	Assets/Feel/FeelDemos/Tactical/Animations/FeelTacticalAnimator.controller	
removed-demo	b5f96c3b2406aca43b4d6febedbfa899	Assets/Feel/FeelDemos/Strike/PhysicsMaterials/FeelStrikeBallMaterial.physicMaterial	
retained-guid	4fc82dc40d8eff44e8cda79abbc18f87	Assets/Feel/MMFeedbacks/MMFeedbacks/Feedbacks/MMF_MaterialSetProperty.cs	Assets/Scripts/ThirdParty/Feel/MMFeedbacks/MMFeedbacks/Feedbacks/MMF_MaterialSetProperty.cs
retained-guid	9d66462bf720d28469c8db4b2e52720c	Assets/Feel/MMFeedbacks/MMFeedbacksForThirdParty/Cinemachine/Shakers/MMCinemachineCameraShaker.cs	Assets/Scripts/ThirdParty/Feel/MMFeedbacks/MMFeedbacksForThirdParty/Cinemachine/Shakers/MMCinemachineCameraShaker.cs
removed-demo	0f0dffda144e82442a6e950fe5aa8dee	Assets/Feel/FeelDemos/Springs/Models/FeelSpringsTalkingTrees.fbx	
removed-demo	6f8e34aa4d2a0ac4c8c93827337b4bc1	Assets/Feel/FeelDemos/Toaster/Materials/FeelToasterMugContents.mat	
removed-demo	77d6356f3f181f04c86c084a2ff5267d	Assets/Feel/FeelDemos/Blob/Sounds/FeelBlobNote2.wav	
removed-demo	a5ed96966948b2348b46dab87f87bbcf	Assets/Feel/FeelDemos/Common/Prefabs/NextDemoCanvas.prefab	
removed-demo	a7fe3f0f4c8c1e54680123ccfef8c96e	Assets/Feel/FeelDemos/Barbarians/Materials/FeelBarbarianBodyMaterial.mat	
removed-demo	98ad67e4ae4dbb54eb05b761fb2a2c02	Assets/Feel/MMFeedbacks/Demos/MMFeedbacksDemo/Models/MMApple.fbx	
retained-guid	77e19943fc6c12249aa90e2f613265ad	Assets/Feel/MMFeedbacks/MMFeedbacks/Springs/Springs/MMSpringRotation.cs	Assets/Scripts/ThirdParty/Feel/MMFeedbacks/MMFeedbacks/Springs/Springs/MMSpringRotation.cs
removed-demo	f2a9d294b5a6a4effb6292759792f51b	Assets/Feel/NiceVibrations/HapticSamples/Nature/RainonUmbrella1.wav	
retained-guid	26996c3ee681f254592c7bbaf459447a	Assets/Feel/MMTools/Accessories/MMDebugMenu/Scripts/MMDebugMenuItems/MMDebugMenuItemText.cs	Assets/Scripts/ThirdParty/Feel/MMTools/Accessories/MMDebugMenu/Scripts/MMDebugMenuItems/MMDebugMenuItemText.cs
retained-guid	023e5778f8d3894419aef3ebf75dc74d	Assets/Feel/MMFeedbacks/MMFeedbacks/Springs/Springs/MMSpringImageColor.cs	Assets/Scripts/ThirdParty/Feel/MMFeedbacks/MMFeedbacks/Springs/Springs/MMSpringImageColor.cs
removed-demo	ae95cb7fcab73574c9bc98f66c7aeca5	Assets/Feel/FeelDemos/Toaster/Textures/FeelToasterSwitchKnob.png	
removed-demo	a25af1840c62f94428f6258831338949	Assets/Feel/FeelDemos/Bounce/Scripts/BounceManager.cs	
retained-guid	24f964aa3d55241b591bc1da7903819e	Assets/Feel/MMTools/Foundation/MMAchievements/Scripts/SerializedMMAchievementManager.cs	Assets/Scripts/ThirdParty/Feel/MMTools/Foundation/MMAchievements/Scripts/SerializedMMAchievementManager.cs
removed-demo	a8ce4b3a7d0d48b4d9282ec6bb245a73	Assets/Feel/FeelDemos/Bounce/Materials/FeelBounceDust.mat	
removed-demo	b018cf3db99072647897c9d65ecbff8b	Assets/Feel/MMFeedbacks/Demos/SequencingDemo/Textures/Fabric09_disp.png	
removed-demo	4523b7e94e37a7242b5c4e7c975ba091	Assets/Feel/FeelDemos/Bounce/PostProcessing/FeelBouncePostProcessVolume_URP.asset	
retained-guid	822282e53ae1ea84d9795a45c89280db	Assets/Feel/MMFeedbacks/Editor/Core/MMFeedbacksColors.cs	Assets/Scripts/ThirdParty/Feel/MMFeedbacks/Editor/Core/MMFeedbacksColors.cs
retained-guid	6415e4b059f8ca249ad6c1c205f2330e	Assets/Feel/MMTools/Accessories/MMVFX/MMNoise/MMCellNoise.png	Assets/Art/Textures/Feel/MMTools/Accessories/MMVFX/MMNoise/MMCellNoise.png
removed-demo	c17806bb2fe50e149aa8b52db844e7ce	Assets/Feel/FeelDemos/CardsUI/Scripts/FeelCardsUIStackButton.cs	
removed-demo	4e1ef87bcd90a468b8cd62ff71a5ee2b	Assets/Feel/NiceVibrations/HapticSamples/Music/Tom1.haptic	
retained-guid	b0f7ebe879e82aa489329e54525c43ab	Assets/Feel/MMFeedbacks/MMFeedbacksForThirdParty/HDRP/Shakers/MMChromaticAberrationShaker_HDRP.cs	Assets/Scripts/ThirdParty/Feel/MMFeedbacks/MMFeedbacksForThirdParty/HDRP/Shakers/MMChromaticAberrationShaker_HDRP.cs
retained-guid	3c99aae5652b2184e88338afde13f993	Assets/Feel/MMFeedbacks/MMFeedbacks/Springs/Springs/MMSpringCameraOrthographicSize.cs	Assets/Scripts/ThirdParty/Feel/MMFeedbacks/MMFeedbacks/Springs/Springs/MMSpringCameraOrthographicSize.cs
retained-guid	d9316d13625724948a6824fbd529a617	Assets/Feel/MMFeedbacks/MMFeedbacksForThirdParty/MMTools/Feedbacks/MMF_LineRenderer.cs	Assets/Scripts/ThirdParty/Feel/MMFeedbacks/MMFeedbacksForThirdParty/MMTools/Feedbacks/MMF_LineRenderer.cs
retained-guid	bada8c222727b4fe49b6a90f1dddad8e	Assets/Feel/MMTools/Core/Editor/MMObjectPool/ObjectBoundsEditor.cs	Assets/Scripts/ThirdParty/Feel/MMTools/Core/Editor/MMObjectPool/ObjectBoundsEditor.cs
retained-guid	258c18f9cd813e644ad4c42e5b4f0d02	Assets/Feel/MMFeedbacks/MMFeedbacks/Feedbacks/MMF_CameraZoom.cs	Assets/Scripts/ThirdParty/Feel/MMFeedbacks/MMFeedbacks/Feedbacks/MMF_CameraZoom.cs
retained-guid	b04ed8e9bde180e45bebd340d0981646	Assets/Feel/MMFeedbacks/MMFeedbacksForThirdParty/TextMeshPro/MoreMountains.Feedbacks.TextMeshPro.asmref	Assets/Scripts/ThirdParty/Feel/MMFeedbacks/MMFeedbacksForThirdParty/TextMeshPro/MoreMountains.Feedbacks.TextMeshPro.asmref
retained-guid	3961bf3f2f10811478fb5d4f936b3c5c	Assets/Feel/MMTools/Accessories/MMShaders/MMWorldspace_URP.shadergraph	Assets/Art/Shaders/Feel/MMTools/Accessories/MMShaders/MMWorldspace_URP.shadergraph
retained-guid	afc6104c5fc7fe244bf333c8d59aaa10	Assets/Feel/MMTools/Accessories/MMSprites/MMLineRendererCircle.cs	Assets/Scripts/ThirdParty/Feel/MMTools/Accessories/MMSprites/MMLineRendererCircle.cs
retained-guid	9e71ad30bf1524741b90c1bd0354e1e0	Assets/Feel/MMTools/Accessories/MMActivation/MMTimedDestruction.cs	Assets/Scripts/ThirdParty/Feel/MMTools/Accessories/MMActivation/MMTimedDestruction.cs
retained-guid	20aa8b632ddbeab44ab5759e02005195	Assets/Feel/MMFeedbacks/MMFeedbacksForThirdParty/HDRP/Springs/MMSpringPaniniProjectionDistance_HDRP.cs	Assets/Scripts/ThirdParty/Feel/MMFeedbacks/MMFeedbacksForThirdParty/HDRP/Springs/MMSpringPaniniProjectionDistance_HDRP.cs
removed-demo	bfe67481ef46c27428c0dc6c748bf113	Assets/Feel/FeelDemosHDRP/MoreMountains.Feel.Demos.HDRP.asmref	
removed-demo	ee64990eca96a44ee9ae0026023073fa	Assets/Feel/NiceVibrations/HapticSamples/Music/Kick2.haptic	
removed-demo	007f3afd15b6140fbbb4585e7dc4449b	Assets/Feel/NiceVibrations/HapticSamples/Music/Kick2.wav	
removed-demo	0d4b3aa2605184d2ca37daa0d83d7f22	Assets/Feel/NiceVibrations/HapticSamples/Nature/Rain1.haptic	
retained-guid	c3e892db83f1adb49a1c18b15f231589	Assets/Feel/MMTools/Accessories/MMVFX/MMParticles/MMParticlesSmoke.png	Assets/Art/Textures/Feel/MMTools/Accessories/MMVFX/MMParticles/MMParticlesSmoke.png
removed-demo	3b2a20e5e4c7bd240bd5d5126991bdf8	Assets/Feel/FeelDemos/Snake/FeelSnakeWithoutFeedbacks.unity	
removed-demo	c8ad05c7ac4804d67a9aba9617b6abcc	Assets/Feel/NiceVibrations/HapticSamples/Footsteps/FootstepGravel3.wav	
retained-guid	fbd00ea6a74ff2c4295668162e4661bb	Assets/Feel/MMFeedbacks/Editor/Springs/MMSpringVector4PropertyDrawer.cs	Assets/Scripts/ThirdParty/Feel/MMFeedbacks/Editor/Springs/MMSpringVector4PropertyDrawer.cs
removed-demo	71c1a7d31ae1f5148bd68555e9baee05	Assets/Feel/MMFeedbacks/Demos/MMFeedbacksDemo/Models/Cube.fbx	
removed-demo	f557b7818486b4ee3be6cd8dd2aa01bb	Assets/Feel/NiceVibrations/HapticSamples/Nature/CreatureRoar1.wav	
removed-demo	9c99ec9330979f94aa6e33f0bec7752f	Assets/Feel/MMFeedbacks/Demos/MMFeedbacksDemo/Prefabs/FeedbackDemoBackgroundCube.prefab	
retained-guid	75f9cc4cf2ef4324d99f4dc9d5709b63	Assets/Feel/MMTools/Accessories/Editor/MMUtilities/MMDebugEditor.cs	Assets/Scripts/ThirdParty/Feel/MMTools/Accessories/Editor/MMUtilities/MMDebugEditor.cs
removed-demo	b6e6269964a09f04b9bb2bd14aa0a979	Assets/Feel/FeelDemos/Springs/Scripts/FeelSpringsComparisonDemo.cs	
retained-guid	fa40f7f3424f6fb41b91e1888ad1d960	Assets/Feel/MMTools/Accessories/MMProcedural/MMGridGenerators/MMGridGeneratorFull.cs	Assets/Scripts/ThirdParty/Feel/MMTools/Accessories/MMProcedural/MMGridGenerators/MMGridGeneratorFull.cs
retained-guid	ae23e6af7cee13748b98cf83b79d01c9	Assets/Feel/MMFeedbacks/MMFeedbacksForThirdParty/MMTools/Feedbacks/MMF_MMSoundManagerSound.cs	Assets/Scripts/ThirdParty/Feel/MMFeedbacks/MMFeedbacksForThirdParty/MMTools/Feedbacks/MMF_MMSoundManagerSound.cs
removed-demo	da1195d243f74554195ee7568ec1373f	Assets/Feel/MMFeedbacks/Demos/SequencingDemo/Textures/Tiles69_rgh.png	
removed-demo	a0f66098c829e3744add65091aeac085	Assets/Feel/MMFeedbacks/Demos/SequencingDemo/Textures/Tiles69_AO.png	
removed-demo	ca77d13bf4f3b7442b324e68259c72e1	Assets/Feel/FeelDemos/Bounce/Sounds/FeelBounceJump.wav	
removed-demo	9d5ac922c10fc194d832e790fa6200cc	Assets/Feel/FeelDemos/Springs/Channels/FeelSpringsDemoMaterialPropertyChannel.asset	
retained-guid	3ede055534d39df4bad9ee11f7ab2a13	Assets/Feel/MMFeedbacks/MMFeedbacksForThirdParty/PostProcessing/Springs/MMSpringLensDistortionIntensity.cs	Assets/Scripts/ThirdParty/Feel/MMFeedbacks/MMFeedbacksForThirdParty/PostProcessing/Springs/MMSpringLensDistortionIntensity.cs
retained-guid	2178326803c98c949a3bad7b06f340c2	Assets/Feel/MMTools/Accessories/MMVFX/MMRamps/MMRamp0.png	Assets/Art/Textures/Feel/MMTools/Accessories/MMVFX/MMRamps/MMRamp0.png
removed-demo	6e6b044669152974796fe41af393c79f	Assets/Feel/FeelDemos/Snake/Prefabs/SnakeFoodNoFeedbacks.prefab	
removed-demo	7641082934215ef41b504488e6090140	Assets/Feel/FeelDemos/Toaster/Textures/FeelToasterTablecloth.png	
retained-guid	46aeaceda13e9344d9c572b88bd8e0c1	Assets/Feel/MMFeedbacks/MMFeedbacks/Feedbacks/MMF_LooperStart.cs	Assets/Scripts/ThirdParty/Feel/MMFeedbacks/MMFeedbacks/Feedbacks/MMF_LooperStart.cs
retained-guid	5f7bf459716aa484c8db5d1ef3ef8049	Assets/Feel/MMFeedbacks/Editor/Core/MMF_PlayerCopy.cs	Assets/Scripts/ThirdParty/Feel/MMFeedbacks/Editor/Core/MMF_PlayerCopy.cs
removed-demo	183051d3d39b2f4438c17e8ba8958555	Assets/Feel/MMFeedbacks/Demos/MMFeedbacksDemo/TMP/Lato-Black SDF MMFeedbacks Outline Demo.mat	
removed-demo	21aa582084c8e4125991f4cbf42a47f7	Assets/Feel/NiceVibrations/HapticSamples/Objects/Keys1.haptic	
removed-demo	22e7c4573f862d7499a532eaa58d6136	Assets/Feel/MMFeedbacks/Demos/MMFeedbacksDemo/Lighting/LightingData.asset	
removed-demo	d8d6959e6e45e82419f87efc6a1001d1	Assets/Feel/FeelDemos/Brass/PostProcessing/FeelBrassPostProcessingProfile.asset	
removed-demo	574ff42b380334a6eafcf5857b050cc2	Assets/Feel/NiceVibrations/HapticSamples/Objects/CashRegister1.haptic	
retained-guid	67bc5fafbf62b48858241ce814d3d489	Assets/Feel/NiceVibrations/Scripts/Editor/Lofelt.NiceVibrations.Editor.asmdef	Assets/Scripts/ThirdParty/Feel/NiceVibrations/Scripts/Editor/Lofelt.NiceVibrations.Editor.asmdef
removed-demo	4cc4da3ff37cefa4fb35fee71af1bf92	Assets/Feel/FeelDemos/CardsUI/Textures/Art/FeelCardsLightningAnimation.png	
retained-guid	8abe6344b7148db4687d3c84e7712904	Assets/Feel/MMTools/Accessories/MMGUI/MMHealthBar.cs	Assets/Scripts/ThirdParty/Feel/MMTools/Accessories/MMGUI/MMHealthBar.cs
removed-demo	6e158e2d37d77a048838813185c20707	Assets/Feel/FeelDemos/Tactical/Sounds/FeelTacticalRifle.wav	
removed-demo	bf2320824bedaca46b850000901f91be	Assets/Feel/NiceVibrations/Demo/DemoAssets/WobbleDemo/Prefabs/WobbleButton.prefab	
retained-guid	968b4fa81982e914bb16c2928a085407	Assets/Feel/MMFeedbacks/MMFeedbacks/Feedbacks/MMF_Looper.cs	Assets/Scripts/ThirdParty/Feel/MMFeedbacks/MMFeedbacks/Feedbacks/MMF_Looper.cs
removed-demo	0a251865d11f91842a19cdee7af66120	Assets/Feel/MMFeedbacks/Demos/SequencingDemo/Sounds/Kit/MMSequencingTom5.wav	
removed-demo	6e8efd13e78c7504f9e73f2d50b6c6f0	Assets/Feel/MMTools/Demos/MMGhostCamera/Materials/MMGhostCameraSkybox.mat	
removed-demo	457696f3c352ba248a9cdfe13349fb80	Assets/Feel/FeelDemos/Barbarians/Models/Materials/Leaves.002.mat	
retained-guid	273314aadc2d09c4b8f7b497c86f6d3a	Assets/Feel/MMFeedbacks/MMFeedbacksForThirdParty/PostProcessing/Springs/MMSpringColorGradingContrast.cs	Assets/Scripts/ThirdParty/Feel/MMFeedbacks/MMFeedbacksForThirdParty/PostProcessing/Springs/MMSpringColorGradingContrast.cs
removed-demo	9c40e0330eb2346cb90e006681c4feb0	Assets/Feel/NiceVibrations/Demo/DemoAssets/HapticClipsDemo/Haptics/NVReload.haptic	
removed-demo	5b933023681254587ad2e0a101e62503	Assets/Feel/NiceVibrations/HapticSamples/Objects/Velcro2.haptic	
removed-demo	3dc850ab82cbc9547b13c66d1f0fcc50	Assets/Feel/MMFeedbacks/Demos/SequencingDemo/Textures/Tiles33_col.png	
retained-guid	7524a33cc4881484f94d10e60833382b	Assets/Feel/MMTools/Core/Editor/MMReorderableList/MMReorderableList.cs	Assets/Scripts/ThirdParty/Feel/MMTools/Core/Editor/MMReorderableList/MMReorderableList.cs
removed-demo	4472d2e695631bd4598e0aac24be9798	Assets/Feel/MMFeedbacks/Demos/SequencingDemo/Sounds/Kit/MMSequencingCymbal1.wav	
retained-guid	325b5ef7494cead4fbd33a7e9c22c44d	Assets/Feel/MMTools/Core/MMAttributes/MMInspectorButtonAttribute.cs	Assets/Scripts/ThirdParty/Feel/MMTools/Core/MMAttributes/MMInspectorButtonAttribute.cs
retained-guid	72f7a32ac9c7676409eb438757bc6b4a	Assets/Feel/MMTools/Accessories/MMDebugMenu/Sprites/MMDebugMenuSpritesheet.png	Assets/Art/Textures/Feel/MMTools/Accessories/MMDebugMenu/Sprites/MMDebugMenuSpritesheet.png
retained-guid	41bf52f013b5cfe4294a3ca9ade7a8a5	Assets/Feel/MMTools/Accessories/MMVFX/MMRamps/MMRamp5.png	Assets/Art/Textures/Feel/MMTools/Accessories/MMVFX/MMRamps/MMRamp5.png
retained-guid	01608833a8be3af4587b87e116bffc68	Assets/Feel/MMTools/Accessories/MMProcedural/MMTilemapGenerator/MMTilemapGeneratorLayer.cs	Assets/Scripts/ThirdParty/Feel/MMTools/Accessories/MMProcedural/MMTilemapGenerator/MMTilemapGeneratorLayer.cs
retained-guid	7969c2e1fc64bc64b8e2c338f430fa49	Assets/Feel/MMFeedbacks/MMFeedbacksForThirdParty/HDRP/Springs/MMSpringDepthOfFieldFocusDistance_HDRP.cs	Assets/Scripts/ThirdParty/Feel/MMFeedbacks/MMFeedbacksForThirdParty/HDRP/Springs/MMSpringDepthOfFieldFocusDistance_HDRP.cs
removed-demo	94afb37e4b3a5a4429d9647f076309fc	Assets/Feel/FeelDemos/Brass/Animations/FeelBrassTacticalAnimator.controller	
removed-demo	d6f4aa82ec708c44f949e37262d41549	Assets/Feel/MMTools/Demos/MMGyroscope/MMGyroscope.unity	
removed-demo	8fc615b6a26fae147a93177abdda82ec	Assets/Feel/FeelDemos/Toaster/Materials/FeelToasterTableclothMaterial.mat	
removed-demo	0ed9a019ec12c5846a37d7de50e36d65	Assets/Feel/FeelDemos/Letters/Sounds/FeelLettersDemoKick.wav	
removed-demo	5d5671b61788077468332859058a30fd	Assets/Feel/FeelDemos/SquashAndStretch/Materials/FeelSquashAndStretchRoad.mat	
removed-demo	a81aea2b884ed3d4da5135acac404ba3	Assets/Feel/NiceVibrations/Demo/Common/Scripts/UI/HapticCurve.cs	
retained-guid	74bba79889819c645bedf0dcd6d6cfa3	Assets/Feel/MMFeedbacks/Editor/Core/MMFeedbackStyling.cs	Assets/Scripts/ThirdParty/Feel/MMFeedbacks/Editor/Core/MMFeedbackStyling.cs
retained-guid	2a22f321adcb1374cb909aee327ff9f0	Assets/Feel/MMFeedbacks/MMFeedbacks/Feedbacks/MMF_DestinationTransform.cs	Assets/Scripts/ThirdParty/Feel/MMFeedbacks/MMFeedbacks/Feedbacks/MMF_DestinationTransform.cs
retained-guid	55a9829731bf3d3458319a5a829f1f04	Assets/Feel/MMTools/Accessories/MMActivation/MMActivationOnStart.cs	Assets/Scripts/ThirdParty/Feel/MMTools/Accessories/MMActivation/MMActivationOnStart.cs
removed-demo	9009cd0a06f43ad47a0b254215838855	Assets/Feel/FeelDemos/Springs/Audio/FeelSpringsTreeTalk1.wav	
removed-demo	620b02f4c35f596458936b1541c79191	Assets/Feel/FeelDemos/Springs/Prefabs/FeelSpringsTalkingTreesEye.prefab	
removed-demo	5c8f179e332547d4f8b75a7f84edb510	Assets/Feel/MMFeedbacks/Demos/SequencingDemo/Textures/ChristmasTreeOrnament01_col.png	
retained-guid	e33ffe483e6d97f4fa9c59542152a536	Assets/Feel/MMFeedbacks/MMFeedbacks/Feedbacks/MMF_Rigidbody2D.cs	Assets/Scripts/ThirdParty/Feel/MMFeedbacks/MMFeedbacks/Feedbacks/MMF_Rigidbody2D.cs
retained-guid	e5691787f973b2c4c9e7333c45119dd2	Assets/Feel/MMTools/Accessories/MMShaders/MMZTestAlwaysAdditive.shader	Assets/Art/Shaders/Feel/MMTools/Accessories/MMShaders/MMZTestAlwaysAdditive.shader
removed-demo	ef74e6b52dfbf9a4cba77e1fde4584d4	Assets/Feel/NiceVibrations/Demo/Common/Sprites/NVLogoVibrations.png	
retained-guid	c61e12b00f19ecd448a748ee4f011b63	Assets/Feel/MMTools/Accessories/MMVFX/MMNoise/MMFireDirectionalNoise.png	Assets/Art/Textures/Feel/MMTools/Accessories/MMVFX/MMNoise/MMFireDirectionalNoise.png
removed-demo	af71d4465ebfa49499ab772dfe48c67b	Assets/Feel/FeelDemos/Barbarians/Lighting/ReflectionProbe-0.exr	
removed-demo	ab16ee0540fb44fa69eff0e4867ad114	Assets/Feel/NiceVibrations/HapticSamples/Objects/Keyboard1.wav	
removed-demo	a30b9d15855238143959d0e48191c151	Assets/Feel/MMTools/Demos/MMFollowTarget/MMFollowTargetDemo.unity	
removed-demo	cbf580e20161a1648a8eaf3a407611f6	Assets/Feel/FeelDemos/Toaster/Textures/FeelToasterSwitchBackground.png	
removed-demo	b30ac4c29feaff94f9a0aaf462d9e900	Assets/Feel/FeelDemos/Springs/Prefabs/FeelSpringsButton.prefab	
removed-demo	a0f88f56e03f94bbdbbe5e5cd63a703c	Assets/Feel/NiceVibrations/HapticSamples/Impacts/Wood2.haptic	
removed-demo	1f7095e4df627d446a114125f9882224	Assets/Feel/MMTools/Demos/MMTween/Fonts/Lato/TTF/Lato-HeavyItalic.ttf	
retained-guid	5786831fccf809245bf95e1d459472ba	Assets/Feel/MMTools/Core/MMAudio/AudioAnalyzer/MMAudioAnalyzer.cs	Assets/Scripts/ThirdParty/Feel/MMTools/Core/MMAudio/AudioAnalyzer/MMAudioAnalyzer.cs
removed-demo	6a38398b21a2b492480d8d7465fff807	Assets/Feel/NiceVibrations/HapticSamples/Objects/Woodsaw2.haptic	
retained-guid	0aded04d7fa45744fb33cc0a43b0d6ef	Assets/Feel/MMFeedbacks/MMFeedbacksForThirdParty/Cinemachine/Shakers/MMCinemachineOrthographicSizeShaker.cs	Assets/Scripts/ThirdParty/Feel/MMFeedbacks/MMFeedbacksForThirdParty/Cinemachine/Shakers/MMCinemachineOrthographicSizeShaker.cs
removed-demo	cc55114c3e87ded4fac5c7a7343a22ba	Assets/Feel/FeelDemosHDRP/Falcon/Materials/FeelFalconRockRoad.mat	
removed-demo	0a1985bb2529e5e42b326b7b7c80b2d8	Assets/Feel/MMFeedbacks/Demos/MMFeedbacksDemo/Materials/FeedbacksDemoSkybox2.mat	
removed-demo	13697936618a85b4eba75926c064dd3b	Assets/Feel/FeelDemos/Barbarians/Textures/BarbarianAxeTexture.png	
removed-demo	268e79bc7d26d5f4eba730c096c20174	Assets/Feel/MMTools/Demos/MMTween/Fonts/Lato/TTF/Lato-Hairline.ttf	
removed-demo	6f76a5d7ab3cd4390989fb08c34c39a3	Assets/Feel/NiceVibrations/HapticSamples/Impacts/Glass2.haptic	
removed-demo	d12ef16f94b788e4ab90aa9534e64dcb	Assets/Feel/FeelDemos/MMSoundManager/FeelMMSoundManagerPlaylistManager.unity	
removed-demo	72fcfa7f43d834350a46f96454f27706	Assets/Feel/NiceVibrations/HapticSamples/Objects/Fireplace1.wav	
retained-guid	bad88d19339cd824eae939fb6492e1db	Assets/Feel/MMFeedbacks/MMFeedbacksForThirdParty/MMTools/Feedbacks/MMF_PPMovingFilter.cs	Assets/Scripts/ThirdParty/Feel/MMFeedbacks/MMFeedbacksForThirdParty/MMTools/Feedbacks/MMF_PPMovingFilter.cs
removed-demo	ca701d9c8a13e8e4d8eb322f490603d6	Assets/Feel/MMFeedbacks/Demos/SequencingDemo/Textures/wip/Rocks21_rgh.png	
retained-guid	5c9b7fa66eec50b4490017a0a9098569	Assets/Feel/MMFeedbacks/MMFeedbacks/Feedbacks/MMF_ImageSprite.cs	Assets/Scripts/ThirdParty/Feel/MMFeedbacks/MMFeedbacks/Feedbacks/MMF_ImageSprite.cs
removed-demo	c7833764644ba41a29b1d11de2f3a62f	Assets/Feel/NiceVibrations/HapticSamples/Impacts/BulletCrack3.haptic	
retained-guid	f92a3f5abd60c5e41b92ebf0add536a1	Assets/Feel/MMFeedbacks/MMFeedbacksForThirdParty/MMTools/Feedbacks/MMF_Broadcast.cs	Assets/Scripts/ThirdParty/Feel/MMFeedbacks/MMFeedbacksForThirdParty/MMTools/Feedbacks/MMF_Broadcast.cs
retained-guid	7511c4dccd4cbd54ab12529a4389e81c	Assets/Feel/MMTools/Core/MMAudio/MMPlaylist/MMPlaylistRemote.cs	Assets/Scripts/ThirdParty/Feel/MMTools/Core/MMAudio/MMPlaylist/MMPlaylistRemote.cs
removed-demo	801a894d272f24eb5ad28f5219e62bfe	Assets/Feel/NiceVibrations/HapticSamples/ApplicationUX/Button1.wav	
removed-demo	27cf281de1d7c4108876df39298ea6dd	Assets/Feel/NiceVibrations/HapticSamples/Impacts/Wood1.haptic	
removed-demo	ab3c86ab680f9dd47949652cffcfec61	Assets/Feel/FeelDemos/Blob/Textures/FeelBlobGodRays2.png	
retained-guid	5093ea98124b9ba4f88d699459437e2d	Assets/Feel/MMFeedbacks/MMFeedbacksForThirdParty/MMTools/Feedbacks/MMF_MMGameEvent.cs	Assets/Scripts/ThirdParty/Feel/MMFeedbacks/MMFeedbacksForThirdParty/MMTools/Feedbacks/MMF_MMGameEvent.cs
retained-guid	a8296d633c27f554a99bbbf94958722e	Assets/Feel/MMTools/Accessories/MMDebugMenu/Prefabs/MMDebugMenuTab.prefab	Assets/Art/Prefabs/Feel/MMTools/Accessories/MMDebugMenu/Prefabs/MMDebugMenuTab.prefab
retained-guid	951e153e1b6cbb442865fac50d3ea0db	Assets/Feel/MMFeedbacks/MMFeedbacksForThirdParty/URP/Feedbacks/MMF_DepthOfField_URP.cs	Assets/Scripts/ThirdParty/Feel/MMFeedbacks/MMFeedbacksForThirdParty/URP/Feedbacks/MMF_DepthOfField_URP.cs
removed-demo	7a89cefc082216742966047ee0052a69	Assets/Feel/MMFeedbacks/Demos/SequencingDemo/Textures/Carpet05_nrm.png	
retained-guid	a6bacc483b5f80645a74c1382418b149	Assets/Feel/MMTools/Accessories/MMPrototypeTextures/Textures/MMProtoTextures/MMProtoTextures_LightGreyFrame.png	Assets/Art/Textures/Feel/MMTools/Accessories/MMPrototypeTextures/Textures/MMProtoTextures/MMProtoTextures_LightGreyFrame.png
retained-guid	553f615332baa0d4a842d5600f824551	Assets/Feel/MMTools/Core/MMSceneLoading/Sprites/LoadingProgressBar.png	Assets/Art/Textures/Feel/MMTools/Core/MMSceneLoading/Sprites/LoadingProgressBar.png
retained-guid	54d5b36730fc14779aeaf18ba807c543	Assets/Feel/NiceVibrations/OlderVersions/v3.9/NiceVibrations-v-3-9-0-readme.txt	Assets/Documentation/Feel/NiceVibrations/OlderVersions/v3.9/NiceVibrations-v-3-9-0-readme.txt
retained-guid	0e5152d83c531f540987d09bea4675bb	Assets/Feel/MMFeedbacks/MMFeedbacksForThirdParty/HDRP/Feedbacks/MMF_ColorAdjustments_HDRP.cs	Assets/Scripts/ThirdParty/Feel/MMFeedbacks/MMFeedbacksForThirdParty/HDRP/Feedbacks/MMF_ColorAdjustments_HDRP.cs
retained-guid	4052800b132124e29b9627e77b348b41	Assets/Feel/NiceVibrations/Plugins/Android/libs/LofeltHaptics.aar	Assets/Scripts/ThirdParty/Feel/NiceVibrations/Plugins/Android/libs/LofeltHaptics.aar
removed-demo	652904ef212140d45bd695a34b49a305	Assets/Feel/FeelDemosHDRP/Falcon/Materials/FeelFalconWind1.mat	
removed-demo	6820787175fd2e649b10f0623c2ff7fd	Assets/Feel/FeelDemos/Barbarians/Materials/FeelBarbarianTrail.mat	
retained-guid	0ba8b0b32b8721048bd7e610207b4ee6	Assets/Feel/MMTools/Demos/MMTween/Fonts/Lato/SDF/Lato-Italic SDF.asset	Assets/Data/Feedback/Feel/MMTools/Demos/MMTween/Fonts/Lato/SDF/Lato-Italic SDF.asset
retained-guid	b10fa324c4770c94487f925443368d5c	Assets/Feel/MMTools/Core/MMSceneLoading/Sprites/LoadingAnimation.controller	Assets/Art/Animations/Feel/MMTools/Core/MMSceneLoading/Sprites/LoadingAnimation.controller
retained-guid	390bf4a7227d9094e82fd024ef00a069	Assets/Feel/MMFeedbacks/Editor/Core/UIToolkit/MMF_PlayerEditorUITKStyleSheet_Settings.uss	Assets/Scripts/ThirdParty/Feel/MMFeedbacks/Editor/Core/UIToolkit/MMF_PlayerEditorUITKStyleSheet_Settings.uss
retained-guid	d2ed4e1d780d3c341b45a60fd3358cf5	Assets/Feel/MMTools/Core/Editor/MMAttributes/MMVectorAttributeDrawer.cs	Assets/Scripts/ThirdParty/Feel/MMTools/Core/Editor/MMAttributes/MMVectorAttributeDrawer.cs
removed-demo	fc4c1ca26a3264a259dfa43a61a2f70e	Assets/Feel/NiceVibrations/HapticSamples/Weapons/HeavyMachineGunFire1.wav	
retained-guid	9db8f29e9da6c1041b8ced3bcd99acf6	Assets/Feel/MMFeedbacks/MMFeedbacks/Springs/Springs/MMSpringTextureOffset.cs	Assets/Scripts/ThirdParty/Feel/MMFeedbacks/MMFeedbacks/Springs/Springs/MMSpringTextureOffset.cs
removed-demo	3d8f66cd6be4846f78ffc04232f67022	Assets/Feel/NiceVibrations/HapticSamples/Impacts/BulletCrack2.wav	
retained-guid	f28b7b1842189d04f8eb2c7093835fc8	Assets/Feel/MMTools/Core/MMRadio/MMProperty/MMPropertyLink/MMPropertyLinkVector3.cs	Assets/Scripts/ThirdParty/Feel/MMTools/Core/MMRadio/MMProperty/MMPropertyLink/MMPropertyLinkVector3.cs
retained-guid	ceb29a83998eb4949bc0a9c8e5662fa1	Assets/Feel/NiceVibrations/Scripts/Components/HapticReceiver.cs	Assets/Scripts/ThirdParty/Feel/NiceVibrations/Scripts/Components/HapticReceiver.cs
removed-demo	eb740385b45ef49b98e7b3e932fee206	Assets/Feel/NiceVibrations/HapticSamples/Footsteps/FootstepGravel1.haptic	
retained-guid	0e8aa3525151bb343b66b059b6095946	Assets/Feel/MMTools/Core/MMAudio/MMAudioListener/MMAudioListener.cs	Assets/Scripts/ThirdParty/Feel/MMTools/Core/MMAudio/MMAudioListener/MMAudioListener.cs
removed-demo	efead1e52c2d52b49a4944caff6062e3	Assets/Feel/FeelDemos/Strike/Sounds/FeelStrikeCharge.wav	
removed-demo	03d2549fa679a374c88015b78eefabe0	Assets/Feel/FeelDemosHDRP/Falcon/Materials/FeelFalconSmoke1.mat	
retained-guid	89b1ab110187b0b4ebad017b364aafea	Assets/Feel/NiceVibrations/Scripts/Editor/NVHapticDataDrawer.cs	Assets/Scripts/ThirdParty/Feel/NiceVibrations/Scripts/Editor/NVHapticDataDrawer.cs
retained-guid	432948ea802b17943bde6d7614555a06	Assets/Feel/MMTools/Accessories/MMVFX/MMRipple/MMRippleSpiral2.mat	Assets/Art/Materials/Feel/MMTools/Accessories/MMVFX/MMRipple/MMRippleSpiral2.mat
removed-demo	ce8bd75dffeee4051b8952ee4b2ca7e1	Assets/Feel/NiceVibrations/HapticSamples/Impacts/Body1.haptic	
removed-demo	a09e2fbc7bf77734690a0f792c01cce6	Assets/Feel/FeelDemos/Strike/Models/FeelStrikeBall.fbx	
removed-demo	90898843034277b428d4e5fe0fe6749a	Assets/Feel/MMFeedbacks/Demos/SequencingDemo/Textures/Fabric06_disp.png	
removed-demo	1c0fc0603e5310a4a81c2da44b541fdc	Assets/Feel/MMTools/Demos/MMTween/Prefabs/PlotterPoint.prefab	
removed-demo	d4398599ca1964a6c83248616d030c53	Assets/Feel/NiceVibrations/HapticSamples/Footsteps/FootstepGravel2.haptic	
removed-demo	281ff2d014324824b952c04933ac01f0	Assets/Feel/FeelDemos/Strike/Materials/FeelStrikePinBody.mat	
retained-guid	2b3c116d0e316af4f98aea90424ad690	Assets/Feel/MMFeedbacks/MMFeedbacksForThirdParty/MMTools/Feedbacks/MMF_Blink.cs	Assets/Scripts/ThirdParty/Feel/MMFeedbacks/MMFeedbacksForThirdParty/MMTools/Feedbacks/MMF_Blink.cs
retained-guid	1abead95d414bfc41842b81d3822dd9b	Assets/Feel/MMFeedbacks/MMFeedbacksForThirdParty/HDRP/Feedbacks/MMF_FilmGrain_HDRP.cs	Assets/Scripts/ThirdParty/Feel/MMFeedbacks/MMFeedbacksForThirdParty/HDRP/Feedbacks/MMF_FilmGrain_HDRP.cs
removed-demo	0e4040556b24d6040826b165baa18a21	Assets/Feel/MMTools/Demos/MMBezierLineRenderer/MMBezierLineRendererDemoDude.png	
retained-guid	1554ad3bc2245e64bbf7cf0a29ed7fa0	Assets/Feel/MMTools/Accessories/MMProcedural/MMTilemapGenerator/MMTilemapGenerator.cs	Assets/Scripts/ThirdParty/Feel/MMTools/Accessories/MMProcedural/MMTilemapGenerator/MMTilemapGenerator.cs
removed-demo	53c772b3f811f5a499fa4eb7ef5921a1	Assets/Feel/FeelDemos/Snake/Sounds/FeelSnakeBrass1.wav	
retained-guid	a14b560285de1794cb8915d623ec0462	Assets/Feel/MMFeedbacks/Editor/Core/UIToolkit/MMF_PlayerEditorUITK.cs	Assets/Scripts/ThirdParty/Feel/MMFeedbacks/Editor/Core/UIToolkit/MMF_PlayerEditorUITK.cs
retained-guid	855a2d614e531f44caecc17a8c3bd51c	Assets/Feel/MMTools/Accessories/MMDebugMenu/Prefabs/MMDebugMenuValue.prefab	Assets/Art/Prefabs/Feel/MMTools/Accessories/MMDebugMenu/Prefabs/MMDebugMenuValue.prefab
removed-demo	0a5a24e49e8b5814ebe400a0f609cf27	Assets/Feel/MMFeedbacks/Demos/SequencingDemo/Textures/Carpet06_col.png	
retained-guid	7e984f512e89b60468e829489e8883e3	Assets/Feel/MMTools/Core/MMAudio/MMSoundManager/Settings/MMSoundManagerAudioMixer.mixer	Assets/Art/Audio/Feel/MMTools/Core/MMAudio/MMSoundManager/Settings/MMSoundManagerAudioMixer.mixer
removed-demo	0f2ad74cae6bafc4dab3c206ac62452a	Assets/Feel/FeelDemos/Letters/Sprites/FeelLettersDemoEyeBlackLight.png	
removed-demo	1e5b54aaf95dc544996bd98919f83491	Assets/Feel/MMFeedbacks/Demos/SequencingDemo/Materials/SequencerChip.mat	
retained-guid	c85a8307aa986a14d83db219ddc633da	Assets/Feel/MMFeedbacks/MMFeedbacksForThirdParty/HDRP/Feedbacks/MMF_WhiteBalance_HDRP.cs	Assets/Scripts/ThirdParty/Feel/MMFeedbacks/MMFeedbacksForThirdParty/HDRP/Feedbacks/MMF_WhiteBalance_HDRP.cs
removed-demo	8c8cb2f6a3db5904098345a5e1a14fdb	Assets/Feel/FeelDemos/Letters/Sounds/FeelLettersDemoSing3.wav	
retained-guid	c42d019b36d0e95449e2114a78af0458	Assets/Feel/MMTools/Accessories/MMVFX/MMRipple/MMRippleSaw1NM.png	Assets/Art/Textures/Feel/MMTools/Accessories/MMVFX/MMRipple/MMRippleSaw1NM.png
retained-guid	6bf8e915527fa424a8b17dc168fe20eb	Assets/Feel/MMFeedbacks/MMFeedbacks/Shakers/MMCameraShaker.cs	Assets/Scripts/ThirdParty/Feel/MMFeedbacks/MMFeedbacks/Shakers/MMCameraShaker.cs
removed-demo	b3f6473bddc357f499dbcb5855925796	Assets/Feel/FeelDemos/CardsUI/Prefabs/FeelCardsUI_Card_Sumerian.prefab	
retained-guid	90e9b0613a9f9544580c1644719392dd	Assets/Feel/MMTools/Accessories/MMCamera/MMBillboard.cs	Assets/Scripts/ThirdParty/Feel/MMTools/Accessories/MMCamera/MMBillboard.cs
retained-guid	20a16824553d34440a2d4a0aef9f6305	Assets/Feel/MMFeedbacks/MMFeedbacksForThirdParty/UIToolkit/Feedbacks/MMF_UIToolkitTransformOrigin.cs	Assets/Scripts/ThirdParty/Feel/MMFeedbacks/MMFeedbacksForThirdParty/UIToolkit/Feedbacks/MMF_UIToolkitTransformOrigin.cs
retained-guid	f665ed98106607d4a8be79b240b4a801	Assets/Feel/MMFeedbacks/MMFeedbacks/Feedbacks/MMF_Feedbacks.cs	Assets/Scripts/ThirdParty/Feel/MMFeedbacks/MMFeedbacks/Feedbacks/MMF_Feedbacks.cs
retained-guid	6313950da8f5bbf459733aed2e327e0c	Assets/Feel/MMFeedbacks/MMFeedbacks/Feedbacks/MMF_CameraFieldOfView.cs	Assets/Scripts/ThirdParty/Feel/MMFeedbacks/MMFeedbacks/Feedbacks/MMF_CameraFieldOfView.cs
removed-demo	859110124559f53448796d58be533933	Assets/Feel/MMFeedbacks/Demos/SequencingDemo/Materials/SequencerWood.mat	
removed-demo	f0ab18f9ab2a3c8408d646f5c538f7ab	Assets/Feel/FeelDemos/Bounce/Materials/FeelBounceRippleMaterial.mat	
retained-guid	4b49077b56e67ff469bc52b6a64e5e17	Assets/Feel/MMTools/Accessories/MMActivation/MMApplicationPlatformActivation.cs	Assets/Scripts/ThirdParty/Feel/MMTools/Accessories/MMActivation/MMApplicationPlatformActivation.cs
retained-guid	33e96efc928fc8848b7698b3703f9f02	Assets/Feel/MMFeedbacks/MMFeedbacksForThirdParty/HDRP/Shakers/MMChannelMixerShaker_HDRP.cs	Assets/Scripts/ThirdParty/Feel/MMFeedbacks/MMFeedbacksForThirdParty/HDRP/Shakers/MMChannelMixerShaker_HDRP.cs
retained-guid	ed5d5aca24f393844931ca9f8c7e05c8	Assets/Feel/MMTools/Accessories/MMTilemaps/MMTilemapBoolean.cs	Assets/Scripts/ThirdParty/Feel/MMTools/Accessories/MMTilemaps/MMTilemapBoolean.cs
retained-guid	debc95d929132814d968cb0e4c3c8bca	Assets/Feel/MMTools/Accessories/MMDebugMenu/Scripts/MMDebugMenuItems/MMDebugMenuItemTitle.cs	Assets/Scripts/ThirdParty/Feel/MMTools/Accessories/MMDebugMenu/Scripts/MMDebugMenuItems/MMDebugMenuItemTitle.cs
removed-demo	d4dd2ec6cf23b134d9bb46f69ca7daaf	Assets/Feel/MMTools/Demos/MMBezierLineRenderer/MMBezierLineRendererSkybox.mat	
removed-demo	68ab13e5da8642e4793d41c05a0d9ba9	Assets/Feel/FeelDemos/Duck/Animations/FeelDuckAnimator.controller	
retained-guid	3640adb06e738074793e72dc490d3600	Assets/Feel/MMTools/Accessories/MMGyroscope/MMGyroscope.cs	Assets/Scripts/ThirdParty/Feel/MMTools/Accessories/MMGyroscope/MMGyroscope.cs
retained-guid	7e2bca92e67ccd243a920ed5311a183e	Assets/Feel/MMTools/Accessories/Editor/MMCurves/MMPlotterEditor.cs	Assets/Scripts/ThirdParty/Feel/MMTools/Accessories/Editor/MMCurves/MMPlotterEditor.cs
removed-demo	9bef2c99fbaaba541b418740f320969d	Assets/Feel/MMFeedbacks/Demos/SequencingDemo/Materials/SequencerMetal.mat	
retained-guid	109174f54ddf71a4fbe62bf30e9cf0e0	Assets/Feel/MMTools/Core/MMSceneLoading/Sprites/LoadingCompleteAnimation.png	Assets/Art/Textures/Feel/MMTools/Core/MMSceneLoading/Sprites/LoadingCompleteAnimation.png
retained-guid	878e38786f84b4cb2befd22693a97a33	Assets/Feel/MMTools/Core/MMHelpers/MMConsole.cs	Assets/Scripts/ThirdParty/Feel/MMTools/Core/MMHelpers/MMConsole.cs
retained-guid	c7e54a3a8f5944d43ae992cd916cedda	Assets/Feel/MMTools/Core/MMPropertyControllers/LightController.cs	Assets/Scripts/ThirdParty/Feel/MMTools/Core/MMPropertyControllers/LightController.cs
retained-guid	886d805cbd686b046b8707c00676d919	Assets/Feel/MMFeedbacks/Editor/Core/UIToolkit/MMF_FeedbackPropertyDrawerUITK.cs	Assets/Scripts/ThirdParty/Feel/MMFeedbacks/Editor/Core/UIToolkit/MMF_FeedbackPropertyDrawerUITK.cs
retained-guid	a0874b2291d387847be139a6824cc576	Assets/Feel/MMTools/Core/MMHelpers/MMInput.cs	Assets/Scripts/ThirdParty/Feel/MMTools/Core/MMHelpers/MMInput.cs
removed-demo	68e8d9576b7c3214d89346b3d215054f	Assets/Feel/FeelDemos/Springs/Prefabs/FeelSpringsBarbarian.prefab	
retained-guid	f1ca607d01430f9419336e2d59ee639b	Assets/Feel/MMTools/Core/MMRadio/MMProperty/MMPropertyLink/MMPropertyLink.cs	Assets/Scripts/ThirdParty/Feel/MMTools/Core/MMRadio/MMProperty/MMPropertyLink/MMPropertyLink.cs
retained-guid	347013242dca7c44fb5001793033ea59	Assets/Feel/MMFeedbacks/MMFeedbacks/Shakers/MMWiggle.cs	Assets/Scripts/ThirdParty/Feel/MMFeedbacks/MMFeedbacks/Shakers/MMWiggle.cs
retained-guid	78ba34f29f369984099f450eb0a6777c	Assets/Feel/MMFeedbacks/MMFeedbacksForThirdParty/URP/Feedbacks/MMF_FilmGrain_URP.cs	Assets/Scripts/ThirdParty/Feel/MMFeedbacks/MMFeedbacksForThirdParty/URP/Feedbacks/MMF_FilmGrain_URP.cs
removed-demo	929e9c3132f78f24ea8557de7820d64a	Assets/Feel/FeelDemos/Wheel/Models/FeelWheel.fbx	
removed-demo	5e2d4bd257111184fac38551fe737f22	Assets/Feel/MMFeedbacks/Demos/SequencingDemo/Textures/WoodFloor20_col.png	
retained-guid	2be5777d688f22c4c90502e72d32cf60	Assets/Feel/MMFeedbacks/MMFeedbacks/Feedbacks/MMF_ShaderGlobal.cs	Assets/Scripts/ThirdParty/Feel/MMFeedbacks/MMFeedbacks/Feedbacks/MMF_ShaderGlobal.cs
retained-guid	1bb65b535952c9c4188009b61f3a31ef	Assets/Feel/MMFeedbacks/MMFeedbacksForThirdParty/URP/Feedbacks/MMF_Light2D_URP.cs	Assets/Scripts/ThirdParty/Feel/MMFeedbacks/MMFeedbacksForThirdParty/URP/Feedbacks/MMF_Light2D_URP.cs
retained-guid	d92a948b1d89a964dad3e880ab3b9712	Assets/Feel/MMFeedbacks/MMFeedbacksForThirdParty/HDRP/Shakers/MMVignetteShaker_HDRP.cs	Assets/Scripts/ThirdParty/Feel/MMFeedbacks/MMFeedbacksForThirdParty/HDRP/Shakers/MMVignetteShaker_HDRP.cs
removed-demo	c6cf6a975bc4d470b893bf21271b54a7	Assets/Feel/NiceVibrations/HapticSamples/Music/Cymbal1.haptic	
retained-guid	8e1e841ae422aba49bcc65672025dfa4	Assets/Feel/MMTools/Core/MMAttributes/MMReadOnlyWhenPlayingAttribute.cs	Assets/Scripts/ThirdParty/Feel/MMTools/Core/MMAttributes/MMReadOnlyWhenPlayingAttribute.cs
removed-demo	1901da16b3cb84c4ca3e82cf4b9debad	Assets/Feel/MMFeedbacks/Demos/SequencingDemo/Textures/Fabric09_mask1.png	
removed-demo	958d923168c750545a3cf6a1cfe1a6db	Assets/Feel/FeelDemos/Barbarians/Models/Materials/Wood.004.mat	
removed-demo	95abbd2ba602d5f4f9430aed88b8bf9a	Assets/Feel/FeelDemos/Letters/Sprites/FeelLettersDemoMouth3.png	
retained-guid	1a9e66cbf3543a44cb2cf068585f07d4	Assets/Feel/MMTools/Accessories/MMPrototypeTextures/MMBRP_Materials/MMBPR_RedSquares.mat	Assets/Art/Materials/Feel/MMTools/Accessories/MMPrototypeTextures/MMBRP_Materials/MMBPR_RedSquares.mat
retained-guid	0c56439a20097e54b9fc9cbdca6968e9	Assets/Feel/MMTools/Accessories/MMVFX/MMParticles/MMParticlesStorm.png	Assets/Art/Textures/Feel/MMTools/Accessories/MMVFX/MMParticles/MMParticlesStorm.png
removed-demo	3f1b94c5b0e53534094b6c13350a5d2d	Assets/Feel/FeelDemos/Snake/Scripts/Snake.cs	
removed-demo	ffe1e33f371ca8a47a6aed4b1b611650	Assets/Feel/MMFeedbacks/Demos/SequencingDemo/Materials/SequencerTiles60.mat	
retained-guid	46840d8dc203908469ee327b591ae35f	Assets/Feel/MMTools/Accessories/MMActivation/MMTimedActivation.cs	Assets/Scripts/ThirdParty/Feel/MMTools/Accessories/MMActivation/MMTimedActivation.cs
retained-guid	071011635f1949c46a85b7caac317267	Assets/Feel/MMTools/Accessories/MMPrototypeTextures/MMBRP_Materials/Skybox/MMBRP_BlueSkybox.mat	Assets/Art/Materials/Feel/MMTools/Accessories/MMPrototypeTextures/MMBRP_Materials/Skybox/MMBRP_BlueSkybox.mat
retained-guid	4d52e2caed94cf0408a14edc402b85ad	Assets/Feel/MMFeedbacks/MMFeedbacksForThirdParty/MMTools/Feedbacks/MMF_TrailRenderer.cs	Assets/Scripts/ThirdParty/Feel/MMFeedbacks/MMFeedbacksForThirdParty/MMTools/Feedbacks/MMF_TrailRenderer.cs
removed-demo	eb04194cae9880d42a338d246d27a85e	Assets/Feel/FeelDemos/UIToolkitFeedbacksDemo/FeelUIToolkitFeedbacksDemo.unity	
retained-guid	6949e897c69920b4bb002749389fbd3f	Assets/Feel/MMFeedbacks/MMFeedbacks/Feedbacks/MMF_PositionSpring.cs	Assets/Scripts/ThirdParty/Feel/MMFeedbacks/MMFeedbacks/Feedbacks/MMF_PositionSpring.cs
retained-guid	688b4ab22ad89b24895a20351c49f7d5	Assets/Feel/MMFeedbacks/MMFeedbacksForThirdParty/MMTools/Feedbacks/MMF_Layer.cs	Assets/Scripts/ThirdParty/Feel/MMFeedbacks/MMFeedbacksForThirdParty/MMTools/Feedbacks/MMF_Layer.cs
retained-guid	fb2fb44761e9da645a012cd87424fc10	Assets/Feel/MMFeedbacks/MMFeedbacks/Feedbacks/MMF_AudioFilterReverb.cs	Assets/Scripts/ThirdParty/Feel/MMFeedbacks/MMFeedbacks/Feedbacks/MMF_AudioFilterReverb.cs
retained-guid	df8d044f677634e749812dc987300584	Assets/Feel/NiceVibrations/Scripts/Components/HapticClip.cs	Assets/Scripts/ThirdParty/Feel/NiceVibrations/Scripts/Components/HapticClip.cs
retained-guid	6d8d661dac43a98489944be49a162bda	Assets/Feel/MMTools/Accessories/MMDebugMenu/Scripts/MMDebugMenuItems/MMDebugMenuItemSlider.cs	Assets/Scripts/ThirdParty/Feel/MMTools/Accessories/MMDebugMenu/Scripts/MMDebugMenuItems/MMDebugMenuItemSlider.cs
retained-guid	294ea96cd093b544b8428037f5a17b43	Assets/Feel/MMFeedbacks/MMFeedbacksForThirdParty/HDRP/Feedbacks/MMF_Vignette_HDRP.cs	Assets/Scripts/ThirdParty/Feel/MMFeedbacks/MMFeedbacksForThirdParty/HDRP/Feedbacks/MMF_Vignette_HDRP.cs
removed-demo	d09b7123f481ae449b957b670044b425	Assets/Feel/MMFeedbacks/Demos/SequencingDemo/Textures/Fabric09_AO.png	
removed-demo	34b3fb30bc8f420428a2c618064a629a	Assets/Feel/FeelDemos/SquashAndStretch/Materials/FeelSquashAndStretchSmoke.mat	
retained-guid	10f0f05cdfbe64f44b9e3b2655c32308	Assets/Feel/MMTools/Accessories/MMVFX/MMNoise/MMFireNoise.png	Assets/Art/Textures/Feel/MMTools/Accessories/MMVFX/MMNoise/MMFireNoise.png
retained-guid	485e02e02c638cf4b9ca8344fd6213a9	Assets/Feel/MMFeedbacks/MMFeedbacksForThirdParty/URP/Shakers/MMBloomShaker_URP.cs	Assets/Scripts/ThirdParty/Feel/MMFeedbacks/MMFeedbacksForThirdParty/URP/Shakers/MMBloomShaker_URP.cs
retained-guid	96afd1836702fcc4297951d56333a9e2	Assets/Feel/MMTools/Core/MMRadio/MMProperty/MMPropertyLink/MMPropertyLinkVector4.cs	Assets/Scripts/ThirdParty/Feel/MMTools/Core/MMRadio/MMProperty/MMPropertyLink/MMPropertyLinkVector4.cs
retained-guid	cd807e3eb5122524d9a1783af6375956	Assets/Feel/MMFeedbacks/Editor/Core/UIToolkit/Textures/FeelBottomToTopIcon@2x.png	Assets/Art/UI/Feel/MMFeedbacks/Editor/Core/UIToolkit/Textures/FeelBottomToTopIcon@2x.png
removed-demo	2f491de8efa9ed448819dc3e8e9a7665	Assets/Feel/FeelDemos/MMSoundManager/FeelMMSoundManagerTrackControl.unity	
retained-guid	a40118e4d239fe146bb900366085611f	Assets/Feel/MMFeedbacks/MMFeedbacks/Core/MMFeedbackTargetAcquisition.cs	Assets/Scripts/ThirdParty/Feel/MMFeedbacks/MMFeedbacks/Core/MMFeedbackTargetAcquisition.cs
retained-guid	959bef68856013d4da4cbe9176c989c0	Assets/Feel/MMTools/Accessories/MMPrototypeTextures/MMBRP_Materials/MMBPR_RedFrame.mat	Assets/Art/Materials/Feel/MMTools/Accessories/MMPrototypeTextures/MMBRP_Materials/MMBPR_RedFrame.mat
removed-demo	698239a48cf01994a923714e732512f7	Assets/Feel/MMFeedbacks/Demos/SequencingDemo/Textures/Tiles60_met.png	
retained-guid	be7f36cb3d627414895b9bb53b323c15	Assets/Feel/MMTools/Core/MMHelpers/MMCoroutine.cs	Assets/Scripts/ThirdParty/Feel/MMTools/Core/MMHelpers/MMCoroutine.cs
removed-demo	f22953a942cff45eeb4ce46012397c3a	Assets/Feel/NiceVibrations/HapticSamples/Objects/Switch6.wav	
retained-guid	4eccd51250cfa3948a3ac1e21d15fe34	Assets/Feel/MMTools/Demos/MMTween/Fonts/Lato/SDF/Lato-Black SDF.asset	Assets/Data/Feedback/Feel/MMTools/Demos/MMTween/Fonts/Lato/SDF/Lato-Black SDF.asset
removed-demo	9dfb64c6f69ab5c468ae134655526c23	Assets/Feel/FeelDemosHDRP/Falcon/Textures/FeelFalconRockDisplace.png	
removed-demo	0d21bb180934c4750a88d2b5148467e9	Assets/Feel/NiceVibrations/HapticSamples/Impacts/Concrete2.wav	
removed-demo	db43be1b3b3c343a9b59ce8cd6e05177	Assets/Feel/NiceVibrations/HapticSamples/Weapons/ShotgunFire3.wav	
removed-demo	b842b4d8a15c3dd47a66ac28e1ac5ed4	Assets/Feel/FeelDemos/CardsUI/Textures/Art/Feelcardsui Lady.webm	
removed-demo	8b80d96aef31b7b42927634a8a768ed6	Assets/Feel/MMFeedbacks/Demos/MMFeedbacksDemo/Materials/FeedbacksDemoGroundRocks.mat	
retained-guid	cc8d016f15b440144ac9fee01c995220	Assets/Feel/MMTools/Core/MMAttributes/MMLayerAttribute.cs	Assets/Scripts/ThirdParty/Feel/MMTools/Core/MMAttributes/MMLayerAttribute.cs
retained-guid	2f490f72b6ed6ae4d8b31cee2cac3de7	Assets/Feel/MMTools/Demos/MMTween/Fonts/Lato/SDF/Lato-Medium SDF.asset	Assets/Data/Feedback/Feel/MMTools/Demos/MMTween/Fonts/Lato/SDF/Lato-Medium SDF.asset
retained-guid	eab424a6e91496d4c9cc45c31adc7cc6	Assets/Feel/MMTools/Core/Editor/MMAttributes/MMBackgroundColorAttributeDrawer.cs	Assets/Scripts/ThirdParty/Feel/MMTools/Core/Editor/MMAttributes/MMBackgroundColorAttributeDrawer.cs
retained-guid	6f8f916bd4c5a444fa42e298d90f488d	Assets/Feel/MMTools/Foundation/MMAchievements/Scripts/MMAchievementList.cs	Assets/Scripts/ThirdParty/Feel/MMTools/Foundation/MMAchievements/Scripts/MMAchievementList.cs
retained-guid	9b4bf5a88d386b6428629ffc983eb62c	Assets/Feel/MMTools/Accessories/Editor/MMMovement/MMAutoRotateEditor.cs	Assets/Scripts/ThirdParty/Feel/MMTools/Accessories/Editor/MMMovement/MMAutoRotateEditor.cs
removed-demo	8b000dda6e5033841a878fe092a16c32	Assets/Feel/FeelDemos/Barbarians/Materials/FeelBarbarianEnemyHelmetMaterial.mat	
removed-demo	e7b8d3e8e58ffc24984b81ddbd5f9c29	Assets/Feel/MMFeedbacks/Demos/MMFeedbacksDemo/Models/Rock3.fbx	
retained-guid	98c0487264de9e14f8af4f1b03a224f0	Assets/Feel/MMFeedbacks/MMFeedbacksForThirdParty/URP/Shakers/MMVolumeBlendShaker_URP.cs	Assets/Scripts/ThirdParty/Feel/MMFeedbacks/MMFeedbacksForThirdParty/URP/Shakers/MMVolumeBlendShaker_URP.cs
removed-demo	4b427a3c8a75fe94298482285fe3eacd	Assets/Feel/MMTools/Demos/MMOrbitalCamera/MMOrbitalCamera.unity	
removed-demo	154496c98a10fd14aac98700fa7044bb	Assets/Feel/NiceVibrations/Demo/DemoAssets/EmphasisDemo/Scripts/EmphasisHapticsDemoManager.cs	
removed-demo	7fae6cb1e0ec9ab4dabf73686e5f0aa1	Assets/Feel/FeelDemos/Letters/Sprites/FeelLettersDemoE2.png	
removed-demo	45432766c446a60429db1c1c841cbada	Assets/Feel/FeelDemos/Springs/Materials/FeelSpringsUnlitGreyDots.mat	
retained-guid	b5cfff2a54f297f469c90648588cb9dc	Assets/Feel/MMTools/Accessories/MMVFX/MMRipple/MMRippleSaw1.mat	Assets/Art/Materials/Feel/MMTools/Accessories/MMVFX/MMRipple/MMRippleSaw1.mat
removed-demo	98d3d989fc57f3e4f861c5c5c5a60917	Assets/Feel/FeelDemos/Bounce/Materials/FeelBounceTrees1.mat	
removed-demo	27cad7f360ea1c64d9abfa0ed6554bb1	Assets/Feel/FeelDemosHDRP/Falcon/Textures/FeelFalconRockNormal.png	
removed-demo	00977836d35ea9c44ba9f73300203ff2	Assets/Feel/FeelDemos/Barbarians/Materials/FeelBarbarianTopDownRock.mat	
retained-guid	6a3a1491160f1b944b35c4ba60eaedb2	Assets/Feel/MMFeedbacks/MMFeedbacksForThirdParty/NiceVibrations/Feedbacks/MMF_NVControl.cs	Assets/Scripts/ThirdParty/Feel/MMFeedbacks/MMFeedbacksForThirdParty/NiceVibrations/Feedbacks/MMF_NVControl.cs
removed-demo	1f3ddd93a29900d4ab0f9b69bf02d29e	Assets/Feel/FeelDemos/Barbarians/Sounds/FeelBarbariansAttack1.wav	
retained-guid	5f351cd555ef38d4d8b69d8be107ce7f	Assets/Feel/MMTools/Core/MMAudio/MMSoundManager/MMSoundManagerSound.cs	Assets/Scripts/ThirdParty/Feel/MMTools/Core/MMAudio/MMSoundManager/MMSoundManagerSound.cs
retained-guid	05b2a6b602b3ef04c90ed55c3fa03450	Assets/Feel/MMFeedbacks/MMFeedbacksForThirdParty/PostProcessing/Springs/MMSpringChromaticAberrationIntensity.cs	Assets/Scripts/ThirdParty/Feel/MMFeedbacks/MMFeedbacksForThirdParty/PostProcessing/Springs/MMSpringChromaticAberrationIntensity.cs
removed-demo	5c82295af80bf15408d26df342d1271e	Assets/Feel/FeelDemos/Toaster/Models/FeelToasterToast.fbx	
retained-guid	b0397bb261ecd924ba0668927c40ba3a	Assets/Feel/MMTools/Core/MMSaveLoad/MMPersistent.cs	Assets/Scripts/ThirdParty/Feel/MMTools/Core/MMSaveLoad/MMPersistent.cs
retained-guid	685b5496a166328449da980c010a79f2	Assets/Feel/MMFeedbacks/MMFeedbacksForThirdParty/MMTools/Feedbacks/MMF_MMSoundManagerSaveLoad.cs	Assets/Scripts/ThirdParty/Feel/MMFeedbacks/MMFeedbacksForThirdParty/MMTools/Feedbacks/MMF_MMSoundManagerSaveLoad.cs
removed-demo	bd1c2dd792532d244b1f1fbfd5ebce2f	Assets/Feel/FeelDemos/Springs/Materials/FeelSpringsBarbariansHelmet1.mat	
removed-demo	ebbcbfff273fb437d9bb5b10069a7901	Assets/Feel/NiceVibrations/HapticSamples/Footsteps/FootstepGrass1.wav	
retained-guid	467db2a28dc1c6a45b450dc6d124de59	Assets/Feel/MMTools/Accessories/MMPrototypeTextures/MMBRP_Materials/MMBPR_GreenCrosses.mat	Assets/Art/Materials/Feel/MMTools/Accessories/MMPrototypeTextures/MMBRP_Materials/MMBPR_GreenCrosses.mat
retained-guid	9865be098e06f714091b51ba01ecec85	Assets/Feel/MMTools/Accessories/MMGUI/MMCountdown.cs	Assets/Scripts/ThirdParty/Feel/MMTools/Accessories/MMGUI/MMCountdown.cs
retained-guid	391d11fb65b61014eb313e127073582f	Assets/Feel/MMTools/Accessories/MMPrototypeTextures/MMBRP_Materials/MMBPR_BlueDots.mat	Assets/Art/Materials/Feel/MMTools/Accessories/MMPrototypeTextures/MMBRP_Materials/MMBPR_BlueDots.mat
removed-demo	c748dc42d80304422ab1afd7d62f1e5d	Assets/Feel/NiceVibrations/HapticSamples/Objects/SwitchHeavy1.haptic	
removed-demo	d8aaeff66f25b45d1af61ac93e540246	Assets/Feel/NiceVibrations/HapticSamples/Music/Tom1.wav	
removed-demo	1ecf85b167cc547beb5e448c3084fd7f	Assets/Feel/NiceVibrations/HapticSamples/Impacts/Wood3.wav	
removed-demo	bcccb1dbee2db4d4598ec4f227506175	Assets/Feel/FeelDemos/SquashAndStretch/Materials/FeelSquashAndStretchCarWindows.mat	
removed-demo	4ca0dd4a0b132db4c9e5e7f164b7d2c7	Assets/Feel/NiceVibrations/Demo/DemoAssets/CarDemo/Sprites/NVCar.png	
retained-guid	90a0e72c11dfcbe4f88bccc465c6a0cd	Assets/Feel/MMTools/Accessories/MMDebugMenu/Prefabs/MMDebugMenuChoicesTwo.prefab	Assets/Art/Prefabs/Feel/MMTools/Accessories/MMDebugMenu/Prefabs/MMDebugMenuChoicesTwo.prefab
retained-guid	d43a5cd3ef614ec46ae59135733b7d9c	Assets/Feel/MMTools/Core/MMHelpers/MMSerializableDictionary.cs	Assets/Scripts/ThirdParty/Feel/MMTools/Core/MMHelpers/MMSerializableDictionary.cs
retained-guid	13a276490eda9164f86cc22771d27073	Assets/Feel/MMFeedbacks/Editor/Core/UIToolkit/Textures/FeelGearIcon@2x.png	Assets/Art/UI/Feel/MMFeedbacks/Editor/Core/UIToolkit/Textures/FeelGearIcon@2x.png
removed-demo	ae6a11d25d0cb2b48aa36d9176875dce	Assets/Feel/MMFeedbacks/Demos/SequencingDemo/Materials/SequencerFabric06.mat	
removed-demo	12737a94889c737439a866490605ea4d	Assets/Feel/FeelDemos/UIToolkitFeedbacksDemo/Sprites/FeelUIToolkitFeedbacksDemoFace.png	
retained-guid	df7eb734a87468a40a9194761576a513	Assets/Feel/MMFeedbacks/MMFeedbacksForThirdParty/PostProcessing/Springs/MMSpringDepthOfFieldFocusDistance.cs	Assets/Scripts/ThirdParty/Feel/MMFeedbacks/MMFeedbacksForThirdParty/PostProcessing/Springs/MMSpringDepthOfFieldFocusDistance.cs
retained-guid	8117ecb7d1e9e3a49bf38e7ab2c09ff7	Assets/Feel/MMFeedbacks/MMFeedbacksForThirdParty/MMTools/Feedbacks/MMF_BroadcastProxy.cs	Assets/Scripts/ThirdParty/Feel/MMFeedbacks/MMFeedbacksForThirdParty/MMTools/Feedbacks/MMF_BroadcastProxy.cs
removed-demo	88ea752cd53264cdd8eb2ad769b8c19d	Assets/Feel/NiceVibrations/HapticSamples/SoundFX/MovieProjector1.haptic	
retained-guid	654c5cd449154d94b93dbf2fa93a6737	Assets/Feel/MMTools/Accessories/MMVFX/MMBrushes/MMBrush5.png	Assets/Art/Textures/Feel/MMTools/Accessories/MMVFX/MMBrushes/MMBrush5.png
retained-guid	d72d65b4a360e184da7662f4f4c6acc0	Assets/Feel/MMTools/Accessories/MMDebugMenu/Scripts/Tabs/MMDebugMenuTabContents.cs	Assets/Scripts/ThirdParty/Feel/MMTools/Accessories/MMDebugMenu/Scripts/Tabs/MMDebugMenuTabContents.cs
retained-guid	ae83134bbe174934c889c5969a608e7d	Assets/Feel/MMTools/Foundation/MMLoot/MMLoot.cs	Assets/Scripts/ThirdParty/Feel/MMTools/Foundation/MMLoot/MMLoot.cs
retained-guid	97f57704667c5aa4586dab47e71ecade	Assets/Feel/MMFeedbacks/MMFeedbacksForThirdParty/PostProcessing/Feedbacks/MMF_Vignette.cs	Assets/Scripts/ThirdParty/Feel/MMFeedbacks/MMFeedbacksForThirdParty/PostProcessing/Feedbacks/MMF_Vignette.cs
retained-guid	309cd98b547c14b48b9f1c523a6fdc26	Assets/Feel/NiceVibrations/Scripts/Components/JNIHelpers.cs	Assets/Scripts/ThirdParty/Feel/NiceVibrations/Scripts/Components/JNIHelpers.cs
removed-demo	2e3ff3919f6749446b2aed1782b493ce	Assets/Feel/MMFeedbacks/Demos/SequencingDemo/Textures/Carpet05_col.png	
removed-demo	844721accbc9f5744adc1f72590ea4f5	Assets/Feel/NiceVibrations/Demo/Common/Prefabs/PaginationDot.prefab	
retained-guid	e3bc05dce75bc334eac3d6b4cc83f92f	Assets/Feel/MMFeedbacks/MMFeedbacks/MMFloatingText/Prefabs/MMFloatingText.prefab	Assets/Art/Prefabs/Feel/MMFeedbacks/MMFeedbacks/MMFloatingText/Prefabs/MMFloatingText.prefab
removed-demo	b6374e887542a044499c8d3dee33e13a	Assets/Feel/NiceVibrations/Demo/DemoAssets/HapticClipsDemo/Animations/ShakingAnimation.anim	
removed-demo	f387d7390bcfb5547a998be6fe4911af	Assets/Feel/FeelDemos/Brass/Prefabs/FeelBrassGroundCube.prefab	
retained-guid	3abc70b7028a09449b0976268deba80b	Assets/Feel/MMFeedbacks/MMFeedbacksForThirdParty/NiceVibrations/Feedbacks/Legacy/MMFeedbackNVSettings.cs	Assets/Scripts/ThirdParty/Feel/MMFeedbacks/MMFeedbacksForThirdParty/NiceVibrations/Feedbacks/Legacy/MMFeedbackNVSettings.cs
removed-demo	111ceb42462404e47baaa3d80b414351	Assets/Feel/FeelDemos/Barbarians/Sounds/FeelBarbariansGrunt6.wav	
removed-demo	f35c236fc97db4309b80d8b34da60785	Assets/Feel/NiceVibrations/HapticSamples/Impacts/Body2.wav	
retained-guid	d53cd4050c2c9b842864f89ad97c8a83	Assets/Feel/MMTools/Accessories/MMShaders/MM2DReflection_URP.shader	Assets/Art/Shaders/Feel/MMTools/Accessories/MMShaders/MM2DReflection_URP.shader
removed-demo	23e7ff831b2236a49850ade7b52c289e	Assets/Feel/MMFeedbacks/Demos/SequencingDemo/Textures/Tiles65_AO.png	
removed-demo	6d520839b7deb4c459ba85fd74cf2c18	Assets/Feel/NiceVibrations/Demo/DemoAssets/HapticClipsDemo/Sounds/NVDice.wav	
retained-guid	2192c456bb84f804aa4b04b6c64a7acb	Assets/Feel/MMFeedbacks/MMFeedbacksForThirdParty/TextMeshPro/MMFloatingText/MMFloatingTextMeshPro.cs	Assets/Scripts/ThirdParty/Feel/MMFeedbacks/MMFeedbacksForThirdParty/TextMeshPro/MMFloatingText/MMFloatingTextMeshPro.cs
removed-demo	d305ed9e1cf6574429a47dfe3336eac3	Assets/Feel/FeelDemos/Snake/Prefabs/SnakeBodyPart.prefab	
removed-demo	ae38caa2656ad9b4dbb0c95f4364240d	Assets/Feel/FeelDemos/Barbarians/Materials/FeelBarbarianTopDownGrass.mat	
retained-guid	8f249c8f8a47aba49964aa06c41068bd	Assets/Feel/MMFeedbacks/MMFeedbacks/Springs/Core/Components/MMSpringVector4Component.cs	Assets/Scripts/ThirdParty/Feel/MMFeedbacks/MMFeedbacks/Springs/Core/Components/MMSpringVector4Component.cs
retained-guid	8f7de9ef06f04864391a928af29f4b46	Assets/Feel/MMTools/Core/MMTimeManager/MMTimeManager.cs	Assets/Scripts/ThirdParty/Feel/MMTools/Core/MMTimeManager/MMTimeManager.cs
removed-demo	ccdc1026f90774226b4c0759093380b3	Assets/Feel/NiceVibrations/HapticSamples/ApplicationUX/Award1.wav	
retained-guid	0e88eb20b861cbc49b096ad2baac77cb	Assets/Feel/MMTools/Core/Editor/MMAttributes/MMEnumConditionAttributeDrawer.cs	Assets/Scripts/ThirdParty/Feel/MMTools/Core/Editor/MMAttributes/MMEnumConditionAttributeDrawer.cs
retained-guid	627c672fde1366f4ba7e81dbe83a464c	Assets/Feel/MMFeedbacks/MMFeedbacks/Springs/Feedbacks/MMF_SpringVector4.cs	Assets/Scripts/ThirdParty/Feel/MMFeedbacks/MMFeedbacks/Springs/Feedbacks/MMF_SpringVector4.cs
retained-guid	34b4cd3e51e31a0408ff86e5c9f7568a	Assets/Feel/MMTools/Accessories/MMVFX/MMRamps/MMRamp2.png	Assets/Art/Textures/Feel/MMTools/Accessories/MMVFX/MMRamps/MMRamp2.png
retained-guid	9a55bdc9c20a8d640a83b706174628dd	Assets/Feel/MMFeedbacks/Authorizations/MoreMountains.Feedbacks.Authorizations.asmref	Assets/Scripts/ThirdParty/Feel/MMFeedbacks/Authorizations/MoreMountains.Feedbacks.Authorizations.asmref
removed-demo	bff38240c5b5c4943b42241093c29f57	Assets/Feel/FeelDemos/Tactical/Materials/FeelTacticalMuzzleflashMaterial.mat	
retained-guid	ca735d93c2b69c247951881f5d6f1be2	Assets/Feel/MMTools/Accessories/MMSprites/MMLineRendererDriver.cs	Assets/Scripts/ThirdParty/Feel/MMTools/Accessories/MMSprites/MMLineRendererDriver.cs
removed-demo	f639e61dd44ef481583e240c959848d9	Assets/Feel/NiceVibrations/HapticSamples/Objects/SwitchHeavy1.wav	
retained-guid	81cf12de3b3c98d489779a3382046725	Assets/Feel/MMFeedbacks/MMFeedbacksForThirdParty/PostProcessing/Shakers/MMVignetteShaker.cs	Assets/Scripts/ThirdParty/Feel/MMFeedbacks/MMFeedbacksForThirdParty/PostProcessing/Shakers/MMVignetteShaker.cs
retained-guid	9d7191dea72ef72449889a6e04ba83a9	Assets/Feel/MMFeedbacks/MMFeedbacks/Feedbacks/MMF_TextColor.cs	Assets/Scripts/ThirdParty/Feel/MMFeedbacks/MMFeedbacks/Feedbacks/MMF_TextColor.cs
removed-demo	bb58b8bcb7b484d409214ea4d9a262a4	Assets/Feel/FeelDemos/ParallaxUI/Sprites/FeelParallaxUITrees1.png	
removed-demo	5a869e67b96944f83be76a0f7896ad47	Assets/Feel/NiceVibrations/HapticSamples/Impacts/BulletCrack3.wav	
retained-guid	72a2a5d57dd0b2448878bd2a00c7cb51	Assets/Feel/MMTools/Core/MMSceneLoading/Sprites/LoadingAnimationComplete.anim	Assets/Art/Animations/Feel/MMTools/Core/MMSceneLoading/Sprites/LoadingAnimationComplete.anim
retained-guid	150c5cade457df34bad2938a9cebc395	Assets/Feel/MMTools/Core/MMHelpers/MMUIToolkit.cs	Assets/Scripts/ThirdParty/Feel/MMTools/Core/MMHelpers/MMUIToolkit.cs
retained-guid	356e077c6b0c8614fa08b93f8099bedf	Assets/Feel/MMFeedbacks/Editor/Sequencing/MMInputSequenceRecorderEditor.cs	Assets/Scripts/ThirdParty/Feel/MMFeedbacks/Editor/Sequencing/MMInputSequenceRecorderEditor.cs
removed-demo	06c82d171c672a241952a2b57940baed	Assets/Feel/MMFeedbacks/Demos/MMFeedbacksDemo/Animations/FeedbackDemoGhostAnimator.controller	
retained-guid	30999785952518745bcc38ddb320af2f	Assets/Feel/MMTools/Accessories/MMVFX/MMRipple/MMRippleSquare1.mat	Assets/Art/Materials/Feel/MMTools/Accessories/MMVFX/MMRipple/MMRippleSquare1.mat
retained-guid	e98a6cfb8386a479a8a5c3ded1f05862	Assets/Feel/NiceVibrations/Scripts/Components/HapticPatterns.cs	Assets/Scripts/ThirdParty/Feel/NiceVibrations/Scripts/Components/HapticPatterns.cs
retained-guid	2b0d2c9595529ed47a73e3b75de4eae6	Assets/Feel/MMTools/Core/MMTween/MMSignal.cs	Assets/Scripts/ThirdParty/Feel/MMTools/Core/MMTween/MMSignal.cs
removed-demo	bbd1a94a71bfd4c419bdb35055a38cec	Assets/Feel/FeelDemos/Snake/Sprites/FeelSnakeBodyPart.png	
removed-demo	a7018f6c622944248974c76b04c26d1f	Assets/Feel/FeelDemos/MMProgressBar/PostProcessing/FeelMMProgressBarPPProfile_URP.asset	
removed-demo	5e4655ec53a3491479570fc11c155acb	Assets/Feel/FeelDemos/MMSoundManager/Playlists/PlaylistB.asset	
removed-demo	696054e9657662b4aadf57bec27bf7e2	Assets/Feel/FeelDemos/Barbarians/Scripts/BarbarianEnemy.cs	
retained-guid	b8671651c483f78429d998c7d9f5827f	Assets/Feel/MMFeedbacks/MMFeedbacks/Springs/Springs/MMSpringSpriteColor.cs	Assets/Scripts/ThirdParty/Feel/MMFeedbacks/MMFeedbacks/Springs/Springs/MMSpringSpriteColor.cs
retained-guid	9e5ef4e0e1b94c54b97bc6387c8009bd	Assets/Feel/MMFeedbacks/MMFeedbacksForThirdParty/MMTools/Feedbacks/MMF_DebugComment.cs	Assets/Scripts/ThirdParty/Feel/MMFeedbacks/MMFeedbacksForThirdParty/MMTools/Feedbacks/MMF_DebugComment.cs
retained-guid	a083e52b3b6964a0d88af5b74900af5e	Assets/Feel/MMTools/Core/MMAttributes/MMInformationAttribute.cs	Assets/Scripts/ThirdParty/Feel/MMTools/Core/MMAttributes/MMInformationAttribute.cs
removed-demo	eba09c7fb206e1b47b85a4ffce19e895	Assets/Feel/MMFeedbacks/Demos/SequencingDemo/Textures/Tiles44_col.png	
removed-demo	78f0362f9fdbe4b4f9323fcf5f956bfa	Assets/Feel/MMFeedbacks/Demos/SequencingDemo/Textures/Facade02_met.png	
removed-demo	e518eebeef9e18046b0db9c3132c733f	Assets/Feel/FeelDemos/Bounce/Materials/FeelBounceSkybox.mat	
removed-demo	753e829d4a525284c97cae6616909195	Assets/Feel/FeelDemos/Brass/FeelBrass.unity	
removed-demo	f29e58f894ff83e4cb45c81f33425b53	Assets/Feel/FeelDemos/CardsUI/Prefabs/FeelCardsUI_Card.prefab	
retained-guid	31b8f52d70379eb439f5a4ca78a1413b	Assets/Feel/MMTools/Accessories/MMShaders/MMZTestAlways.shader	Assets/Art/Shaders/Feel/MMTools/Accessories/MMShaders/MMZTestAlways.shader
retained-guid	bae8ea1d0fd577d4b8a4adf809027eee	Assets/Feel/MMFeedbacks/MMFeedbacks/MMFloatingText/MMFloatingText.cs	Assets/Scripts/ThirdParty/Feel/MMFeedbacks/MMFeedbacks/MMFloatingText/MMFloatingText.cs
retained-guid	2436c2ba147129746badf6cfa2ee2d1b	Assets/Feel/MMFeedbacks/MMFeedbacksForThirdParty/Cinemachine/Shakers/MMCinemachinePriorityBrainListener.cs	Assets/Scripts/ThirdParty/Feel/MMFeedbacks/MMFeedbacksForThirdParty/Cinemachine/Shakers/MMCinemachinePriorityBrainListener.cs
retained-guid	04189ce672fd8c349b61eb900b1dc0ec	Assets/Feel/MMFeedbacks/MMFeedbacksForThirdParty/PostProcessing/Shakers/MMBloomShaker.cs	Assets/Scripts/ThirdParty/Feel/MMFeedbacks/MMFeedbacksForThirdParty/PostProcessing/Shakers/MMBloomShaker.cs
retained-guid	58ec23fbdf517a348851de2bb297888e	Assets/Feel/MMTools/Accessories/Editor/MMActivation/MMTriggerAndCollisionEditor.cs	Assets/Scripts/ThirdParty/Feel/MMTools/Accessories/Editor/MMActivation/MMTriggerAndCollisionEditor.cs
removed-demo	731794f528315c84cb94474206d7e1fe	Assets/Feel/MMTools/Demos/MMTween/Materials/MMPlotterPointMaterial 5.mat	
removed-demo	f7043b7291f49844b9671b3d3dedcbb5	Assets/Feel/FeelDemos/CardsUI/Textures/UI/FeelCardsUI_StatIcons.png	
removed-demo	5d0cc3234b24b3d4bbca5bf8f9f73af3	Assets/Feel/FeelDemos/Duck/Animations/FeelDuckJumpAnimation.anim	
retained-guid	9fae850c6f63b97429e2eecf9e605965	Assets/Feel/MMTools/Core/MMObservable/MMObservable.cs	Assets/Scripts/ThirdParty/Feel/MMTools/Core/MMObservable/MMObservable.cs
retained-guid	3ca4d2f306ccea545b06ae7c31441886	Assets/Feel/MMTools/Demos/MMTween/Fonts/Lato/SDF/Lato-Thin SDF.asset	Assets/Data/Feedback/Feel/MMTools/Demos/MMTween/Fonts/Lato/SDF/Lato-Thin SDF.asset
retained-guid	a4aae7df61e7da94d9c2215e2527012f	Assets/Feel/MMFeedbacks/MMFeedbacksForThirdParty/VisualEffectGraph/Feedbacks/MMF_VisualEffectSetProperty.cs	Assets/Scripts/ThirdParty/Feel/MMFeedbacks/MMFeedbacksForThirdParty/VisualEffectGraph/Feedbacks/MMF_VisualEffectSetProperty.cs
removed-demo	8bb3a26eeba4ea9419ea6d5b9a4805f4	Assets/Feel/MMTools/Demos/MMTween/Fonts/Lato/TTF/Lato-SemiboldItalic.ttf	
removed-demo	db7781ef32c696d40b0abd6335c8b739	Assets/Feel/MMTools/Demos/MMTween/Materials/MMPlotterCurvePointMaterial.mat	
retained-guid	fa659f9a4e4d1ac44942408d91a6d90c	Assets/Feel/MMFeedbacks/MMFeedbacksForThirdParty/HDRP/Shakers/MMWhiteBalanceShaker_HDRP.cs	Assets/Scripts/ThirdParty/Feel/MMFeedbacks/MMFeedbacksForThirdParty/HDRP/Shakers/MMWhiteBalanceShaker_HDRP.cs
removed-demo	6582f34ddd5f686408c019550cd94c9d	Assets/Feel/FeelDemos/Springs/Textures/FeelSpringsDemoLittleDudes.png	
retained-guid	d6822e89519d32f4898fafd42f78e8fe	Assets/Feel/MMTools/Demos/MMTween/Fonts/Lato/OFL.txt	Assets/Documentation/Feel/MMTools/Demos/MMTween/Fonts/Lato/OFL.txt
retained-guid	74e91560821f43e47a56cefccaf584cc	Assets/Feel/MMFeedbacks/MMFeedbacksForThirdParty/HDRP/Shakers/MMColorAdjustmentsShaker_HDRP.cs	Assets/Scripts/ThirdParty/Feel/MMFeedbacks/MMFeedbacksForThirdParty/HDRP/Shakers/MMColorAdjustmentsShaker_HDRP.cs
removed-demo	290dd4c1c6fb66b44ba29569799c8347	Assets/Feel/NiceVibrations/Demo/DemoAssets/WobbleDemo/Animations/WobbleSpark.anim	
removed-demo	0ce7f6efc221b46b094abaf2f1536054	Assets/Feel/NiceVibrations/HapticSamples/Weapons/DistanceGunShot1.haptic	
removed-demo	6e044c899ad224c49a365cf038dc3dd0	Assets/Feel/MMFeedbacks/Demos/MMFeedbacksDemo/Materials/FeedbacksDemoRed.mat	
retained-guid	40eb84ddcba91054fa1432576815aa6b	Assets/Feel/MMTools/Foundation/Editor/MMAI/AITransitionInspectorDrawer.cs	Assets/Scripts/ThirdParty/Feel/MMTools/Foundation/Editor/MMAI/AITransitionInspectorDrawer.cs
removed-demo	c0d9af3227900cb419c718baff4d368f	Assets/Feel/FeelDemos/Snake/Materials/FeelSnakeWhiteParticlesMaterial.mat	
removed-demo	8484d859781934d68aeb95578a86949f	Assets/Feel/NiceVibrations/HapticSamples/SoundFX/CarScreech2.wav	
retained-guid	4a8a0c934ca68d7418c2a935f4d8f7c7	Assets/Feel/MMFeedbacks/MMFeedbacksForThirdParty/HDRP/Feedbacks/MMF_ChannelMixer_HDRP.cs	Assets/Scripts/ThirdParty/Feel/MMFeedbacks/MMFeedbacksForThirdParty/HDRP/Feedbacks/MMF_ChannelMixer_HDRP.cs
removed-demo	72a8c11f7795a064fae15e2fe8631436	Assets/Feel/FeelDemos/Letters/Sounds/FeelLettersDemoHa3.wav	
removed-demo	11099301dcabcc84ba181cc607910bd3	Assets/Feel/FeelDemos/Barbarians/Lighting/FeelBarbariansSettings.lighting	
removed-demo	e15f73246d215fb418ab73bf265c21b1	Assets/Feel/FeelDemos/CardsUI/Textures/UI/FeelCardsUI_Background.png	
removed-demo	a3b5426862ac8458fbde2bd74cc5ebe6	Assets/Feel/NiceVibrations/HapticSamples/Weapons/PistolLoad3.haptic	
retained-guid	2e883a990b855be4eb85a58f732c8ea7	Assets/Feel/MMTools/Accessories/MMShaders/MMMatcap.shader	Assets/Art/Shaders/Feel/MMTools/Accessories/MMShaders/MMMatcap.shader
removed-demo	16717e03acb0b49f88b3c4a92f46b108	Assets/Feel/NiceVibrations/HapticSamples/Objects/Book3.wav	
retained-guid	5f7cb0ced88db4af08a2dd3945067cd7	Assets/Feel/NiceVibrations/Scripts/Components/Resources/nv-emphasis-template.txt	Assets/Data/Feedback/Feel/NiceVibrations/Scripts/Components/Defaults/nv-emphasis-template.txt
retained-guid	15ea18286341f8e4aa898fb1b8eb2cfa	Assets/Feel/MMFeedbacks/MMFeedbacksForThirdParty/HDRP/Springs/MMSpringVignetteColor_HDRP.cs	Assets/Scripts/ThirdParty/Feel/MMFeedbacks/MMFeedbacksForThirdParty/HDRP/Springs/MMSpringVignetteColor_HDRP.cs
retained-guid	cc036f4444084764c84eeffc8fa2f5f6	Assets/Feel/MMFeedbacks/MMFeedbacks/Feedbacks/MMF_Sprite.cs	Assets/Scripts/ThirdParty/Feel/MMFeedbacks/MMFeedbacks/Feedbacks/MMF_Sprite.cs
retained-guid	2c7c529377dc843a9a2316262550c4d6	Assets/Feel/MMTools/Foundation/MMAchievements/Scripts/MMAchievementRules.cs	Assets/Scripts/ThirdParty/Feel/MMTools/Foundation/MMAchievements/Scripts/MMAchievementRules.cs
retained-guid	0585acb66fc8f9d40a59342095941c09	Assets/Feel/MMFeedbacks/MMFeedbacksForThirdParty/UIToolkit/Feedbacks/MMF_UIToolkitStylesheet.cs	Assets/Scripts/ThirdParty/Feel/MMFeedbacks/MMFeedbacksForThirdParty/UIToolkit/Feedbacks/MMF_UIToolkitStylesheet.cs
removed-demo	3b9e073ee03f6614898a81df8af9c7ef	Assets/Feel/FeelDemos/MMProgressBar/Sprites/FeelMMProgressBarRadialOutline.png	
retained-guid	45c7b8525ec6efc459e80a97bb09c688	Assets/Feel/MMFeedbacks/MMFeedbacksForThirdParty/TextMeshPro/Feedbacks/MMF_TMPTextReveal.cs	Assets/Scripts/ThirdParty/Feel/MMFeedbacks/MMFeedbacksForThirdParty/TextMeshPro/Feedbacks/MMF_TMPTextReveal.cs
