action	guid	from	to
move	109174f54ddf71a4fbe62bf30e9cf0e0	Assets/Feel/MMTools/Core/MMSceneLoading/Sprites/LoadingCompleteAnimation.png	Assets/Art/Textures/Feel/MMTools/Core/MMSceneLoading/Sprites/LoadingCompleteAnimation.png
move	30999785952518745bcc38ddb320af2f	Assets/Feel/MMTools/Accessories/MMVFX/MMRipple/MMRippleSquare1.mat	Assets/Art/Materials/Feel/MMTools/Accessories/MMVFX/MMRipple/MMRippleSquare1.mat
move	40702ed620cf055428c35adf00a2c9b1	Assets/Feel/MMTools/Accessories/MMPrototypeTextures/MMBRP_Materials/MMBPR_RedDots.mat	Assets/Art/Materials/Feel/MMTools/Accessories/MMPrototypeTextures/MMBRP_Materials/MMBPR_RedDots.mat
move	40ebbdf2c7a17d342843431f58d3e892	Assets/Feel/MMTools/Accessories/MMPrototypeTextures/MMBRP_Materials/MMBPR_GreenFrame.mat	Assets/Art/Materials/Feel/MMTools/Accessories/MMPrototypeTextures/MMBRP_Materials/MMBPR_GreenFrame.mat
move	503457306a89e2340857fde6c3f196e8	Assets/Feel/MMTools/Accessories/MMVFX/MMBrushes/MMBrush3.png	Assets/Art/Textures/Feel/MMTools/Accessories/MMVFX/MMBrushes/MMBrush3.png
move	50fa4744924e36d4d86ab98952c0207b	Assets/Feel/MMTools/Accessories/MMVFX/MMBrushes/MMBrush2.png	Assets/Art/Textures/Feel/MMTools/Accessories/MMVFX/MMBrushes/MMBrush2.png
move	50ff9811d84ffeb42b11f0d57157a346	Assets/Feel/MMTools/Accessories/MMPrototypeTextures/MMBRP_Materials/MMBPR_LightGreyCrosses.mat	Assets/Art/Materials/Feel/MMTools/Accessories/MMPrototypeTextures/MMBRP_Materials/MMBPR_LightGreyCrosses.mat
move	7015f2d2ce595844e9fe6e0c3bd8d27b	Assets/Feel/NiceVibrations/Demo/Common/Fonts/BIG JOHN.otf	Assets/Art/Fonts/Feel/NiceVibrations/Demo/Common/Fonts/BIG JOHN.otf
move	804c003da46ec914e80badaf93e6d2da	Assets/Feel/MMTools/Accessories/MMDebugMenu/Prefabs/MMDebugMenuChoicesThree.prefab	Assets/Art/Prefabs/Feel/MMTools/Accessories/MMDebugMenu/Prefabs/MMDebugMenuChoicesThree.prefab
move	80be1ec3d14da9c489fbefa63b82915f	Assets/Feel/MMTools/Accessories/MMDebugMenu/Prefabs/MMDebugMenuTitle.prefab	Assets/Art/Prefabs/Feel/MMTools/Accessories/MMDebugMenu/Prefabs/MMDebugMenuTitle.prefab
move	90a0e72c11dfcbe4f88bccc465c6a0cd	Assets/Feel/MMTools/Accessories/MMDebugMenu/Prefabs/MMDebugMenuChoicesTwo.prefab	Assets/Art/Prefabs/Feel/MMTools/Accessories/MMDebugMenu/Prefabs/MMDebugMenuChoicesTwo.prefab
move	e0e8a571ef6fce34890952889b35afda	Assets/Feel/MMTools/Accessories/MMPrototypeTextures/MMBRP_Materials/MMBPR_BlueFrame.mat	Assets/Art/Materials/Feel/MMTools/Accessories/MMPrototypeTextures/MMBRP_Materials/MMBPR_BlueFrame.mat
move	e0e80ff7156603346bbdc8c121863234	Assets/Feel/MMTools/Accessories/MMVFX/MMRipple/MMRippleBubble1.mat	Assets/Art/Materials/Feel/MMTools/Accessories/MMVFX/MMRipple/MMRippleBubble1.mat
move	01d51756b98901e41956185e673e6f18	Assets/Feel/MMTools/Accessories/MMPrototypeTextures/MMBRP_Materials/MMBPR_LightGreySquares.mat	Assets/Art/Materials/Feel/MMTools/Accessories/MMPrototypeTextures/MMBRP_Materials/MMBPR_LightGreySquares.mat
move	010b82bc895978049b69aaf4b855d7ab	Assets/Feel/MMTools/Demos/MMTween/Fonts/Lato/TTF/Lato-Heavy.ttf	Assets/Art/Fonts/Feel/MMTools/Demos/MMTween/Fonts/Lato/TTF/Lato-Heavy.ttf
move	21b28f3ee4b3c13408ed85c229008f40	Assets/Feel/MMTools/Accessories/MMShaders/MMSkybox.shader	Assets/Art/Shaders/Feel/MMTools/Accessories/MMShaders/MMSkybox.shader
move	2178326803c98c949a3bad7b06f340c2	Assets/Feel/MMTools/Accessories/MMVFX/MMRamps/MMRamp0.png	Assets/Art/Textures/Feel/MMTools/Accessories/MMVFX/MMRamps/MMRamp0.png
move	31b8f52d70379eb439f5a4ca78a1413b	Assets/Feel/MMTools/Accessories/MMShaders/MMZTestAlways.shader	Assets/Art/Shaders/Feel/MMTools/Accessories/MMShaders/MMZTestAlways.shader
move	4113553176e622441936eaf5a3cfd2ae	Assets/Feel/MMTools/Accessories/MMPrototypeTextures/Textures/MMProtoTextures/MMProtoTextures_DarkGreyCrosses.png	Assets/Art/Textures/Feel/MMTools/Accessories/MMPrototypeTextures/Textures/MMProtoTextures/MMProtoTextures_DarkGreyCrosses.png
move	41bf52f013b5cfe4294a3ca9ade7a8a5	Assets/Feel/MMTools/Accessories/MMVFX/MMRamps/MMRamp5.png	Assets/Art/Textures/Feel/MMTools/Accessories/MMVFX/MMRamps/MMRamp5.png
move	51a1aa396f4dea44fbb24fc6076c78b8	Assets/Feel/MMTools/Demos/MMTween/Fonts/Lato/SDF/Lato-Heavy SDF.asset	Assets/Data/Feedback/Feel/MMTools/Demos/MMTween/Fonts/Lato/SDF/Lato-Heavy SDF.asset
move	517afba2f824eb244b94a340fe47a650	Assets/Feel/MMTools/Accessories/MMVFX/MMBloomDirt/MMBloomDirt2.png	Assets/Art/Textures/Feel/MMTools/Accessories/MMVFX/MMBloomDirt/MMBloomDirt2.png
move	8101c376367d6e44f84e602722e5ac10	Assets/Feel/MMTools/Core/MMSceneLoading/LoadingScreens/MMAdditiveLoadingScreenFastFade.unity	Assets/Scenes/Feel/MMTools/Core/MMSceneLoading/LoadingScreens/MMAdditiveLoadingScreenFastFade.unity
move	816fe783c3103644790f46de0cbeb161	Assets/Feel/MMTools/Accessories/MMPrototypeTextures/MMBRP_Materials/MMBPR_RedCrosses.mat	Assets/Art/Materials/Feel/MMTools/Accessories/MMPrototypeTextures/MMBRP_Materials/MMBPR_RedCrosses.mat
move	911c22680cab39842bdcfa0232128182	Assets/Feel/MMTools/Accessories/MMVFX/MMParticles/MMParticlesSlash.png	Assets/Art/Textures/Feel/MMTools/Accessories/MMVFX/MMParticles/MMParticlesSlash.png
move	a1a494236fc81314c8aa9585a019ccdc	Assets/Feel/MMTools/Accessories/MMVFX/MMRipple/MMRippleCircle1.mat	Assets/Art/Materials/Feel/MMTools/Accessories/MMVFX/MMRipple/MMRippleCircle1.mat
move	b10fa324c4770c94487f925443368d5c	Assets/Feel/MMTools/Core/MMSceneLoading/Sprites/LoadingAnimation.controller	Assets/Art/Animations/Feel/MMTools/Core/MMSceneLoading/Sprites/LoadingAnimation.controller
move	c1275323e6f00d240970de428ca9fe70	Assets/Feel/MMTools/Accessories/MMVFX/MMNoise/MMBlueNoise.png	Assets/Art/Textures/Feel/MMTools/Accessories/MMVFX/MMNoise/MMBlueNoise.png
move	c14ab46a507c8324c8b54e6a3fdc2b0e	Assets/Feel/MMFeedbacks/Editor/Resources/MMF_PlayerConfiguration.asset	Assets/Data/Feedback/Feel/MMFeedbacks/Editor/Defaults/MMF_PlayerConfiguration.asset
move	c1bea42a5942a4c09a3ecd393f6054aa	Assets/Feel/MMFeedbacks/MMFeedbacksForThirdParty/PostProcessing/Resources/MMDefaultPostProcessingProfile.asset	Assets/Data/Feedback/Feel/MMFeedbacks/MMFeedbacksForThirdParty/PostProcessing/Defaults/MMDefaultPostProcessingProfile.asset
move	d19e7892e1d87fb4fb8433ec887fb8cc	Assets/Feel/MMTools/Accessories/MMPrototypeTextures/MMBRP_Materials/MMBPR_GreenDots.mat	Assets/Art/Materials/Feel/MMTools/Accessories/MMPrototypeTextures/MMBRP_Materials/MMBPR_GreenDots.mat
move	f1903e6193958b64fa94ec29152e3122	Assets/Feel/MMTools/Accessories/MMVFX/MMRipple/MMRipple.prefab	Assets/Art/Prefabs/Feel/MMTools/Accessories/MMVFX/MMRipple/MMRipple.prefab
move	f1d51ed493a42ad4789ff2be401e8b43	Assets/Feel/MMTools/Accessories/MMVFX/MMNoise/MMBrushNoise.png	Assets/Art/Textures/Feel/MMTools/Accessories/MMVFX/MMNoise/MMBrushNoise.png
move	1297af1e1808f5a48b35411d71934370	Assets/Feel/MMTools/Accessories/MMGUI/Materials/MMFaderRoundMaterialMasked.mat	Assets/Art/Materials/Feel/MMTools/Accessories/MMGUI/Materials/MMFaderRoundMaterialMasked.mat
move	5202bb69e6dc1a44cacdac58197df245	Assets/Feel/MMTools/Core/MMReorderableList/reorderable-list-licence.txt	Assets/Documentation/Feel/MMTools/Core/MMReorderableList/reorderable-list-licence.txt
move	626a9fe06209d574da486d5d818915f2	Assets/Feel/MMTools/Accessories/MMDebugMenu/Prefabs/MMDebugTouchDisplayPrefab.prefab	Assets/Art/Prefabs/Feel/MMTools/Accessories/MMDebugMenu/Prefabs/MMDebugTouchDisplayPrefab.prefab
move	72a2a5d57dd0b2448878bd2a00c7cb51	Assets/Feel/MMTools/Core/MMSceneLoading/Sprites/LoadingAnimationComplete.anim	Assets/Art/Animations/Feel/MMTools/Core/MMSceneLoading/Sprites/LoadingAnimationComplete.anim
move	72c581fb2cdf1344f9da353c3f78ccd0	Assets/Feel/MMTools/Accessories/MMPrototypeTextures/Textures/MMProtoTextures/MMProtoTextures_GreenDots.png	Assets/Art/Textures/Feel/MMTools/Accessories/MMPrototypeTextures/Textures/MMProtoTextures/MMProtoTextures_GreenDots.png
move	72c72b2c72465e04ab1e30491d0bf708	Assets/Feel/MMTools/Accessories/MMVFX/MMRipple/MMRippleSpiral1NM.png	Assets/Art/Textures/Feel/MMTools/Accessories/MMVFX/MMRipple/MMRippleSpiral1NM.png
move	72f7a32ac9c7676409eb438757bc6b4a	Assets/Feel/MMTools/Accessories/MMDebugMenu/Sprites/MMDebugMenuSpritesheet.png	Assets/Art/Textures/Feel/MMTools/Accessories/MMDebugMenu/Sprites/MMDebugMenuSpritesheet.png
move	8274e1a60f17f4e4890fc0814db5e357	Assets/Feel/MMTools/Accessories/MMPrototypeTextures/Textures/MMProtoTextures/MMProtoTextures_DarkGreyDots.png	Assets/Art/Textures/Feel/MMTools/Accessories/MMPrototypeTextures/Textures/MMProtoTextures/MMProtoTextures_DarkGreyDots.png
move	82c42a0b06f4f684db1ee2c535fb985c	Assets/Feel/MMTools/Accessories/MMShaders/MMAdvancedToon.shader	Assets/Art/Shaders/Feel/MMTools/Accessories/MMShaders/MMAdvancedToon.shader
move	82e4fa932e1d3c149a960deb3e3144f5	Assets/Feel/NiceVibrations/OlderVersions/v2.0.1/NiceVibrations-v-2-0-1-readme.txt	Assets/Documentation/Feel/NiceVibrations/OlderVersions/v2.0.1/NiceVibrations-v-2-0-1-readme.txt
move	82c9d5c8726c57249b51c39e76eee072	Assets/Feel/MMFeedbacks/Editor/Sequencing/Resources/SequencerDotBackground.png	Assets/Art/UI/Feel/MMFeedbacks/Editor/Sequencing/Defaults/SequencerDotBackground.png
move	c23294d57f74bea4b9a439f033a6bf15	Assets/Feel/MMFeedbacks/Editor/Core/UIToolkit/Textures/TopToBottomIcon@2x.png	Assets/Art/UI/Feel/MMFeedbacks/Editor/Core/UIToolkit/Textures/TopToBottomIcon@2x.png
move	c24966fa1ab8c204386b20706d166d8d	Assets/Feel/MMTools/Accessories/MMVFX/MMBloomDirt/MMBloomDirt4.png	Assets/Art/Textures/Feel/MMTools/Accessories/MMVFX/MMBloomDirt/MMBloomDirt4.png
move	d231e18e55f422349931d83925fdece0	Assets/Feel/MMTools/Accessories/MMVFX/MMParticles/MMParticlesLight.png	Assets/Art/Textures/Feel/MMTools/Accessories/MMVFX/MMParticles/MMParticlesLight.png
move	e2370f782aa1d374a8b4b05c11d259ea	Assets/Feel/MMTools/Accessories/MMPrototypeTextures/MMBRP_Materials/MMBPR_DarkGreySquares.mat	Assets/Art/Materials/Feel/MMTools/Accessories/MMPrototypeTextures/MMBRP_Materials/MMBPR_DarkGreySquares.mat
move	f2f0b25301bf93e43ac5ecc33208a420	Assets/Feel/MMTools/Accessories/MMDebugMenu/Prefabs/MMDebugMenuTabContents.prefab	Assets/Art/Prefabs/Feel/MMTools/Accessories/MMDebugMenu/Prefabs/MMDebugMenuTabContents.prefab
move	f2be8011322fbf943a44edc64dedbf2c	Assets/Feel/MMTools/Accessories/MMDebugMenu/Prefabs/MMDebugMenuButtonBorder.prefab	Assets/Art/Prefabs/Feel/MMTools/Accessories/MMDebugMenu/Prefabs/MMDebugMenuButtonBorder.prefab
move	13516cfdf366d2542bc2fa983b6f803a	Assets/Feel/MMTools/Accessories/MMPrototypeTextures/MMBRP_Materials/MMBPR_DarkGreyFrame.mat	Assets/Art/Materials/Feel/MMTools/Accessories/MMPrototypeTextures/MMBRP_Materials/MMBPR_DarkGreyFrame.mat
move	13a276490eda9164f86cc22771d27073	Assets/Feel/MMFeedbacks/Editor/Core/UIToolkit/Textures/FeelGearIcon@2x.png	Assets/Art/UI/Feel/MMFeedbacks/Editor/Core/UIToolkit/Textures/FeelGearIcon@2x.png
move	3389a4d784f51b246b280b493aebe105	Assets/Feel/MMTools/Accessories/MMVFX/MMRipple/MMRippleRosace1NM.png	Assets/Art/Textures/Feel/MMTools/Accessories/MMVFX/MMRipple/MMRippleRosace1NM.png
move	4332ad3ebf8592c41bc275ff77d24b29	Assets/Feel/MMTools/Accessories/MMDebugMenu/Prefabs/MMDebugMenuTextLong.prefab	Assets/Art/Prefabs/Feel/MMTools/Accessories/MMDebugMenu/Prefabs/MMDebugMenuTextLong.prefab
move	43c36085512d5834f9b4387303c2ae7f	Assets/Feel/MMTools/Accessories/MMVFX/MMRipple/MMRippleCircle3.mat	Assets/Art/Materials/Feel/MMTools/Accessories/MMVFX/MMRipple/MMRippleCircle3.mat
move	432948ea802b17943bde6d7614555a06	Assets/Feel/MMTools/Accessories/MMVFX/MMRipple/MMRippleSpiral2.mat	Assets/Art/Materials/Feel/MMTools/Accessories/MMVFX/MMRipple/MMRippleSpiral2.mat
move	53aebb2602873ed4a9807e8a254a7d2f	Assets/Feel/MMTools/Demos/MMTween/Fonts/Lato/TTF/Lato-Medium.ttf	Assets/Art/Fonts/Feel/MMTools/Demos/MMTween/Fonts/Lato/TTF/Lato-Medium.ttf
move	6380989b56d512c498442aa08d0dfe03	Assets/Feel/MMTools/Accessories/MMPrototypeTextures/Textures/MMPlastic/MMPlasticAO.png	Assets/Art/Textures/Feel/MMTools/Accessories/MMPrototypeTextures/Textures/MMPlastic/MMPlasticAO.png
move	63dabf038bafcdd4c9fd22dcdf057dd9	Assets/Feel/MMTools/Accessories/MMVFX/MMRamps/MMRamp6.png	Assets/Art/Textures/Feel/MMTools/Accessories/MMVFX/MMRamps/MMRamp6.png
move	93b39336c7407ba4cb17a6d77dfa9605	Assets/Feel/MMTools/Accessories/MMShaders/MMWorldspace.shader	Assets/Art/Shaders/Feel/MMTools/Accessories/MMShaders/MMWorldspace.shader
move	932db15dad1eb664ab1a91d94a8b6fbf	Assets/Feel/MMTools/Demos/MMTween/Fonts/Lato/SDF/Lato-Hairline SDF.asset	Assets/Data/Feedback/Feel/MMTools/Demos/MMTween/Fonts/Lato/SDF/Lato-Hairline SDF.asset
move	b3780deb9c64f4e45b529787d0f5d20f	Assets/Feel/MMTools/Accessories/MMVFX/MMRamps/MMRamp1.png	Assets/Art/Textures/Feel/MMTools/Accessories/MMVFX/MMRamps/MMRamp1.png
move	c3e892db83f1adb49a1c18b15f231589	Assets/Feel/MMTools/Accessories/MMVFX/MMParticles/MMParticlesSmoke.png	Assets/Art/Textures/Feel/MMTools/Accessories/MMVFX/MMParticles/MMParticlesSmoke.png
move	c379ef0fb8ae144a5b0a0b1d0c02d125	Assets/Feel/MMTools/Foundation/MMAchievements/Sprites/AchievementBackgroundUnlocked.png	Assets/Art/Textures/Feel/MMTools/Foundation/MMAchievements/Sprites/AchievementBackgroundUnlocked.png
move	e305d4ff6fcb66148a89b78f93cc03fa	Assets/Feel/MMFeedbacks/Editor/Core/UIToolkit/Textures/FeelEmptyList.png	Assets/Art/UI/Feel/MMFeedbacks/Editor/Core/UIToolkit/Textures/FeelEmptyList.png
move	e3bc05dce75bc334eac3d6b4cc83f92f	Assets/Feel/MMFeedbacks/MMFeedbacks/MMFloatingText/Prefabs/MMFloatingText.prefab	Assets/Art/Prefabs/Feel/MMFeedbacks/MMFeedbacks/MMFloatingText/Prefabs/MMFloatingText.prefab
move	f3b13b1ebf6e39d4ca1ce4ac83706896	Assets/Feel/MMTools/Accessories/MMVFX/MMNoise/MMWhiteNoise.png	Assets/Art/Textures/Feel/MMTools/Accessories/MMVFX/MMNoise/MMWhiteNoise.png
move	04d21181005a65b47acaea5c6f605184	Assets/Feel/MMTools/Accessories/MMVFX/MMBrushes/MMBrush0.png	Assets/Art/Textures/Feel/MMTools/Accessories/MMVFX/MMBrushes/MMBrush0.png
move	0453e37c3c22e7145b8c23c7fa96de36	Assets/Feel/MMFeedbacks/MMFeedbacksForThirdParty/TextMeshPro/MMFloatingText/Prefabs/MMFloatingTextMeshPro.prefab	Assets/Art/Prefabs/Feel/MMFeedbacks/MMFeedbacksForThirdParty/TextMeshPro/MMFloatingText/Prefabs/MMFloatingTextMeshPro.prefab
move	0448ffbb2d259c74496e9252af0411b6	Assets/Feel/MMTools/Accessories/MMVFX/MMBloomDirt/MMBloomDirt3.png	Assets/Art/Textures/Feel/MMTools/Accessories/MMVFX/MMBloomDirt/MMBloomDirt3.png
move	041a480513ea4f947a590bb1195e91a0	Assets/Feel/MMFeedbacks/MMFeedbacksForThirdParty/HDRP/Resources/MMDefaultHDRPVolume.prefab	Assets/Art/Prefabs/Feel/MMFeedbacks/MMFeedbacksForThirdParty/HDRP/Defaults/MMDefaultHDRPVolume.prefab
move	04edc4cbd72331c43b3ac89c21f37980	Assets/Feel/MMTools/Accessories/MMPrototypeTextures/Textures/MMProtoTextures/MMProtoTextures_LightGreyDots.png	Assets/Art/Textures/Feel/MMTools/Accessories/MMPrototypeTextures/Textures/MMProtoTextures/MMProtoTextures_LightGreyDots.png
move	149489106c60322478987726a9b71cc1	Assets/Feel/MMTools/Accessories/MMPrototypeTextures/Textures/MMProtoTextures/MMProtoTextures_YellowDots.png	Assets/Art/Textures/Feel/MMTools/Accessories/MMPrototypeTextures/Textures/MMProtoTextures/MMProtoTextures_YellowDots.png
move	24c63d27288824cf68c83ec01e0f3643	Assets/Feel/NiceVibrations/Scripts/Components/Icons/HapticReceiverIcon.png	Assets/Art/Textures/Feel/NiceVibrations/Scripts/Components/Icons/HapticReceiverIcon.png
move	2457d6fbb1971a54ab6b08c4d4769b1e	Assets/Feel/MMTools/Accessories/MMVFX/MMParticles/MMParticlesExplosion.png	Assets/Art/Textures/Feel/MMTools/Accessories/MMVFX/MMParticles/MMParticlesExplosion.png
move	244fc583bba6930489841e197a9677db	Assets/Feel/MMTools/Demos/MMDebugMenu/MMDebugMenuDemoData.asset	Assets/Data/Feedback/Feel/MMTools/Demos/MMDebugMenu/MMDebugMenuDemoData.asset
move	34b4cd3e51e31a0408ff86e5c9f7568a	Assets/Feel/MMTools/Accessories/MMVFX/MMRamps/MMRamp2.png	Assets/Art/Textures/Feel/MMTools/Accessories/MMVFX/MMRamps/MMRamp2.png
move	445360f52aabb4446be71f24e6576a72	Assets/Feel/MMTools/Foundation/MMAchievements/Resources/AchievementDisplay.prefab	Assets/Art/Prefabs/Feel/MMTools/Foundation/MMAchievements/Defaults/AchievementDisplay.prefab
move	44f8736e1f857f24681cbc354a147c3e	Assets/Feel/MMTools/Accessories/MMShaders/MMRipple.shader	Assets/Art/Shaders/Feel/MMTools/Accessories/MMShaders/MMRipple.shader
move	442ea5f325058dd4ea4de3499fd02cf0	Assets/Feel/MMTools/Accessories/MMVFX/MMRipple/MMRippleWaves1.mat	Assets/Art/Materials/Feel/MMTools/Accessories/MMVFX/MMRipple/MMRippleWaves1.mat
move	54d5b36730fc14779aeaf18ba807c543	Assets/Feel/NiceVibrations/OlderVersions/v3.9/NiceVibrations-v-3-9-0-readme.txt	Assets/Documentation/Feel/NiceVibrations/OlderVersions/v3.9/NiceVibrations-v-3-9-0-readme.txt
move	54ac4fc9dfd37074aab2e6bff0c2e6ca	Assets/Feel/MMTools/Accessories/MMPrototypeTextures/MMBRP_Materials/MMBPR_YellowDots.mat	Assets/Art/Materials/Feel/MMTools/Accessories/MMPrototypeTextures/MMBRP_Materials/MMBPR_YellowDots.mat
move	6415e4b059f8ca249ad6c1c205f2330e	Assets/Feel/MMTools/Accessories/MMVFX/MMNoise/MMCellNoise.png	Assets/Art/Textures/Feel/MMTools/Accessories/MMVFX/MMNoise/MMCellNoise.png
move	7471a7ccb4c5bdb4e9c9d5b51f6db888	Assets/Feel/MMFeedbacks/MMFeedbacks/Core/MMChannels/ChannelB.asset	Assets/Data/Feedback/Feel/MMFeedbacks/MMFeedbacks/Core/MMChannels/ChannelB.asset
move	945e5b97212e8e74ebcd35bddde3970c	Assets/Feel/MMTools/Core/MMSceneLoading/LoadingScreens/MMAdditiveLoadingScreenSimple.unity	Assets/Scenes/Feel/MMTools/Core/MMSceneLoading/LoadingScreens/MMAdditiveLoadingScreenSimple.unity
move	948e90df3bdde44068685e4ebecfcc25	Assets/Feel/MMFeedbacks/MMFeedbacksForThirdParty/PostProcessing/Resources/MMDefaultPostProcessingVolume.prefab	Assets/Art/Prefabs/Feel/MMFeedbacks/MMFeedbacksForThirdParty/PostProcessing/Defaults/MMDefaultPostProcessingVolume.prefab
move	94ce8b5eaff70434a81eaa413e7b6bbb	Assets/Feel/MMTools/Accessories/MMShaders/MMStochastic.shader	Assets/Art/Shaders/Feel/MMTools/Accessories/MMShaders/MMStochastic.shader
move	94cfa935aa4cff74a9451b22cb7627a6	Assets/Feel/MMTools/Accessories/MMDebugMenu/Prefabs/MMDebugMenuDebugPanel.prefab	Assets/Art/Prefabs/Feel/MMTools/Accessories/MMDebugMenu/Prefabs/MMDebugMenuDebugPanel.prefab
move	c42d019b36d0e95449e2114a78af0458	Assets/Feel/MMTools/Accessories/MMVFX/MMRipple/MMRippleSaw1NM.png	Assets/Art/Textures/Feel/MMTools/Accessories/MMVFX/MMRipple/MMRippleSaw1NM.png
move	d4b1f8e8d330f2b49989b5d7a3a6ade5	Assets/Feel/MMTools/Accessories/MMShaders/MMAdvancedToon_URP.shader	Assets/Art/Shaders/Feel/MMTools/Accessories/MMShaders/MMAdvancedToon_URP.shader
move	e48b9501c5356cf4e9c390d40d81438c	Assets/Feel/MMTools/Accessories/MMDebugMenu/Prefabs/MMDebugMenuCheckbox.prefab	Assets/Art/Prefabs/Feel/MMTools/Accessories/MMDebugMenu/Prefabs/MMDebugMenuCheckbox.prefab
move	f41da011e26b4194cbae36ef66842b50	Assets/Feel/MMFeedbacks/MMFeedbacksForThirdParty/URP/Resources/MMDefaultURPVolume.prefab	Assets/Art/Prefabs/Feel/MMFeedbacks/MMFeedbacksForThirdParty/URP/Defaults/MMDefaultURPVolume.prefab
move	05cb76770cb65124ebc19520574e2a60	Assets/Feel/MMTools/Accessories/MMVFX/MMRamps/MMRamp3.png	Assets/Art/Textures/Feel/MMTools/Accessories/MMVFX/MMRamps/MMRamp3.png
move	25b0ed6a11cf3824a8b13811a1420451	Assets/Feel/MMTools/Accessories/MMVFX/MMRipple/MMRippleCircle2NM.png	Assets/Art/Textures/Feel/MMTools/Accessories/MMVFX/MMRipple/MMRippleCircle2NM.png
move	5551f2320b5bfde4dbdbb0604036a53a	Assets/Feel/MMTools/Accessories/MMVFX/MMNoise/MMFireDirectionalAltNoise.png	Assets/Art/Textures/Feel/MMTools/Accessories/MMVFX/MMNoise/MMFireDirectionalAltNoise.png
move	553f615332baa0d4a842d5600f824551	Assets/Feel/MMTools/Core/MMSceneLoading/Sprites/LoadingProgressBar.png	Assets/Art/Textures/Feel/MMTools/Core/MMSceneLoading/Sprites/LoadingProgressBar.png
move	654c5cd449154d94b93dbf2fa93a6737	Assets/Feel/MMTools/Accessories/MMVFX/MMBrushes/MMBrush5.png	Assets/Art/Textures/Feel/MMTools/Accessories/MMVFX/MMBrushes/MMBrush5.png
move	75b254a55f7e3f347ac8f2b5db9b11d9	Assets/Feel/MMTools/Accessories/MMVFX/MMNoise/MMCloudsNoise.png	Assets/Art/Textures/Feel/MMTools/Accessories/MMVFX/MMNoise/MMCloudsNoise.png
move	75131f2c79eb5ea41ad169e65629e780	Assets/Feel/MMTools/Accessories/MMShaders/MMVFX.shader	Assets/Art/Shaders/Feel/MMTools/Accessories/MMShaders/MMVFX.shader
move	855a2d614e531f44caecc17a8c3bd51c	Assets/Feel/MMTools/Accessories/MMDebugMenu/Prefabs/MMDebugMenuValue.prefab	Assets/Art/Prefabs/Feel/MMTools/Accessories/MMDebugMenu/Prefabs/MMDebugMenuValue.prefab
move	959bef68856013d4da4cbe9176c989c0	Assets/Feel/MMTools/Accessories/MMPrototypeTextures/MMBRP_Materials/MMBPR_RedFrame.mat	Assets/Art/Materials/Feel/MMTools/Accessories/MMPrototypeTextures/MMBRP_Materials/MMBPR_RedFrame.mat
move	a5240da7fff0bf34da21c7edff42b1d4	Assets/Feel/MMTools/Core/MMSceneLoading/Sprites/MoreMountainsLogo.png	Assets/Art/Textures/Feel/MMTools/Core/MMSceneLoading/Sprites/MoreMountainsLogo.png
move	b5cfff2a54f297f469c90648588cb9dc	Assets/Feel/MMTools/Accessories/MMVFX/MMRipple/MMRippleSaw1.mat	Assets/Art/Materials/Feel/MMTools/Accessories/MMVFX/MMRipple/MMRippleSaw1.mat
move	d53cd4050c2c9b842864f89ad97c8a83	Assets/Feel/MMTools/Accessories/MMShaders/MM2DReflection_URP.shader	Assets/Art/Shaders/Feel/MMTools/Accessories/MMShaders/MM2DReflection_URP.shader
move	e5691787f973b2c4c9e7333c45119dd2	Assets/Feel/MMTools/Accessories/MMShaders/MMZTestAlwaysAdditive.shader	Assets/Art/Shaders/Feel/MMTools/Accessories/MMShaders/MMZTestAlwaysAdditive.shader
move	f54b8ae4d72e16445b407e4ad5ad4264	Assets/Feel/MMTools/Accessories/MMShaders/MMBoilingLine.shader	Assets/Art/Shaders/Feel/MMTools/Accessories/MMShaders/MMBoilingLine.shader
move	06b0ed03b4a01634c8b5eb55bc95df8d	Assets/Feel/MMTools/Accessories/MMPrototypeTextures/MMBRP_Materials/MMBPR_LightGreyDots.mat	Assets/Art/Materials/Feel/MMTools/Accessories/MMPrototypeTextures/MMBRP_Materials/MMBPR_LightGreyDots.mat
move	06c3a06ad80bcb147b2c74ed37ff2333	Assets/Feel/MMTools/Accessories/MMVFX/MMRipple/MMRippleBubble1NM.png	Assets/Art/Textures/Feel/MMTools/Accessories/MMVFX/MMRipple/MMRippleBubble1NM.png
move	16a86a7f581fc4dfb953e0df8ad3ecac	Assets/Feel/MMTools/Foundation/MMAchievements/Sprites/AchievementIcon.png	Assets/Art/Textures/Feel/MMTools/Foundation/MMAchievements/Sprites/AchievementIcon.png
move	462a5605cd4f4de48821603c760ce4a6	Assets/Feel/MMTools/Demos/MMTween/Fonts/Lato/TTF/Lato-Black.ttf	Assets/Art/Fonts/Feel/MMTools/Demos/MMTween/Fonts/Lato/TTF/Lato-Black.ttf
move	467db2a28dc1c6a45b450dc6d124de59	Assets/Feel/MMTools/Accessories/MMPrototypeTextures/MMBRP_Materials/MMBPR_GreenCrosses.mat	Assets/Art/Materials/Feel/MMTools/Accessories/MMPrototypeTextures/MMBRP_Materials/MMBPR_GreenCrosses.mat
move	5686e06ef14cf104b8e282ee7c41b9a6	Assets/Feel/MMTools/Demos/MMTween/Fonts/Lato/TTF/Lato-Regular.ttf	Assets/Art/Fonts/Feel/MMTools/Demos/MMTween/Fonts/Lato/TTF/Lato-Regular.ttf
move	563d63a1a6da33c43a2b5c5a9e398c0f	Assets/Feel/MMTools/Accessories/MMPrototypeTextures/Textures/MMProtoTextures/MMProtoTextures_GreenFrame.png	Assets/Art/Textures/Feel/MMTools/Accessories/MMPrototypeTextures/Textures/MMProtoTextures/MMProtoTextures_GreenFrame.png
move	6689802a48b01104ebd8e101f5cce555	Assets/Feel/MMTools/Accessories/MMDebugMenu/Prefabs/MMDebugMenuTextSmall.prefab	Assets/Art/Prefabs/Feel/MMTools/Accessories/MMDebugMenu/Prefabs/MMDebugMenuTextSmall.prefab
move	a617e0f28404308478e66c689628ebf8	Assets/Feel/MMTools/Accessories/MMVFX/MMRipple/MMRippleSpiral1.mat	Assets/Art/Materials/Feel/MMTools/Accessories/MMVFX/MMRipple/MMRippleSpiral1.mat
move	a6f79153eaeaf214e9259d50f28e637f	Assets/Feel/MMTools/Accessories/MMPrototypeTextures/Textures/MMProtoTextures/MMProtoTextures_GreenCrosses.png	Assets/Art/Textures/Feel/MMTools/Accessories/MMPrototypeTextures/Textures/MMProtoTextures/MMProtoTextures_GreenCrosses.png
move	a6aa03a6a85f38c43a3bd39d28ee09d1	Assets/Feel/readme.txt	Assets/Documentation/Feel/readme.txt
move	a6bacc483b5f80645a74c1382418b149	Assets/Feel/MMTools/Accessories/MMPrototypeTextures/Textures/MMProtoTextures/MMProtoTextures_LightGreyFrame.png	Assets/Art/Textures/Feel/MMTools/Accessories/MMPrototypeTextures/Textures/MMProtoTextures/MMProtoTextures_LightGreyFrame.png
move	b6acb67784ba02a46b350cd11c745e4c	Assets/Feel/MMTools/Accessories/MMPrototypeTextures/MMBRP_Materials/MMBPR_YellowSquares.mat	Assets/Art/Materials/Feel/MMTools/Accessories/MMPrototypeTextures/MMBRP_Materials/MMBPR_YellowSquares.mat
move	c61e12b00f19ecd448a748ee4f011b63	Assets/Feel/MMTools/Accessories/MMVFX/MMNoise/MMFireDirectionalNoise.png	Assets/Art/Textures/Feel/MMTools/Accessories/MMVFX/MMNoise/MMFireDirectionalNoise.png
move	d642a4ab722ef8a46af4d261e5227b0c	Assets/Feel/MMTools/Accessories/MMPrototypeTextures/MMBRP_Materials/MMBPR_YellowCrosses.mat	Assets/Art/Materials/Feel/MMTools/Accessories/MMPrototypeTextures/MMBRP_Materials/MMBPR_YellowCrosses.mat
move	d6822e89519d32f4898fafd42f78e8fe	Assets/Feel/MMTools/Demos/MMTween/Fonts/Lato/OFL.txt	Assets/Documentation/Feel/MMTools/Demos/MMTween/Fonts/Lato/OFL.txt
move	d6c55732adbfa0d4593bd219357d1a00	Assets/Feel/MMFeedbacks/MMFeedbacksForThirdParty/HDRP/Resources/MMDefaultHDRPProfile.asset	Assets/Data/Feedback/Feel/MMFeedbacks/MMFeedbacksForThirdParty/HDRP/Defaults/MMDefaultHDRPProfile.asset
move	f629a42fca5db4f09809be83dcae7217	Assets/Feel/NiceVibrations/readme.txt	Assets/Documentation/Feel/NiceVibrations/readme.txt
move	f67990759854d1e4aa64a3821734dcd8	Assets/Feel/MMTools/Accessories/MMShaders/MMUINoAlpha.shader	Assets/Art/Shaders/Feel/MMTools/Accessories/MMShaders/MMUINoAlpha.shader
move	071011635f1949c46a85b7caac317267	Assets/Feel/MMTools/Accessories/MMPrototypeTextures/MMBRP_Materials/Skybox/MMBRP_BlueSkybox.mat	Assets/Art/Materials/Feel/MMTools/Accessories/MMPrototypeTextures/MMBRP_Materials/Skybox/MMBRP_BlueSkybox.mat
move	07e5069cdf9ee934f8d7b768c461452c	Assets/Feel/MMTools/Accessories/MMVision/MMConeOfLight.shader	Assets/Art/Shaders/Feel/MMTools/Accessories/MMVision/MMConeOfLight.shader
move	07ea3ff88e1ecb84d91f58aa804badc6	Assets/Feel/MMTools/Core/MMAudio/MMSoundManager/Settings/MMSoundManagerSettings.asset	Assets/Data/Feedback/Feel/MMTools/Core/MMAudio/MMSoundManager/Settings/MMSoundManagerSettings.asset
move	277be439bdc9329468f9e6d0799d54be	Assets/Feel/MMFeedbacks/MMFeedbacks/Core/MMChannels/ChannelC.asset	Assets/Data/Feedback/Feel/MMFeedbacks/MMFeedbacks/Core/MMChannels/ChannelC.asset
move	47332880f10dee4429534303790a8399	Assets/Feel/MMTools/Accessories/MMGUI/Sprites/MMFaderRoundMask.png	Assets/Art/Textures/Feel/MMTools/Accessories/MMGUI/Sprites/MMFaderRoundMask.png
move	57336066c3d7ff5418ae88b7880aafed	Assets/Feel/MMTools/Accessories/MMDebugMenu/Prefabs/MMDebugMenuTextTiny.prefab	Assets/Art/Prefabs/Feel/MMTools/Accessories/MMDebugMenu/Prefabs/MMDebugMenuTextTiny.prefab
move	57633cde530d56a48995d0733efa9450	Assets/Feel/MMTools/Accessories/MMDebugMenu/Prefabs/MMDebugMenuTabSpacer.prefab	Assets/Art/Prefabs/Feel/MMTools/Accessories/MMDebugMenu/Prefabs/MMDebugMenuTabSpacer.prefab
move	57d94797548149846b6fb7aec61488f2	Assets/Feel/MMFeedbacks/MMFeedbacksForThirdParty/URP/Resources/MMDefaultURPProfile.asset	Assets/Data/Feedback/Feel/MMFeedbacks/MMFeedbacksForThirdParty/URP/Defaults/MMDefaultURPProfile.asset
move	6756ce1110b2ba24e9f356c415a5a73d	Assets/Feel/MMTools/Accessories/MMVFX/MMParticles/MMParticlesJab.png	Assets/Art/Textures/Feel/MMTools/Accessories/MMVFX/MMParticles/MMParticlesJab.png
move	671b69569d53c4c47ba2a89fb544082f	Assets/Feel/MMTools/Accessories/MMVision/ConeOfVisionAlpha.png	Assets/Art/Textures/Feel/MMTools/Accessories/MMVision/ConeOfVisionAlpha.png
move	77fbd9fa5542ff04f80886780072ea6c	Assets/Feel/MMTools/Accessories/MMVFX/MMParticles/MMParticlesWhirlwind.png	Assets/Art/Textures/Feel/MMTools/Accessories/MMVFX/MMParticles/MMParticlesWhirlwind.png
move	87cd835267fdf4e47b4c5974e3a3b4fc	Assets/Feel/MMTools/Accessories/MMPrototypeTextures/Textures/MMProtoTextures/MMProtoTextures_DarkGreyFrame.png	Assets/Art/Textures/Feel/MMTools/Accessories/MMPrototypeTextures/Textures/MMProtoTextures/MMProtoTextures_DarkGreyFrame.png
move	a74b1b5d357902346825fdfd125ea399	Assets/Feel/MMTools/Core/MMSaveLoad/MMSaveLoadTestScene.unity	Assets/Scenes/Feel/MMTools/Core/MMSaveLoad/MMSaveLoadTestScene.unity
move	a7cf2bc8733f6c0468062c8e95e84690	Assets/Feel/MMTools/Demos/MMTween/Fonts/Lato/SDF/Lato-Light SDF.asset	Assets/Data/Feedback/Feel/MMTools/Demos/MMTween/Fonts/Lato/SDF/Lato-Light SDF.asset
move	c7d8c1256647a454a80d335b52c41f65	Assets/Feel/license.txt	Assets/Documentation/Feel/license.txt
move	e7bd931b85ae0b54a86af9439440b98b	Assets/Feel/MMTools/Accessories/MMPrototypeTextures/Textures/MMProtoTextures/MMProtoTextures_YellowCrosses.png	Assets/Art/Textures/Feel/MMTools/Accessories/MMPrototypeTextures/Textures/MMProtoTextures/MMProtoTextures_YellowCrosses.png
move	f76dd8a4fa6819c46a443effc1b4abc3	Assets/Feel/MMTools/Core/MMSceneLoading/Sprites/LoadingAnimationCompleteAnimator.controller	Assets/Art/Animations/Feel/MMTools/Core/MMSceneLoading/Sprites/LoadingAnimationCompleteAnimator.controller
move	f72e7b8c96262ed4d976576afafd53b0	Assets/Feel/MMTools/Accessories/MMDebugMenu/Prefabs/MMDebugMenuSpacerBig.prefab	Assets/Art/Prefabs/Feel/MMTools/Accessories/MMDebugMenu/Prefabs/MMDebugMenuSpacerBig.prefab
move	1806add7d16bbe4419725ed4681c2c18	Assets/Feel/MMTools/Accessories/MMVFX/MMParticles/MMParticlesDust.png	Assets/Art/Textures/Feel/MMTools/Accessories/MMVFX/MMParticles/MMParticlesDust.png
move	28f1ec0b82fdf434b8efa0ef0f9a9d37	Assets/Feel/NiceVibrations/Scripts/Components/Resources/nv-constant-template.txt	Assets/Data/Feedback/Feel/NiceVibrations/Scripts/Components/Defaults/nv-constant-template.txt
move	58d4ed86ac16c7e4eb26fd09e09f3d27	Assets/Feel/MMTools/Accessories/MMVFX/MMBrushes/MMBrush4.png	Assets/Art/Textures/Feel/MMTools/Accessories/MMVFX/MMBrushes/MMBrush4.png
move	785d13d865eaebc419648f8390c840b3	Assets/Feel/MMTools/Accessories/MMPrototypeTextures/Textures/MMProtoTextures/MMProtoTextures_GreenSquares.png	Assets/Art/Textures/Feel/MMTools/Accessories/MMPrototypeTextures/Textures/MMProtoTextures/MMProtoTextures_GreenSquares.png
move	888394d52616e5e42b3b54c3f2bbd3eb	Assets/Feel/MMTools/Core/MMSceneLoading/LoadingScreens/LoadingScreen.unity	Assets/Scenes/Feel/MMTools/Core/MMSceneLoading/LoadingScreens/LoadingScreen.unity
move	98f9943149e70e84f969f66047eb997f	Assets/Feel/MMTools/Accessories/MMPrototypeTextures/MMBRP_Materials/Neutral/MMBRP_NeutralCheckers.mat	Assets/Art/Materials/Feel/MMTools/Accessories/MMPrototypeTextures/MMBRP_Materials/Neutral/MMBRP_NeutralCheckers.mat
move	a8296d633c27f554a99bbbf94958722e	Assets/Feel/MMTools/Accessories/MMDebugMenu/Prefabs/MMDebugMenuTab.prefab	Assets/Art/Prefabs/Feel/MMTools/Accessories/MMDebugMenu/Prefabs/MMDebugMenuTab.prefab
move	c8dbeb23a6873434e935e7a250c87235	Assets/Feel/NiceVibrations/OlderVersions/v1.7/NiceVibrations-v-1-7-readme.txt	Assets/Documentation/Feel/NiceVibrations/OlderVersions/v1.7/NiceVibrations-v-1-7-readme.txt
move	d821f2e3723c0e14f8ab72b4b064fe65	Assets/Feel/MMTools/Accessories/MMVFX/MMRipple/MMRippleWaves1NM.png	Assets/Art/Textures/Feel/MMTools/Accessories/MMVFX/MMRipple/MMRippleWaves1NM.png
move	d89b77a7a68c1844280c6ff2e49f95b8	Assets/Feel/MMTools/Core/MMSceneLoading/LoadingScreens/MMAdditiveLoadingScreen.unity	Assets/Scenes/Feel/MMTools/Core/MMSceneLoading/LoadingScreens/MMAdditiveLoadingScreen.unity
move	e802b29e86b4ef74abe728250ecaf37c	Assets/Feel/MMFeedbacks/Editor/Sequencing/Resources/SequencerButtonBackground.png	Assets/Art/UI/Feel/MMFeedbacks/Editor/Sequencing/Defaults/SequencerButtonBackground.png
move	191c85d053c814242b6d9fab0a91b9f9	Assets/Feel/MMTools/Demos/MMTween/Fonts/Lato/SDF/Lato-HeavyItalic SDF.asset	Assets/Data/Feedback/Feel/MMTools/Demos/MMTween/Fonts/Lato/SDF/Lato-HeavyItalic SDF.asset
move	296c95127ab0eee40b334cc33b1bc479	Assets/Feel/MMTools/Accessories/MMPrototypeTextures/Textures/MMProtoTextures/MMProtoTextures_DarkGreySquares.png	Assets/Art/Textures/Feel/MMTools/Accessories/MMPrototypeTextures/Textures/MMProtoTextures/MMProtoTextures_DarkGreySquares.png
move	3940f67cfdf57d642894f21532af98e6	Assets/Feel/MMTools/Accessories/MMPrototypeTextures/Textures/MMProtoTextures/MMProtoTextures_BlueCrosses.png	Assets/Art/Textures/Feel/MMTools/Accessories/MMPrototypeTextures/Textures/MMProtoTextures/MMProtoTextures_BlueCrosses.png
move	3961bf3f2f10811478fb5d4f936b3c5c	Assets/Feel/MMTools/Accessories/MMShaders/MMWorldspace_URP.shadergraph	Assets/Art/Shaders/Feel/MMTools/Accessories/MMShaders/MMWorldspace_URP.shadergraph
move	3944eaaf70beffa4097d8c293604125e	Assets/Feel/MMTools/Demos/MMTween/Fonts/Lato/SDF/Lato SDF.asset	Assets/Data/Feedback/Feel/MMTools/Demos/MMTween/Fonts/Lato/SDF/Lato SDF.asset
move	391d11fb65b61014eb313e127073582f	Assets/Feel/MMTools/Accessories/MMPrototypeTextures/MMBRP_Materials/MMBPR_BlueDots.mat	Assets/Art/Materials/Feel/MMTools/Accessories/MMPrototypeTextures/MMBRP_Materials/MMBPR_BlueDots.mat
move	594480777cec0fa489126aeb2273ecbc	Assets/Feel/MMTools/Accessories/MMPrototypeTextures/MMBRP_Materials/MMBPR_BlueSquares.mat	Assets/Art/Materials/Feel/MMTools/Accessories/MMPrototypeTextures/MMBRP_Materials/MMBPR_BlueSquares.mat
move	59a4add72d602ce4a9693b14a97d2a83	Assets/Feel/MMFeedbacks/Editor/Resources/MMFeedbacksConfiguration.asset	Assets/Data/Feedback/Feel/MMFeedbacks/Editor/Defaults/MMFeedbacksConfiguration.asset
move	693430919429cff4d9e10f1225ca56c8	Assets/Feel/MMTools/Demos/MMTween/Fonts/Lato/SDF/Lato-Bold SDF.asset	Assets/Data/Feedback/Feel/MMTools/Demos/MMTween/Fonts/Lato/SDF/Lato-Bold SDF.asset
move	69bdc1f611c0f8d4dbc71613a9b04b9b	Assets/Feel/MMFeedbacks/Editor/Core/UIToolkit/Textures/FeelSetupRequired@2x.png	Assets/Art/UI/Feel/MMFeedbacks/Editor/Core/UIToolkit/Textures/FeelSetupRequired@2x.png
move	99dec03033cf89c4b936367ceee96b05	Assets/Feel/MMTools/Demos/MMTween/Fonts/Lato/TTF/Lato-Semibold.ttf	Assets/Art/Fonts/Feel/MMTools/Demos/MMTween/Fonts/Lato/TTF/Lato-Semibold.ttf
move	d9d54e48cd32e274287fb32bbb13da24	Assets/Feel/MMFeedbacks/Editor/Core/UIToolkit/FeelScriptIcon.png	Assets/Art/UI/Feel/MMFeedbacks/Editor/Core/UIToolkit/FeelScriptIcon.png
move	d9497e52f2de0254eaec18ccb13d788f	Assets/Feel/MMTools/Accessories/MMGUI/Materials/MMFaderRoundMaterialMask.mat	Assets/Art/Materials/Feel/MMTools/Accessories/MMGUI/Materials/MMFaderRoundMaterialMask.mat
move	e9ef29555e27c764193e85d5ac4cf4f4	Assets/Feel/MMTools/Accessories/MMPrototypeTextures/Textures/MMProtoTextures/MMProtoTextures_RedFrame.png	Assets/Art/Textures/Feel/MMTools/Accessories/MMPrototypeTextures/Textures/MMProtoTextures/MMProtoTextures_RedFrame.png
move	0a9d566b902c9a84087bf3ca3a178e6b	Assets/Feel/MMTools/Accessories/MMDebugOnScreen/Sprites/MMLogo16x16.png	Assets/Art/Textures/Feel/MMTools/Accessories/MMDebugOnScreen/Sprites/MMLogo16x16.png
move	1a4b9ae95443d5a489bd918c848e2390	Assets/Feel/MMTools/Accessories/MMDebugMenu/Prefabs/MMDebugMenuSpacerSmall.prefab	Assets/Art/Prefabs/Feel/MMTools/Accessories/MMDebugMenu/Prefabs/MMDebugMenuSpacerSmall.prefab
move	1a9e66cbf3543a44cb2cf068585f07d4	Assets/Feel/MMTools/Accessories/MMPrototypeTextures/MMBRP_Materials/MMBPR_RedSquares.mat	Assets/Art/Materials/Feel/MMTools/Accessories/MMPrototypeTextures/MMBRP_Materials/MMBPR_RedSquares.mat
move	2a42e638cd366184aad3203b2732b2e2	Assets/Feel/MMTools/Accessories/MMPrototypeTextures/MMBRP_Materials/MMBPR_DarkGreyCrosses.mat	Assets/Art/Materials/Feel/MMTools/Accessories/MMPrototypeTextures/MMBRP_Materials/MMBPR_DarkGreyCrosses.mat
move	3aa8708b27bfe524b8280cdc746690d3	Assets/Feel/MMTools/Accessories/MMPrototypeTextures/MMBRP_Materials/MMBPR_BlueCrosses.mat	Assets/Art/Materials/Feel/MMTools/Accessories/MMPrototypeTextures/MMBRP_Materials/MMBPR_BlueCrosses.mat
move	caa99440fded2af41b1d0c99fea51b69	Assets/Feel/MMTools/Accessories/MMPrototypeTextures/Textures/MMProtoTextures/MMProtoTextures_RedDots.png	Assets/Art/Textures/Feel/MMTools/Accessories/MMPrototypeTextures/Textures/MMProtoTextures/MMProtoTextures_RedDots.png
move	da6a4f914ed52e6488c1fb9d94e8cbb0	Assets/Feel/MMTools/Accessories/MMDebugMenu/Prefabs/MMDebugMenu.prefab	Assets/Art/Prefabs/Feel/MMTools/Accessories/MMDebugMenu/Prefabs/MMDebugMenu.prefab
move	0ba8b0b32b8721048bd7e610207b4ee6	Assets/Feel/MMTools/Demos/MMTween/Fonts/Lato/SDF/Lato-Italic SDF.asset	Assets/Data/Feedback/Feel/MMTools/Demos/MMTween/Fonts/Lato/SDF/Lato-Italic SDF.asset
move	0bdb020a90b5f5247ab5695053e84e11	Assets/Feel/MMTools/Accessories/MMPrototypeTextures/Textures/MMProtoTextures/MMProtoTextures_RedSquares.png	Assets/Art/Textures/Feel/MMTools/Accessories/MMPrototypeTextures/Textures/MMProtoTextures/MMProtoTextures_RedSquares.png
move	4b2f59655d77fdd40bca0d6809adad81	Assets/Feel/MMTools/Accessories/MMVFX/MMParticles/MMParticlesBolt.png	Assets/Art/Textures/Feel/MMTools/Accessories/MMVFX/MMParticles/MMParticlesBolt.png
move	6ba165fd91edb434aa2f1cd6f6b05885	Assets/Feel/MMFeedbacks/MMFeedbacks/Core/MMChannels/ChannelA.asset	Assets/Data/Feedback/Feel/MMFeedbacks/MMFeedbacks/Core/MMChannels/ChannelA.asset
move	7b0c74896ea6ff344a2ffdf20d18c5c8	Assets/Feel/FeelDemos/Letters/Materials/FeelLettersDemoMMReflectionRenderTexture.renderTexture	Assets/Art/Textures/Feel/FeelDemos/Letters/Materials/FeelLettersDemoMMReflectionRenderTexture.renderTexture
move	9b9515ca837f18848a8b11d0d9d1a0c7	Assets/Feel/MMTools/Accessories/MMVFX/MMRipple/MMRippleCircle1NM.png	Assets/Art/Textures/Feel/MMTools/Accessories/MMVFX/MMRipple/MMRippleCircle1NM.png
move	9bd9265533309304db171aa9f916554a	Assets/Feel/MMTools/Core/MMSceneLoading/Sprites/LoadingAnimation.png	Assets/Art/Textures/Feel/MMTools/Core/MMSceneLoading/Sprites/LoadingAnimation.png
move	ab4146e63d28b4c479103682a751663c	Assets/Feel/MMFeedbacks/Editor/Core/UIToolkit/Textures/FeelContextMenu@2x.png	Assets/Art/UI/Feel/MMFeedbacks/Editor/Core/UIToolkit/Textures/FeelContextMenu@2x.png
move	db11353047c997f46a4760754f00c788	Assets/Feel/MMTools/Accessories/MMPrototypeTextures/MMBRP_Materials/MMBPR_DarkGreyDots.mat	Assets/Art/Materials/Feel/MMTools/Accessories/MMPrototypeTextures/MMBRP_Materials/MMBPR_DarkGreyDots.mat
move	dbb3e138861cf2040b20217e62a5edf2	Assets/Feel/MMTools/Accessories/MMDebugMenu/Prefabs/MMDebugMenuButton.prefab	Assets/Art/Prefabs/Feel/MMTools/Accessories/MMDebugMenu/Prefabs/MMDebugMenuButton.prefab
move	dbc8c25cc61ce624e96392478c57c2ae	Assets/Feel/MMTools/Accessories/MMVFX/MMParticles/MMParticlesEclipse.png	Assets/Art/Textures/Feel/MMTools/Accessories/MMVFX/MMParticles/MMParticlesEclipse.png
move	db8a2f512b50d437b8268f17384f58c8	Assets/Feel/NiceVibrations/Scripts/Components/Resources/nv-pattern-template.txt	Assets/Data/Feedback/Feel/NiceVibrations/Scripts/Components/Defaults/nv-pattern-template.txt
move	dbdbfb7cee2876a42980b6bcd9bc441a	Assets/Feel/MMTools/Accessories/MMDebugOnScreen/Resources/MMDebugOnScreenConsole.prefab	Assets/Art/Prefabs/Feel/MMTools/Accessories/MMDebugOnScreen/Defaults/MMDebugOnScreenConsole.prefab
move	eb936a4576d8f9741b8d914d47f3ccce	Assets/Feel/MMTools/Accessories/MMPrototypeTextures/MMBRP_Materials/MMBPR_GreenSquares.mat	Assets/Art/Materials/Feel/MMTools/Accessories/MMPrototypeTextures/MMBRP_Materials/MMBPR_GreenSquares.mat
move	0c56439a20097e54b9fc9cbdca6968e9	Assets/Feel/MMTools/Accessories/MMVFX/MMParticles/MMParticlesStorm.png	Assets/Art/Textures/Feel/MMTools/Accessories/MMVFX/MMParticles/MMParticlesStorm.png
move	3ca4d2f306ccea545b06ae7c31441886	Assets/Feel/MMTools/Demos/MMTween/Fonts/Lato/SDF/Lato-Thin SDF.asset	Assets/Data/Feedback/Feel/MMTools/Demos/MMTween/Fonts/Lato/SDF/Lato-Thin SDF.asset
move	4c9581b0f074374498fe2166d24a660b	Assets/Feel/MMTools/Demos/MMTween/Fonts/Lato/SDF/Lato-LightItalic SDF.asset	Assets/Data/Feedback/Feel/MMTools/Demos/MMTween/Fonts/Lato/SDF/Lato-LightItalic SDF.asset
move	4c1c6a83883bc4142b27d3223056e9da	Assets/Feel/MMFeedbacks/MMFeedbacks/MMFloatingText/Prefabs/MMFloatingTextPixel.prefab	Assets/Art/Prefabs/Feel/MMFeedbacks/MMFeedbacks/MMFloatingText/Prefabs/MMFloatingTextPixel.prefab
move	4c7cb988a600a2f42959f41a828e5ee1	Assets/Feel/MMTools/Accessories/MMVFX/MMRipple/MMRippleRosace1.mat	Assets/Art/Materials/Feel/MMTools/Accessories/MMVFX/MMRipple/MMRippleRosace1.mat
move	5c362fec725a413469a94a06a01b6c75	Assets/Feel/MMTools/Demos/MMTween/Fonts/Lato/SDF/Lato-HairlineItalic SDF.asset	Assets/Data/Feedback/Feel/MMTools/Demos/MMTween/Fonts/Lato/SDF/Lato-HairlineItalic SDF.asset
move	5c964d0d3ffd13b4ab953b5a79d30c07	Assets/Feel/MMTools/Core/MMSceneLoading/Sprites/LoadingAnimation.anim	Assets/Art/Animations/Feel/MMTools/Core/MMSceneLoading/Sprites/LoadingAnimation.anim
move	5c2ab7cb954a3974c8a19f8c9c6f6fdc	Assets/Feel/MMTools/Accessories/MMVFX/MMNoise/MMFlowNoise.png	Assets/Art/Textures/Feel/MMTools/Accessories/MMVFX/MMNoise/MMFlowNoise.png
move	7c954dac1de116b478a8154de93b2b6c	Assets/Feel/MMTools/Demos/MMTween/Fonts/Lato/SDF/Lato-SemiboldItalic SDF.asset	Assets/Data/Feedback/Feel/MMTools/Demos/MMTween/Fonts/Lato/SDF/Lato-SemiboldItalic SDF.asset
move	7c1be57d46a3143daa1fe62dbc59772f	Assets/Feel/NiceVibrations/Scripts/Components/Icons/HapticSourceIcon.png	Assets/Art/Textures/Feel/NiceVibrations/Scripts/Components/Icons/HapticSourceIcon.png
move	8cedaa38d19e449c485ce3119ebb423d	Assets/Feel/NiceVibrations/HapticSamples/HapticPackCClicense.txt	Assets/Documentation/Feel/NiceVibrations/HapticSamples/HapticPackCClicense.txt
move	9cf882a8a1f69ff43b2216f75cddd54d	Assets/Feel/MMTools/Accessories/MMPrototypeTextures/Textures/MMProtoTextures/MMProtoTextures_LightGreySquares.png	Assets/Art/Textures/Feel/MMTools/Accessories/MMPrototypeTextures/Textures/MMProtoTextures/MMProtoTextures_LightGreySquares.png
move	bcf6524ce6451f34cb7106d0c00da9a5	Assets/Feel/MMFeedbacks/MMFeedbacksForThirdParty/Cinemachine/Resources/MM_6D_Shake.asset	Assets/Data/Feedback/Feel/MMFeedbacks/MMFeedbacksForThirdParty/Cinemachine/Defaults/MM_6D_Shake.asset
move	fc916684710ef194aa41f4de7b75b8bf	Assets/Feel/NiceVibrations/3RD-PARTY-LICENSES.md	Assets/Documentation/Feel/NiceVibrations/3RD-PARTY-LICENSES.md
move	fc636806db6f2654d970ed32802db8be	Assets/Feel/MMTools/Accessories/MMPrototypeTextures/MMBRP_Materials/Neutral/MMBRP_NeutralBlack.mat	Assets/Art/Materials/Feel/MMTools/Accessories/MMPrototypeTextures/MMBRP_Materials/Neutral/MMBRP_NeutralBlack.mat
move	0d8a387a51a2b414b8160677b26c9d1a	Assets/Feel/MMTools/Accessories/MMVFX/MMRipple/MMRippleSaw2.mat	Assets/Art/Materials/Feel/MMTools/Accessories/MMVFX/MMRipple/MMRippleSaw2.mat
move	5d158a0f06b330445acc858c5a32a269	Assets/Feel/MMTools/Accessories/MMPrototypeTextures/Textures/MMProtoTextures/MMProtoTextures_LightGreyCrosses.png	Assets/Art/Textures/Feel/MMTools/Accessories/MMPrototypeTextures/Textures/MMProtoTextures/MMProtoTextures_LightGreyCrosses.png
move	5da54437c52380745ab2d12656252b80	Assets/Feel/MMTools/Accessories/MMPrototypeTextures/Textures/MMProtoTextures/MMProtoTextures_BlueFrame.png	Assets/Art/Textures/Feel/MMTools/Accessories/MMPrototypeTextures/Textures/MMProtoTextures/MMProtoTextures_BlueFrame.png
move	9d99964e7e8afe34b8ee7943eabcd19e	Assets/Feel/MMTools/Accessories/MMPrototypeTextures/MMBRP_Materials/MMBPR_YellowFrame.mat	Assets/Art/Materials/Feel/MMTools/Accessories/MMPrototypeTextures/MMBRP_Materials/MMBPR_YellowFrame.mat
move	ad7325dd3fb876645bde2dd9d0691993	Assets/Feel/MMTools/Accessories/MMShaders/MM2DReflection.shader	Assets/Art/Shaders/Feel/MMTools/Accessories/MMShaders/MM2DReflection.shader
move	adc4603b7be471c479ef63c42f19aa72	Assets/Feel/MMTools/Accessories/MMPrototypeTextures/MMBRP_Materials/MMBPR_LightGreyFrame.mat	Assets/Art/Materials/Feel/MMTools/Accessories/MMPrototypeTextures/MMBRP_Materials/MMBPR_LightGreyFrame.mat
move	addcaa6f7df18984691dc300b3be4f7b	Assets/Feel/MMTools/Accessories/MMDebugMenu/Prefabs/MMDebugMenuSlider.prefab	Assets/Art/Prefabs/Feel/MMTools/Accessories/MMDebugMenu/Prefabs/MMDebugMenuSlider.prefab
move	bdc5330a25b04664fbea7584bb62d859	Assets/Feel/MMTools/Accessories/MMPrototypeTextures/Textures/MMProtoTextures/MMProtoTextures_BlueDots.png	Assets/Art/Textures/Feel/MMTools/Accessories/MMPrototypeTextures/Textures/MMProtoTextures/MMProtoTextures_BlueDots.png
move	cd807e3eb5122524d9a1783af6375956	Assets/Feel/MMFeedbacks/Editor/Core/UIToolkit/Textures/FeelBottomToTopIcon@2x.png	Assets/Art/UI/Feel/MMFeedbacks/Editor/Core/UIToolkit/Textures/FeelBottomToTopIcon@2x.png
move	cde03156615a31044a8dc5e05ebc3dc9	Assets/Feel/MMTools/Accessories/MMVFX/MMBloomDirt/MMBloomDirt1.png	Assets/Art/Textures/Feel/MMTools/Accessories/MMVFX/MMBloomDirt/MMBloomDirt1.png
move	ed68763c04a44fa49a0aa2316c3d46ee	Assets/Feel/MMTools/Accessories/MMPrototypeTextures/Textures/MMProtoTextures/MMProtoTextures_BlueSquares.png	Assets/Art/Textures/Feel/MMTools/Accessories/MMPrototypeTextures/Textures/MMProtoTextures/MMProtoTextures_BlueSquares.png
move	edcc1b3de33bacd4c81ff1a864d65f8c	Assets/Feel/MMTools/Accessories/MMVFX/MMRipple/MMRippleSpiral2NM.png	Assets/Art/Textures/Feel/MMTools/Accessories/MMVFX/MMRipple/MMRippleSpiral2NM.png
move	fd0523ff6a921744c8eb12d6d609a2ba	Assets/Feel/MMTools/Accessories/MMVFX/MMParticles/MMParticlesHit.png	Assets/Art/Textures/Feel/MMTools/Accessories/MMVFX/MMParticles/MMParticlesHit.png
move	fd68bdcc37e59784a83e37ec1c26d400	Assets/Feel/MMTools/Accessories/MMVFX/MMRamps/MMRamp4.png	Assets/Art/Textures/Feel/MMTools/Accessories/MMVFX/MMRamps/MMRamp4.png
move	2e883a990b855be4eb85a58f732c8ea7	Assets/Feel/MMTools/Accessories/MMShaders/MMMatcap.shader	Assets/Art/Shaders/Feel/MMTools/Accessories/MMShaders/MMMatcap.shader
move	2ecc4eef08bef7d4083406f284c093d8	Assets/Feel/MMTools/Demos/MMTween/Fonts/Lato/SDF/Lato-MediumItalic SDF.asset	Assets/Data/Feedback/Feel/MMTools/Demos/MMTween/Fonts/Lato/SDF/Lato-MediumItalic SDF.asset
move	4eccd51250cfa3948a3ac1e21d15fe34	Assets/Feel/MMTools/Demos/MMTween/Fonts/Lato/SDF/Lato-Black SDF.asset	Assets/Data/Feedback/Feel/MMTools/Demos/MMTween/Fonts/Lato/SDF/Lato-Black SDF.asset
move	5e48c6b5155ab684092ac6890f8f3af4	Assets/Feel/MMTools/Demos/MMTween/Fonts/Lato/SDF/Lato-Semibold SDF.asset	Assets/Data/Feedback/Feel/MMTools/Demos/MMTween/Fonts/Lato/SDF/Lato-Semibold SDF.asset
move	5e0ea90a83cb72d4ea51fbdcfcd46de0	Assets/Feel/MMTools/Accessories/MMVFX/MMRipple/MMRippleSaw2NM.png	Assets/Art/Textures/Feel/MMTools/Accessories/MMVFX/MMRipple/MMRippleSaw2NM.png
move	7e415b31b4facd24eae9598bb7644813	Assets/Feel/MMTools/Accessories/MMPrototypeTextures/Textures/MMPlastic/MMPlasticMetal.png	Assets/Art/Textures/Feel/MMTools/Accessories/MMPrototypeTextures/Textures/MMPlastic/MMPlasticMetal.png
move	7e984f512e89b60468e829489e8883e3	Assets/Feel/MMTools/Core/MMAudio/MMSoundManager/Settings/MMSoundManagerAudioMixer.mixer	Assets/Art/Audio/Feel/MMTools/Core/MMAudio/MMSoundManager/Settings/MMSoundManagerAudioMixer.mixer
move	7eef1b66a64daee46b87f6f979353425	Assets/Feel/MMTools/Accessories/MMVFX/MMParticles/MMParticlesBlackSun.png	Assets/Art/Textures/Feel/MMTools/Accessories/MMVFX/MMParticles/MMParticlesBlackSun.png
move	9e1695c82df14c74084770f457067f67	Assets/Feel/MMTools/Demos/MMTween/Fonts/Lato/SDF/Lato-ThinItalic SDF.asset	Assets/Data/Feedback/Feel/MMTools/Demos/MMTween/Fonts/Lato/SDF/Lato-ThinItalic SDF.asset
move	9eae953b5ed4b564e8df2a362aa9ebc1	Assets/Feel/MMTools/Accessories/MMVFX/MMParticles/MMParticlesFlare.png	Assets/Art/Textures/Feel/MMTools/Accessories/MMVFX/MMParticles/MMParticlesFlare.png
move	ae5458ffd8cecaa4da3b1e90ef61cb88	Assets/Feel/MMTools/Accessories/MMVFX/MMRipple/MMRippleSquare1NM.png	Assets/Art/Textures/Feel/MMTools/Accessories/MMVFX/MMRipple/MMRippleSquare1NM.png
move	ae4e4b833eb9f63448b39edf3f03e309	Assets/Feel/MMTools/Demos/MMTween/Fonts/Lato/TTF/Lato-Bold.ttf	Assets/Art/Fonts/Feel/MMTools/Demos/MMTween/Fonts/Lato/TTF/Lato-Bold.ttf
move	be61fc00179c05846a6cdba7c2683514	Assets/Feel/MMTools/Accessories/MMPrototypeTextures/Textures/MMProtoTextures/MMProtoTextures_YellowFrame.png	Assets/Art/Textures/Feel/MMTools/Accessories/MMPrototypeTextures/Textures/MMProtoTextures/MMProtoTextures_YellowFrame.png
move	bee69e9222e12344bb5a210ca5e5b2c2	Assets/Feel/MMTools/Accessories/MMVFX/MMBrushes/MMBrush1.png	Assets/Art/Textures/Feel/MMTools/Accessories/MMVFX/MMBrushes/MMBrush1.png
move	be687c348d0c62c45a733dc1ae6f018f	Assets/Feel/MMFeedbacks/Editor/Core/UIToolkit/Textures/FeelCloseSearchField.png	Assets/Art/UI/Feel/MMFeedbacks/Editor/Core/UIToolkit/Textures/FeelCloseSearchField.png
move	cecdbf60b0c9d47c9a26b99a41425de0	Assets/Feel/MMTools/Foundation/MMAchievements/Sprites/AchievementBackground.png	Assets/Art/Textures/Feel/MMTools/Foundation/MMAchievements/Sprites/AchievementBackground.png
move	ce8f07304188aca4aa8f7b1c422c92b1	Assets/Feel/MMTools/Accessories/MMVFX/MMNoise/MMPerlinNoise.png	Assets/Art/Textures/Feel/MMTools/Accessories/MMVFX/MMNoise/MMPerlinNoise.png
move	dedb2bed56a01c241be42c5c5b5748ca	Assets/Feel/MMTools/Core/MMSceneLoading/LoadingScreens/MMAdditiveLoadingScreenBigText.unity	Assets/Scenes/Feel/MMTools/Core/MMSceneLoading/LoadingScreens/MMAdditiveLoadingScreenBigText.unity
move	ee915ff2627397549b211481b14bbc42	Assets/Feel/MMTools/Accessories/MMPrototypeTextures/Textures/MMProtoTextures/MMProtoTextures_RedCrosses.png	Assets/Art/Textures/Feel/MMTools/Accessories/MMPrototypeTextures/Textures/MMProtoTextures/MMProtoTextures_RedCrosses.png
move	0f03458534bea45e4bba9ab3411321b2	Assets/Feel/MMTools/Foundation/MMAchievements/Fonts/orange kid.ttf	Assets/Art/Fonts/Feel/MMTools/Foundation/MMAchievements/Fonts/orange kid.ttf
move	0f830b4b35476a64095c922deaa35b72	Assets/Feel/MMTools/Demos/MMTween/Fonts/Lato/SDF/Lato-BlackItalic SDF.asset	Assets/Data/Feedback/Feel/MMTools/Demos/MMTween/Fonts/Lato/SDF/Lato-BlackItalic SDF.asset
move	0f7538ff15051d14c9a387d4773180bc	Assets/Feel/MMTools/Accessories/MMVFX/MMPalette/MMLowPolyPalette.png	Assets/Art/Textures/Feel/MMTools/Accessories/MMVFX/MMPalette/MMLowPolyPalette.png
move	0f0e0708166913e448eb6195f7e96bdd	Assets/Feel/MMTools/Accessories/MMVFX/MMNoise/MMBayerNoise.png	Assets/Art/Textures/Feel/MMTools/Accessories/MMVFX/MMNoise/MMBayerNoise.png
move	2f490f72b6ed6ae4d8b31cee2cac3de7	Assets/Feel/MMTools/Demos/MMTween/Fonts/Lato/SDF/Lato-Medium SDF.asset	Assets/Data/Feedback/Feel/MMTools/Demos/MMTween/Fonts/Lato/SDF/Lato-Medium SDF.asset
move	4fbec3043b4bcc941b84734f579dc2c8	Assets/Feel/MMTools/Accessories/MMVFX/MMNoise/MMSimplexNoise.png	Assets/Art/Textures/Feel/MMTools/Accessories/MMVFX/MMNoise/MMSimplexNoise.png
move	5f57c110c89ccd542abda3719c5818ae	Assets/Feel/MMTools/Accessories/MMVFX/MMRamps/MMRamp7.png	Assets/Art/Textures/Feel/MMTools/Accessories/MMVFX/MMRamps/MMRamp7.png
move	5f7cb0ced88db4af08a2dd3945067cd7	Assets/Feel/NiceVibrations/Scripts/Components/Resources/nv-emphasis-template.txt	Assets/Data/Feedback/Feel/NiceVibrations/Scripts/Components/Defaults/nv-emphasis-template.txt
move	6f35f0fe92adb174e8a5fbf7b40eeea9	Assets/Feel/MMTools/Accessories/MMVFX/MMParticles/MMParticlesGamma.png	Assets/Art/Textures/Feel/MMTools/Accessories/MMVFX/MMParticles/MMParticlesGamma.png
move	6fbe7cfe9fb9f934da15400bab41eae9	Assets/Feel/MMTools/Accessories/MMPrototypeTextures/Textures/MMPlastic/MMPlasticNormal.png	Assets/Art/Textures/Feel/MMTools/Accessories/MMPrototypeTextures/Textures/MMPlastic/MMPlasticNormal.png
move	8fda172b188d7f342ba64c2c53acc2e4	Assets/Feel/MMTools/Accessories/MMVFX/MMNoise/MMVoronoiNoise.png	Assets/Art/Textures/Feel/MMTools/Accessories/MMVFX/MMNoise/MMVoronoiNoise.png
move	9f32f9f1779317340b6f9788fb5f5c25	Assets/Feel/MMTools/Accessories/MMVFX/MMRipple/MMRippleCircle3NM.png	Assets/Art/Textures/Feel/MMTools/Accessories/MMVFX/MMRipple/MMRippleCircle3NM.png
move	9fb2f7aca634c294ab8ca0d06ee4d78a	Assets/Feel/MMTools/Accessories/MMPrototypeTextures/Textures/MMProtoTextures/MMProtoTextures_YellowSquares.png	Assets/Art/Textures/Feel/MMTools/Accessories/MMPrototypeTextures/Textures/MMProtoTextures/MMProtoTextures_YellowSquares.png
move	9f9e4aca8bab2b74aaed6715f75873ef	Assets/Feel/MMTools/Accessories/MMVFX/MMParticles/MMParticlesFlash.png	Assets/Art/Textures/Feel/MMTools/Accessories/MMVFX/MMParticles/MMParticlesFlash.png
move	aff4855d499cb7646b344323f4129b58	Assets/Feel/MMTools/Accessories/MMGUI/Sprites/MMTools_GUI_1x1.png	Assets/Art/Textures/Feel/MMTools/Accessories/MMGUI/Sprites/MMTools_GUI_1x1.png
move	bf6e65de4f70a4dcf99ceb68e999d287	Assets/Feel/MMTools/Foundation/MMAchievements/Prefabs/AchievementDisplay.prefab	Assets/Art/Prefabs/Feel/MMTools/Foundation/MMAchievements/Prefabs/AchievementDisplay.prefab
move	cfef7c6d601b6c047999b7e4c6a76a31	Assets/Feel/MMTools/Demos/MMTween/Fonts/Lato/SDF/Lato-BoldItalic SDF.asset	Assets/Data/Feedback/Feel/MMTools/Demos/MMTween/Fonts/Lato/SDF/Lato-BoldItalic SDF.asset
move	dfe0b0e9e34f50b459b6c0d5c1341125	Assets/Feel/MMTools/Accessories/MMVFX/MMRipple/MMRippleCircle2.mat	Assets/Art/Materials/Feel/MMTools/Accessories/MMVFX/MMRipple/MMRippleCircle2.mat
move	ff6ef20764af32745ad151687042db56	Assets/Feel/MMTools/Accessories/MMPrototypeTextures/Textures/MMCheckers/MMCheckers.png	Assets/Art/Textures/Feel/MMTools/Accessories/MMPrototypeTextures/Textures/MMCheckers/MMCheckers.png
move	00b9fc554bc35094d9e423683c81474e	Assets/Feel/MMFeedbacks/MMFeedbacksForThirdParty/HDRP/Shakers/MMPaniniProjectionShaker_HDRP.cs	Assets/Scripts/ThirdParty/Feel/MMFeedbacks/MMFeedbacksForThirdParty/HDRP/Shakers/MMPaniniProjectionShaker_HDRP.cs
move	00aa79f91c8cbbf498e626608d2dad16	Assets/Feel/MMTools/Accessories/MMVFX/Scripts/MMPanningTexture.cs	Assets/Scripts/ThirdParty/Feel/MMTools/Accessories/MMVFX/Scripts/MMPanningTexture.cs
move	007ea1391362e4845aee91886eb0cda3	Assets/Feel/MMTools/Accessories/MMActivation/MMTriggerAndCollision.cs	Assets/Scripts/ThirdParty/Feel/MMTools/Accessories/MMActivation/MMTriggerAndCollision.cs
move	003f6640c70f0c74085aeba7df48fe55	Assets/Feel/MMTools/Core/MMRadio/MMProperty/MMPropertyPicker/MMPropertyReceiver.cs	Assets/Scripts/ThirdParty/Feel/MMTools/Core/MMRadio/MMProperty/MMPropertyPicker/MMPropertyReceiver.cs
move	00bf1cad26d9e9342b90f463840caf08	Assets/Feel/MMFeedbacks/Editor/Core/MMFeedbacksConfiguration.cs	Assets/Scripts/ThirdParty/Feel/MMFeedbacks/Editor/Core/MMFeedbacksConfiguration.cs
move	10a07c80400c0ab45a2f60fcda5d5013	Assets/Feel/MMFeedbacks/MMFeedbacksForThirdParty/UIToolkit/Feedbacks/MMF_UIToolkitOpacity.cs	Assets/Scripts/ThirdParty/Feel/MMFeedbacks/MMFeedbacksForThirdParty/UIToolkit/Feedbacks/MMF_UIToolkitOpacity.cs
move	1049f71bc5747d14fa10e114f6cfcfe5	Assets/Feel/MMFeedbacks/MMFeedbacks/Sequencing/Scripts/MMSequencer.cs	Assets/Scripts/ThirdParty/Feel/MMFeedbacks/MMFeedbacks/Sequencing/Scripts/MMSequencer.cs
move	1069bbd270ccb95489ac88d734abbf9e	Assets/Feel/MMTools/Core/MMSingletons/MMPersistentHumbleSingleton.cs	Assets/Scripts/ThirdParty/Feel/MMTools/Core/MMSingletons/MMPersistentHumbleSingleton.cs
move	109f4af2c917dc74aa07733bafe2f548	Assets/Feel/MMFeedbacks/MMFeedbacks/Core/MMF_Player/MMF_PlayerEnabler.cs	Assets/Scripts/ThirdParty/Feel/MMFeedbacks/MMFeedbacks/Core/MMF_Player/MMF_PlayerEnabler.cs
move	2021724c083d14e468ef1f53b7d99472	Assets/Feel/MMFeedbacks/MMFeedbacks/Feedbacks/MMF_ImageMaterial.cs	Assets/Scripts/ThirdParty/Feel/MMFeedbacks/MMFeedbacks/Feedbacks/MMF_ImageMaterial.cs
move	20a16824553d34440a2d4a0aef9f6305	Assets/Feel/MMFeedbacks/MMFeedbacksForThirdParty/UIToolkit/Feedbacks/MMF_UIToolkitTransformOrigin.cs	Assets/Scripts/ThirdParty/Feel/MMFeedbacks/MMFeedbacksForThirdParty/UIToolkit/Feedbacks/MMF_UIToolkitTransformOrigin.cs
move	2082a521ddffd7144aca9043d2728a9a	Assets/Feel/MMFeedbacks/MMFeedbacks/Springs/Springs/MMSpringTMPFontSize.cs	Assets/Scripts/ThirdParty/Feel/MMFeedbacks/MMFeedbacks/Springs/Springs/MMSpringTMPFontSize.cs
move	20aa8b632ddbeab44ab5759e02005195	Assets/Feel/MMFeedbacks/MMFeedbacksForThirdParty/HDRP/Springs/MMSpringPaniniProjectionDistance_HDRP.cs	Assets/Scripts/ThirdParty/Feel/MMFeedbacks/MMFeedbacksForThirdParty/HDRP/Springs/MMSpringPaniniProjectionDistance_HDRP.cs
move	30d11dc2faf07c54ea2ca17622dd3728	Assets/Feel/MMFeedbacks/MMFeedbacksForThirdParty/PostProcessing/Feedbacks/MMF_Bloom.cs	Assets/Scripts/ThirdParty/Feel/MMFeedbacks/MMFeedbacksForThirdParty/PostProcessing/Feedbacks/MMF_Bloom.cs
move	309cd98b547c14b48b9f1c523a6fdc26	Assets/Feel/NiceVibrations/Scripts/Components/JNIHelpers.cs	Assets/Scripts/ThirdParty/Feel/NiceVibrations/Scripts/Components/JNIHelpers.cs
move	40c1cb23e17feb24ca503ff4d7cbf7b0	Assets/Feel/MMFeedbacks/MMFeedbacksForThirdParty/MMTools/Feedbacks/MMF_RectTransformAnchor.cs	Assets/Scripts/ThirdParty/Feel/MMFeedbacks/MMFeedbacksForThirdParty/MMTools/Feedbacks/MMF_RectTransformAnchor.cs
move	4052800b132124e29b9627e77b348b41	Assets/Feel/NiceVibrations/Plugins/Android/libs/LofeltHaptics.aar	Assets/Scripts/ThirdParty/Feel/NiceVibrations/Plugins/Android/libs/LofeltHaptics.aar
move	40f518105f6f40f459c8d96790772f07	Assets/Feel/MMTools/Core/MMExtensions/MMVector3Extensions.cs	Assets/Scripts/ThirdParty/Feel/MMTools/Core/MMExtensions/MMVector3Extensions.cs
move	40eb84ddcba91054fa1432576815aa6b	Assets/Feel/MMTools/Foundation/Editor/MMAI/AITransitionInspectorDrawer.cs	Assets/Scripts/ThirdParty/Feel/MMTools/Foundation/Editor/MMAI/AITransitionInspectorDrawer.cs
move	409ecbe35fc2afd4b82ade0142839256	Assets/Feel/MMTools/Foundation/MMAnimation/MMStopMotionAnimation.cs	Assets/Scripts/ThirdParty/Feel/MMTools/Foundation/MMAnimation/MMStopMotionAnimation.cs
move	50e0d22617aa66044ba0c746fe1d8054	Assets/Feel/MMTools/Core/MMPropertyControllers/TransformController.cs	Assets/Scripts/ThirdParty/Feel/MMTools/Core/MMPropertyControllers/TransformController.cs
move	5093ea98124b9ba4f88d699459437e2d	Assets/Feel/MMFeedbacks/MMFeedbacksForThirdParty/MMTools/Feedbacks/MMF_MMGameEvent.cs	Assets/Scripts/ThirdParty/Feel/MMFeedbacks/MMFeedbacksForThirdParty/MMTools/Feedbacks/MMF_MMGameEvent.cs
move	501b92ed18cfbdc48a6c90492e8834fc	Assets/Feel/MMFeedbacks/MMFeedbacks/Springs/Springs/MMSpringCameraFieldOfView.cs	Assets/Scripts/ThirdParty/Feel/MMFeedbacks/MMFeedbacks/Springs/Springs/MMSpringCameraFieldOfView.cs
move	506d62157a9f2474f92cb4abb6666090	Assets/Feel/MMFeedbacks/MMFeedbacks/Feedbacks/MMF_VideoPlayer.cs	Assets/Scripts/ThirdParty/Feel/MMFeedbacks/MMFeedbacks/Feedbacks/MMF_VideoPlayer.cs
move	50fd27fe4d3854042af8178658492f5b	Assets/Feel/MMTools/Core/Editor/MMRadio/MMPropertyReceiverDrawer.cs	Assets/Scripts/ThirdParty/Feel/MMTools/Core/Editor/MMRadio/MMPropertyReceiverDrawer.cs
move	504ec383a394760468beec53f890add9	Assets/Feel/MMTools/Core/MMAudio/MMSoundManager/MMSoundManagerSettings.cs	Assets/Scripts/ThirdParty/Feel/MMTools/Core/MMAudio/MMSoundManager/MMSoundManagerSettings.cs
move	503fff45948a0ea4cb047c033294e914	Assets/Feel/MMTools/Core/MMTween/MMTweenType.cs	Assets/Scripts/ThirdParty/Feel/MMTools/Core/MMTween/MMTweenType.cs
move	6040f34cccf59644a9602da5bc052d06	Assets/Feel/MMTools/Accessories/MMProcedural/MMGridGenerators/MMGridGeneratorPath.cs	Assets/Scripts/ThirdParty/Feel/MMTools/Accessories/MMProcedural/MMGridGenerators/MMGridGeneratorPath.cs
move	70d3db55e641fa4428b605f636e0015b	Assets/Feel/MMTools/Foundation/Editor/MMAchievements/MMAchievementListInspector.cs	Assets/Scripts/ThirdParty/Feel/MMTools/Foundation/Editor/MMAchievements/MMAchievementListInspector.cs
move	702bfb9f7cc2a2849a2c16f4087d1c55	Assets/Feel/MMTools/Foundation/Editor/MMAI/AIActionInspectorDrawer.cs	Assets/Scripts/ThirdParty/Feel/MMTools/Foundation/Editor/MMAI/AIActionInspectorDrawer.cs
move	80063623289ee3e49b584d00f3a90a32	Assets/Feel/MMTools/Accessories/Editor/MMMovement/MMPathMovement/MMPathMovementEditor.cs	Assets/Scripts/ThirdParty/Feel/MMTools/Accessories/Editor/MMMovement/MMPathMovement/MMPathMovementEditor.cs
move	80361f5e0185bb247a814457c589c1f3	Assets/Feel/MMTools/Accessories/MMActivation/MMOnMouse.cs	Assets/Scripts/ThirdParty/Feel/MMTools/Accessories/MMActivation/MMOnMouse.cs
move	804768c8cbeb00b40bea53c5ddca6399	Assets/Feel/MMFeedbacks/MMFeedbacks/Feedbacks/MMF_SpriteRendererAlpha.cs	Assets/Scripts/ThirdParty/Feel/MMFeedbacks/MMFeedbacks/Feedbacks/MMF_SpriteRendererAlpha.cs
move	80890712e6d1d954e9a1cfbd3b70e79f	Assets/Feel/MMFeedbacks/MMFeedbacksForThirdParty/PostProcessing/Feedbacks/MMF_LensDistortion.cs	Assets/Scripts/ThirdParty/Feel/MMFeedbacks/MMFeedbacksForThirdParty/PostProcessing/Feedbacks/MMF_LensDistortion.cs
move	90a030b5ab0574cd9880e136f5e0261c	Assets/Feel/NiceVibrations/Scripts/Editor/HapticSourceInspector.cs	Assets/Scripts/ThirdParty/Feel/NiceVibrations/Scripts/Editor/HapticSourceInspector.cs
move	9091b3d5ef7624b47a328c984fa25e09	Assets/Feel/MMTools/Accessories/MMDebugMenu/Scripts/Events/MMDebugMenuCheckboxEventListener.cs	Assets/Scripts/ThirdParty/Feel/MMTools/Accessories/MMDebugMenu/Scripts/Events/MMDebugMenuCheckboxEventListener.cs
move	9004edcd6234bf449a2d7812b79b5806	Assets/Feel/MMFeedbacks/MMFeedbacksForThirdParty/PostProcessing/Feedbacks/MMF_GlobalPPVolumeAutoBlend.cs	Assets/Scripts/ThirdParty/Feel/MMFeedbacks/MMFeedbacksForThirdParty/PostProcessing/Feedbacks/MMF_GlobalPPVolumeAutoBlend.cs
move	90d58dde470982e44ab64592b6029c50	Assets/Feel/MMFeedbacks/MMFeedbacks/Shakers/MMAudioSourceVolumeShaker.cs	Assets/Scripts/ThirdParty/Feel/MMFeedbacks/MMFeedbacks/Shakers/MMAudioSourceVolumeShaker.cs
move	90e9b0613a9f9544580c1644719392dd	Assets/Feel/MMTools/Accessories/MMCamera/MMBillboard.cs	Assets/Scripts/ThirdParty/Feel/MMTools/Accessories/MMCamera/MMBillboard.cs
move	a083e52b3b6964a0d88af5b74900af5e	Assets/Feel/MMTools/Core/MMAttributes/MMInformationAttribute.cs	Assets/Scripts/ThirdParty/Feel/MMTools/Core/MMAttributes/MMInformationAttribute.cs
move	a0268287db794044a9b5492805490c05	Assets/Feel/MMFeedbacks/MMFeedbacks/Springs/Core/MMSpringVector3.cs	Assets/Scripts/ThirdParty/Feel/MMFeedbacks/MMFeedbacks/Springs/Core/MMSpringVector3.cs
move	a0874b2291d387847be139a6824cc576	Assets/Feel/MMTools/Core/MMHelpers/MMInput.cs	Assets/Scripts/ThirdParty/Feel/MMTools/Core/MMHelpers/MMInput.cs
move	b0712f49a894a7149b9dcdb51af896d1	Assets/Feel/MMFeedbacks/MMFeedbacks/Feedbacks/MMF_Position.cs	Assets/Scripts/ThirdParty/Feel/MMFeedbacks/MMFeedbacks/Feedbacks/MMF_Position.cs
move	b0b3f00a75cc857439b13b8bafb37894	Assets/Feel/MMFeedbacks/MMFeedbacks/Core/ObjectPool/MMMiniPoolableObject.cs	Assets/Scripts/ThirdParty/Feel/MMFeedbacks/MMFeedbacks/Core/ObjectPool/MMMiniPoolableObject.cs
move	b0f7ebe879e82aa489329e54525c43ab	Assets/Feel/MMFeedbacks/MMFeedbacksForThirdParty/HDRP/Shakers/MMChromaticAberrationShaker_HDRP.cs	Assets/Scripts/ThirdParty/Feel/MMFeedbacks/MMFeedbacksForThirdParty/HDRP/Shakers/MMChromaticAberrationShaker_HDRP.cs
move	b0397bb261ecd924ba0668927c40ba3a	Assets/Feel/MMTools/Core/MMSaveLoad/MMPersistent.cs	Assets/Scripts/ThirdParty/Feel/MMTools/Core/MMSaveLoad/MMPersistent.cs
move	b04ed8e9bde180e45bebd340d0981646	Assets/Feel/MMFeedbacks/MMFeedbacksForThirdParty/TextMeshPro/MoreMountains.Feedbacks.TextMeshPro.asmref	Assets/Scripts/ThirdParty/Feel/MMFeedbacks/MMFeedbacksForThirdParty/TextMeshPro/MoreMountains.Feedbacks.TextMeshPro.asmref
move	c074591fd378046418957bf77882defc	Assets/Feel/MMTools/Core/MMRadio/MMProperty/MMPropertyLink/MMPropertyLinkVector2.cs	Assets/Scripts/ThirdParty/Feel/MMTools/Core/MMRadio/MMProperty/MMPropertyLink/MMPropertyLinkVector2.cs
move	c0952ef5bf0c90a4eb36a3217da349b6	Assets/Feel/MMFeedbacks/MMFeedbacks/Feedbacks/MMF_AnimationCrossfade.cs	Assets/Scripts/ThirdParty/Feel/MMFeedbacks/MMFeedbacks/Feedbacks/MMF_AnimationCrossfade.cs
move	c0c6834fc909cbf439bdf1d669ef2958	Assets/Feel/MMFeedbacks/MMFeedbacksForThirdParty/HDRP/Springs/MMSpringColorAdjustmentsSaturation_HDRP.cs	Assets/Scripts/ThirdParty/Feel/MMFeedbacks/MMFeedbacksForThirdParty/HDRP/Springs/MMSpringColorAdjustmentsSaturation_HDRP.cs
move	c05de6f8b07240b4e87c6219630c251d	Assets/Feel/MMTools/Accessories/MMProcedural/MMGridGenerators/MMGridGeneratorRandom.cs	Assets/Scripts/ThirdParty/Feel/MMTools/Accessories/MMProcedural/MMGridGenerators/MMGridGeneratorRandom.cs
move	c05f8d9b1617d624cba54512d0bda394	Assets/Feel/MMFeedbacks/MMFeedbacksForThirdParty/NiceVibrations/MoreMountains.Feedbacks.NiceVibrations.asmref	Assets/Scripts/ThirdParty/Feel/MMFeedbacks/MMFeedbacksForThirdParty/NiceVibrations/MoreMountains.Feedbacks.NiceVibrations.asmref
move	d039e33a2be33f14e98835c8a207cc1d	Assets/Feel/MMTools/Accessories/MMDebugMenu/Scripts/Events/MMDebugMenuCheckboxEvent.cs	Assets/Scripts/ThirdParty/Feel/MMTools/Accessories/MMDebugMenu/Scripts/Events/MMDebugMenuCheckboxEvent.cs
move	d01c21882f8c03844831b4d587f470b6	Assets/Feel/MMFeedbacks/MMFeedbacksForThirdParty/MMTools/Feedbacks/MMF_RadioSignal.cs	Assets/Scripts/ThirdParty/Feel/MMFeedbacks/MMFeedbacksForThirdParty/MMTools/Feedbacks/MMF_RadioSignal.cs
move	d02d555b253bdc24e98b4e6bc088c59c	Assets/Feel/MMFeedbacks/MMFeedbacks/Feedbacks/MMF_AudioSourceVolume.cs	Assets/Scripts/ThirdParty/Feel/MMFeedbacks/MMFeedbacks/Feedbacks/MMF_AudioSourceVolume.cs
move	d0cf5074ca154b84c9792d6d8c1e8ab0	Assets/Feel/MMTools/Accessories/MMUtilities/MMSceneViewIcon.cs	Assets/Scripts/ThirdParty/Feel/MMTools/Accessories/MMUtilities/MMSceneViewIcon.cs
move	e0b0662717e477a49ab069670a2b5bc6	Assets/Feel/MMFeedbacks/MMFeedbacksForThirdParty/URP/Springs/MMSpringVignetteColor_URP.cs	Assets/Scripts/ThirdParty/Feel/MMFeedbacks/MMFeedbacksForThirdParty/URP/Springs/MMSpringVignetteColor_URP.cs
move	e0924103a050c4bbc88d415b79a67df2	Assets/Feel/NiceVibrations/Scripts/Components/AssemblyInfo.cs	Assets/Scripts/ThirdParty/Feel/NiceVibrations/Scripts/Components/AssemblyInfo.cs
move	e0056b25dc228574191f188adc74a57a	Assets/Feel/MMFeedbacks/MMFeedbacksForThirdParty/HDRP/Springs/MMSpringBloomIntensity_HDRP.cs	Assets/Scripts/ThirdParty/Feel/MMFeedbacks/MMFeedbacksForThirdParty/HDRP/Springs/MMSpringBloomIntensity_HDRP.cs
move	e078eaa3f1defa44cad7a1243d113a84	Assets/Feel/MMTools/Accessories/MMMovement/MMAim.cs	Assets/Scripts/ThirdParty/Feel/MMTools/Accessories/MMMovement/MMAim.cs
move	e08d8cde70b2ab541adf3efc246ef16a	Assets/Feel/MMTools/Foundation/Editor/MoreMountains.Tools.Foundation.Editor.asmref	Assets/Scripts/ThirdParty/Feel/MMTools/Foundation/Editor/MoreMountains.Tools.Foundation.Editor.asmref
move	f0a82a086afdc494db67a8b50f091d1e	Assets/Feel/MMFeedbacks/MMFeedbacks/Shakers/MMPositionShaker.cs	Assets/Scripts/ThirdParty/Feel/MMFeedbacks/MMFeedbacks/Shakers/MMPositionShaker.cs
move	01608833a8be3af4587b87e116bffc68	Assets/Feel/MMTools/Accessories/MMProcedural/MMTilemapGenerator/MMTilemapGeneratorLayer.cs	Assets/Scripts/ThirdParty/Feel/MMTools/Accessories/MMProcedural/MMTilemapGenerator/MMTilemapGeneratorLayer.cs
move	01b19754f5c052d4096f67cfce76eb7f	Assets/Feel/MMFeedbacks/MMFeedbacksForThirdParty/URP/Springs/MMSpringColorAdjustmentsHueShift_URP.cs	Assets/Scripts/ThirdParty/Feel/MMFeedbacks/MMFeedbacksForThirdParty/URP/Springs/MMSpringColorAdjustmentsHueShift_URP.cs
move	01d2d7068b8e40b48bdbdfd98d3edf52	Assets/Feel/MMFeedbacks/MMFeedbacks/Springs/Springs/MMSpringAudioSourcePitch.cs	Assets/Scripts/ThirdParty/Feel/MMFeedbacks/MMFeedbacks/Springs/Springs/MMSpringAudioSourcePitch.cs
move	01d38a71c34274ee0b94de34ac7931c8	Assets/Feel/MMTools/Core/MMHelpers/MMLayers.cs	Assets/Scripts/ThirdParty/Feel/MMTools/Core/MMHelpers/MMLayers.cs
move	1193a6fa247fd0a49bb7636d5a09dce3	Assets/Feel/MMFeedbacks/MMFeedbacks/Springs/Core/MMSpringColor.cs	Assets/Scripts/ThirdParty/Feel/MMFeedbacks/MMFeedbacks/Springs/Core/MMSpringColor.cs
move	11a82a4f9d8826e43b281ce3d781d6f4	Assets/Feel/MMTools/Core/MMSceneLoading/Scripts/Managers/MMSceneLoadingAntiSpill.cs	Assets/Scripts/ThirdParty/Feel/MMTools/Core/MMSceneLoading/Scripts/Managers/MMSceneLoadingAntiSpill.cs
move	11ac693b84e2c634d8baf89d406335ab	Assets/Feel/MMFeedbacks/MMFeedbacks/Springs/Springs/MMSpringMMTimeScale.cs	Assets/Scripts/ThirdParty/Feel/MMFeedbacks/MMFeedbacks/Springs/Springs/MMSpringMMTimeScale.cs
move	117d5758fb780a14d91b570328c048da	Assets/Feel/MMTools/Core/Editor/MMAttributes/MMMonoBehaviourUITKEditor.cs	Assets/Scripts/ThirdParty/Feel/MMTools/Core/Editor/MMAttributes/MMMonoBehaviourUITKEditor.cs
move	2192c456bb84f804aa4b04b6c64a7acb	Assets/Feel/MMFeedbacks/MMFeedbacksForThirdParty/TextMeshPro/MMFloatingText/MMFloatingTextMeshPro.cs	Assets/Scripts/ThirdParty/Feel/MMFeedbacks/MMFeedbacksForThirdParty/TextMeshPro/MMFloatingText/MMFloatingTextMeshPro.cs
move	21e69a8c38f55e84ea754b184697f036	Assets/Feel/MMTools/Accessories/MMProcedural/MMGridGenerators/MMGridGeneratorRandomWalkGround.cs	Assets/Scripts/ThirdParty/Feel/MMTools/Accessories/MMProcedural/MMGridGenerators/MMGridGeneratorRandomWalkGround.cs
move	21ce7c9bf4bb53a41a878a3326a68b3d	Assets/Feel/MMTools/Core/MMAudio/MMSoundManager/MMForceDestroyInPlayMode.cs	Assets/Scripts/ThirdParty/Feel/MMTools/Core/MMAudio/MMSoundManager/MMForceDestroyInPlayMode.cs
move	31579fc1a653bad4fb53e3b1931fdd27	Assets/Feel/MMFeedbacks/MMFeedbacks/Shakers/MMCameraOrthographicSizeShaker.cs	Assets/Scripts/ThirdParty/Feel/MMFeedbacks/MMFeedbacks/Shakers/MMCameraOrthographicSizeShaker.cs
move	3148d0478f12644438359651f85a7a92	Assets/Feel/MMTools/Core/MMObjectPool/MMObjectPool.cs	Assets/Scripts/ThirdParty/Feel/MMTools/Core/MMObjectPool/MMObjectPool.cs
move	315af83f344d8a24e9f6d1399e439fdd	Assets/Feel/MMTools/Core/MMUI/MMFaderDirectional.cs	Assets/Scripts/ThirdParty/Feel/MMTools/Core/MMUI/MMFaderDirectional.cs
move	4111d7e29da39ee46b807daa22dd3af9	Assets/Feel/MMTools/Accessories/MMDebugMenu/Scripts/MMDebugMenuItems/MMDebugMenuItemButton.cs	Assets/Scripts/ThirdParty/Feel/MMTools/Accessories/MMDebugMenu/Scripts/MMDebugMenuItems/MMDebugMenuItemButton.cs
move	413dbb3ab27b9eb40a8bc94473c0565c	Assets/Feel/MMFeedbacks/MMFeedbacksForThirdParty/UIToolkit/Feedbacks/MMF_UIToolkitTextColor.cs	Assets/Scripts/ThirdParty/Feel/MMFeedbacks/MMFeedbacksForThirdParty/UIToolkit/Feedbacks/MMF_UIToolkitTextColor.cs
move	413e26d7ac278d24fb4ab58e410a9850	Assets/Feel/MMFeedbacks/MMFeedbacksForThirdParty/URP/Shakers/MMWhiteBalanceShaker_URP.cs	Assets/Scripts/ThirdParty/Feel/MMFeedbacks/MMFeedbacksForThirdParty/URP/Shakers/MMWhiteBalanceShaker_URP.cs
move	410f70980477c8447b83369c392945f1	Assets/Feel/MMFeedbacks/MMFeedbacks/Springs/Springs/MMSpringLightColor.cs	Assets/Scripts/ThirdParty/Feel/MMFeedbacks/MMFeedbacks/Springs/Springs/MMSpringLightColor.cs
move	416f266b197306a49975dadec6e05526	Assets/Feel/MMFeedbacks/MMFeedbacksForThirdParty/PostProcessing/Shakers/MMColorGradingShaker.cs	Assets/Scripts/ThirdParty/Feel/MMFeedbacks/MMFeedbacksForThirdParty/PostProcessing/Shakers/MMColorGradingShaker.cs
move	5132fa5788b8a7347b370fa5d071c913	Assets/Feel/MMTools/Core/MMReorderableList/ReorderableArray.cs	Assets/Scripts/ThirdParty/Feel/MMTools/Core/MMReorderableList/ReorderableArray.cs
move	51662a222e352d74a8ad12e5843f7501	Assets/Feel/MMFeedbacks/MMFeedbacksForThirdParty/Cinemachine/Shakers/MMCinemachineZoom.cs	Assets/Scripts/ThirdParty/Feel/MMFeedbacks/MMFeedbacksForThirdParty/Cinemachine/Shakers/MMCinemachineZoom.cs
move	51cd42785d86b984f857efaa3a7e0f28	Assets/Feel/MMFeedbacks/MMFeedbacksForThirdParty/URP/Feedbacks/MMF_MotionBlur_URP.cs	Assets/Scripts/ThirdParty/Feel/MMFeedbacks/MMFeedbacksForThirdParty/URP/Feedbacks/MMF_MotionBlur_URP.cs
move	519fc1b1af1286148b6fbb86b4ef2eeb	Assets/Feel/MMFeedbacks/MMFeedbacksForThirdParty/HDRP/Shakers/MMLensDistortionShaker_HDRP.cs	Assets/Scripts/ThirdParty/Feel/MMFeedbacks/MMFeedbacksForThirdParty/HDRP/Shakers/MMLensDistortionShaker_HDRP.cs
move	6112045d35430d84797f5786482c0129	Assets/Feel/MMFeedbacks/MMFeedbacks/Feedbacks/MMF_AudioFilterLowPass.cs	Assets/Scripts/ThirdParty/Feel/MMFeedbacks/MMFeedbacks/Feedbacks/MMF_AudioFilterLowPass.cs
move	61848ed5026b644829e2fcb4a2207848	Assets/Feel/MMTools/Core/MMHelpers/MMHelpers.cs	Assets/Scripts/ThirdParty/Feel/MMTools/Core/MMHelpers/MMHelpers.cs
move	61a572ed6d10d874b96ae733ad19bed9	Assets/Feel/MMTools/Core/Editor/MMAudio/MMSoundManager/MMSoundManagerEditor.cs	Assets/Scripts/ThirdParty/Feel/MMTools/Core/Editor/MMAudio/MMSoundManager/MMSoundManagerEditor.cs
move	61270f15bcfabeb4ba61296fad914dbe	Assets/Feel/MMTools/Core/Editor/MMRadio/MMRadioSignalEditor.cs	Assets/Scripts/ThirdParty/Feel/MMTools/Core/Editor/MMRadio/MMRadioSignalEditor.cs
move	612eadebc195496bb2114cdf0cc543e2	Assets/Feel/MMFeedbacks/Editor/Core/MMF_PlayerEditorSettings.cs	Assets/Scripts/ThirdParty/Feel/MMFeedbacks/Editor/Core/MMF_PlayerEditorSettings.cs
move	614edb33c38bcf949846d5675f29f9fb	Assets/Feel/MMTools/Core/MMAudio/MMSoundManager/MMSoundManager.cs	Assets/Scripts/ThirdParty/Feel/MMTools/Core/MMAudio/MMSoundManager/MMSoundManager.cs
move	7190b0080c757413082e75f41313dee8	Assets/Feel/MMTools/Foundation/MMAchievements/Scripts/MMAchievementManager.cs	Assets/Scripts/ThirdParty/Feel/MMTools/Foundation/MMAchievements/Scripts/MMAchievementManager.cs
move	71d1f877a9ca4ed48963fe747f743dfc	Assets/Feel/MMFeedbacks/MMFeedbacksForThirdParty/URP/Shakers/MMColorAdjustmentsShaker_URP.cs	Assets/Scripts/ThirdParty/Feel/MMFeedbacks/MMFeedbacksForThirdParty/URP/Shakers/MMColorAdjustmentsShaker_URP.cs
move	71bd7b8dc6ab21844b34803a4084a56e	Assets/Feel/MMTools/Accessories/MMTilemaps/MMTilemap.cs	Assets/Scripts/ThirdParty/Feel/MMTools/Accessories/MMTilemaps/MMTilemap.cs
move	716ed1aa8290ba04ba69b411a3d8554a	Assets/Feel/MMFeedbacks/MMFeedbacks/Core/MMFeedbacksEvents.cs	Assets/Scripts/ThirdParty/Feel/MMFeedbacks/MMFeedbacks/Core/MMFeedbacksEvents.cs
move	81b13cdaf196f864186817b183b55f91	Assets/Feel/MMFeedbacks/MMFeedbacksForThirdParty/URP/Springs/MMSpringColorAdjustmentsContrast_URP.cs	Assets/Scripts/ThirdParty/Feel/MMFeedbacks/MMFeedbacksForThirdParty/URP/Springs/MMSpringColorAdjustmentsContrast_URP.cs
move	8117ecb7d1e9e3a49bf38e7ab2c09ff7	Assets/Feel/MMFeedbacks/MMFeedbacksForThirdParty/MMTools/Feedbacks/MMF_BroadcastProxy.cs	Assets/Scripts/ThirdParty/Feel/MMFeedbacks/MMFeedbacksForThirdParty/MMTools/Feedbacks/MMF_BroadcastProxy.cs
move	81cf12de3b3c98d489779a3382046725	Assets/Feel/MMFeedbacks/MMFeedbacksForThirdParty/PostProcessing/Shakers/MMVignetteShaker.cs	Assets/Scripts/ThirdParty/Feel/MMFeedbacks/MMFeedbacksForThirdParty/PostProcessing/Shakers/MMVignetteShaker.cs
move	917c0ac4eae5a1242b4e00cc4381eba1	Assets/Feel/MMFeedbacks/MMFeedbacks/Feedbacks/MMF_Particles.cs	Assets/Scripts/ThirdParty/Feel/MMFeedbacks/MMFeedbacks/Feedbacks/MMF_Particles.cs
move	91ee58105ec38c84b905bd3f290dd6b6	Assets/Feel/MMFeedbacks/MMFeedbacksForThirdParty/URP/Feedbacks/MMF_ChannelMixer_URP.cs	Assets/Scripts/ThirdParty/Feel/MMFeedbacks/MMFeedbacksForThirdParty/URP/Feedbacks/MMF_ChannelMixer_URP.cs
move	a191453c9f5a69348a9014eb1f7a35d7	Assets/Feel/MMFeedbacks/MMFeedbacksForThirdParty/UIToolkit/Feedbacks/MMF_UIToolkitBackgroundColor.cs	Assets/Scripts/ThirdParty/Feel/MMFeedbacks/MMFeedbacksForThirdParty/UIToolkit/Feedbacks/MMF_UIToolkitBackgroundColor.cs
move	a1d30844a1ef58b4f8e34a359c02ccd7	Assets/Feel/MMFeedbacks/MMFeedbacks/Feedbacks/MMF_AudioSourceStereoPan.cs	Assets/Scripts/ThirdParty/Feel/MMFeedbacks/MMFeedbacks/Feedbacks/MMF_AudioSourceStereoPan.cs
move	a1d53c42aa1029048b98580478952105	Assets/Feel/MMTools/Foundation/Editor/MMAchievements/MMAchievementMenu.cs	Assets/Scripts/ThirdParty/Feel/MMTools/Foundation/Editor/MMAchievements/MMAchievementMenu.cs
move	a1f799d610ab96d409225e15095ce227	Assets/Feel/MMFeedbacks/MMFeedbacksForThirdParty/HDRP/Springs/MMSpringColorAdjustmentsContrast_HDRP.cs	Assets/Scripts/ThirdParty/Feel/MMFeedbacks/MMFeedbacksForThirdParty/HDRP/Springs/MMSpringColorAdjustmentsContrast_HDRP.cs
move	a14b560285de1794cb8915d623ec0462	Assets/Feel/MMFeedbacks/Editor/Core/UIToolkit/MMF_PlayerEditorUITK.cs	Assets/Scripts/ThirdParty/Feel/MMFeedbacks/Editor/Core/UIToolkit/MMF_PlayerEditorUITK.cs
move	a1fc9c7a40e1f2245a0a7c067509a2ae	Assets/Feel/MMTools/Accessories/MMCamera/MMViewportEdgeTeleporter.cs	Assets/Scripts/ThirdParty/Feel/MMTools/Accessories/MMCamera/MMViewportEdgeTeleporter.cs
move	b117019c414540246a342a9d82792889	Assets/Feel/MMFeedbacks/MMFeedbacks/Feedbacks/MMF_Collider2D.cs	Assets/Scripts/ThirdParty/Feel/MMFeedbacks/MMFeedbacks/Feedbacks/MMF_Collider2D.cs
move	b177fc310544d6a4c94b26e23d9b31d1	Assets/Feel/NiceVibrations/Plugins/Windows/x64/nice_vibrations_editor_plugin.dll	Assets/Scripts/ThirdParty/Feel/NiceVibrations/Plugins/Windows/x64/nice_vibrations_editor_plugin.dll
move	c1936492d497f004da5f6dca108969fd	Assets/Feel/MMFeedbacks/MMFeedbacksForThirdParty/VisualEffectGraph/MoreMountains.Feedbacks.VisualEffectGraph.asmref	Assets/Scripts/ThirdParty/Feel/MMFeedbacks/MMFeedbacksForThirdParty/VisualEffectGraph/MoreMountains.Feedbacks.VisualEffectGraph.asmref
move	c1a5ec5dd90c97b4290f922165118df9	Assets/Feel/MMFeedbacks/MMFeedbacks/Feedbacks/MMF_Material.cs	Assets/Scripts/ThirdParty/Feel/MMFeedbacks/MMFeedbacks/Feedbacks/MMF_Material.cs
move	c1ff13de90405b44ca56efcdfea7be6f	Assets/Feel/MMFeedbacks/MMFeedbacks/Feedbacks/MMF_ReferenceHolder.cs	Assets/Scripts/ThirdParty/Feel/MMFeedbacks/MMFeedbacks/Feedbacks/MMF_ReferenceHolder.cs
move	d103290728e03b448829fc4b58e285ac	Assets/Feel/MMTools/Accessories/Editor/MMMovement/MMPathMovement/MMPathEditor.cs	Assets/Scripts/ThirdParty/Feel/MMTools/Accessories/Editor/MMMovement/MMPathMovement/MMPathEditor.cs
move	d1b8594b6c8c7fe478fab3b86d0b62db	Assets/Feel/MMFeedbacks/MMFeedbacks/Shakers/MMCameraFieldOfViewShaker.cs	Assets/Scripts/ThirdParty/Feel/MMFeedbacks/MMFeedbacks/Shakers/MMCameraFieldOfViewShaker.cs
move	d1398e413230465419066aaaf13ffe1c	Assets/Feel/MMFeedbacks/MMFeedbacks/Feedbacks/MMF_AudioFilterHighPass.cs	Assets/Scripts/ThirdParty/Feel/MMFeedbacks/MMFeedbacks/Feedbacks/MMF_AudioFilterHighPass.cs
move	d179f1ca35fc44c4fb760f847e59aa88	Assets/Feel/MMTools/Foundation/MMGhostCamera/MMGhostCamera.cs	Assets/Scripts/ThirdParty/Feel/MMTools/Foundation/MMGhostCamera/MMGhostCamera.cs
move	e157e875e121b174d903add782257618	Assets/Feel/MMFeedbacks/MMFeedbacks/Springs/Springs/MMSpringShaderController.cs	Assets/Scripts/ThirdParty/Feel/MMFeedbacks/MMFeedbacks/Springs/Springs/MMSpringShaderController.cs
move	e16a029f4e85daf40b26bf34dcb47b4f	Assets/Feel/MMFeedbacks/MMFeedbacks/Shakers/MMAudioFilterReverbShaker.cs	Assets/Scripts/ThirdParty/Feel/MMFeedbacks/MMFeedbacks/Shakers/MMAudioFilterReverbShaker.cs
move	e10dd6620d1eaec43a30fad8fa6249bc	Assets/Feel/MMTools/Core/MMAttributes/MMHiddenPropertiesAttribute.cs	Assets/Scripts/ThirdParty/Feel/MMTools/Core/MMAttributes/MMHiddenPropertiesAttribute.cs
move	f122798344263f34ea0ec3c27298c57a	Assets/Feel/MMFeedbacks/MMFeedbacksForThirdParty/PostProcessing/Springs/MMSpringColorGradingTint.cs	Assets/Scripts/ThirdParty/Feel/MMFeedbacks/MMFeedbacksForThirdParty/PostProcessing/Springs/MMSpringColorGradingTint.cs
move	f13474093d5e96142b32136ddb5a8a14	Assets/Feel/MMTools/Accessories/MMParticles/MMAutoDestroyParticleSystem.cs	Assets/Scripts/ThirdParty/Feel/MMTools/Accessories/MMParticles/MMAutoDestroyParticleSystem.cs
move	f1ca607d01430f9419336e2d59ee639b	Assets/Feel/MMTools/Core/MMRadio/MMProperty/MMPropertyLink/MMPropertyLink.cs	Assets/Scripts/ThirdParty/Feel/MMTools/Core/MMRadio/MMProperty/MMPropertyLink/MMPropertyLink.cs
move	f1ac9205114b9d44a8eed663e283ea09	Assets/Feel/MMTools/Accessories/MMCurves/Plotter/MMPlotterAxis.cs	Assets/Scripts/ThirdParty/Feel/MMTools/Accessories/MMCurves/Plotter/MMPlotterAxis.cs
move	023e5778f8d3894419aef3ebf75dc74d	Assets/Feel/MMFeedbacks/MMFeedbacks/Springs/Springs/MMSpringImageColor.cs	Assets/Scripts/ThirdParty/Feel/MMFeedbacks/MMFeedbacks/Springs/Springs/MMSpringImageColor.cs
move	12023ad27a32d0447a80e1043fa53b22	Assets/Feel/MMFeedbacks/MMFeedbacks/Feedbacks/MMF_Pause.cs	Assets/Scripts/ThirdParty/Feel/MMFeedbacks/MMFeedbacks/Feedbacks/MMF_Pause.cs
move	12f6f90faaf30834980e50fda0c74a9c	Assets/Feel/MMTools/Foundation/MMControls/MMTouchFollowerJoystick.cs	Assets/Scripts/ThirdParty/Feel/MMTools/Foundation/MMControls/MMTouchFollowerJoystick.cs
move	1297b688774526f418895a2f09176619	Assets/Feel/MMFeedbacks/MMFeedbacksForThirdParty/PostProcessing/Shakers/MMChromaticAberrationShaker.cs	Assets/Scripts/ThirdParty/Feel/MMFeedbacks/MMFeedbacksForThirdParty/PostProcessing/Shakers/MMChromaticAberrationShaker.cs
move	12a7d0ec5f1424c129527c01a444e964	Assets/Feel/MMTools/Foundation/MMAchievements/Scripts/MMAchievement.cs	Assets/Scripts/ThirdParty/Feel/MMTools/Foundation/MMAchievements/Scripts/MMAchievement.cs
move	12d7216a3e967954ca8945932aa92fd4	Assets/Feel/MMTools/Core/MMSaveLoad/MMSaveLoadManagerMethodBinaryEncrypted.cs	Assets/Scripts/ThirdParty/Feel/MMTools/Core/MMSaveLoad/MMSaveLoadManagerMethodBinaryEncrypted.cs
move	122b2359ffbe5164db4f3af49fcd7c1a	Assets/Feel/MMTools/Core/MMExtensions/MMDictionaryExtensions.cs	Assets/Scripts/ThirdParty/Feel/MMTools/Core/MMExtensions/MMDictionaryExtensions.cs
move	123f46c3aae9cbd4bba38e5dcf9cecae	Assets/Feel/MMTools/Core/MMAudio/MMSoundManager/MMSoundManagerPlayOptions.cs	Assets/Scripts/ThirdParty/Feel/MMTools/Core/MMAudio/MMSoundManager/MMSoundManagerPlayOptions.cs
move	22f8635412949d74b887ff1dc1a31742	Assets/Feel/MMFeedbacks/MMFeedbacks/Springs/Springs/MMSpringLightRange.cs	Assets/Scripts/ThirdParty/Feel/MMFeedbacks/MMFeedbacks/Springs/Springs/MMSpringLightRange.cs
move	22acaeb1b9f9e4fbbb6486133e649e67	Assets/Feel/MMTools/Accessories/Editor/MMUtilities/ManagerIconEditor.cs	Assets/Scripts/ThirdParty/Feel/MMTools/Accessories/Editor/MMUtilities/ManagerIconEditor.cs
move	32002db2f9b16ed45ac2cfd0f37f96e4	Assets/Feel/MMTools/Core/MMSceneLoading/Scripts/Helpers/MMSceneLoadingImageProgress.cs	Assets/Scripts/ThirdParty/Feel/MMTools/Core/MMSceneLoading/Scripts/Helpers/MMSceneLoadingImageProgress.cs
move	32341f6d89b7cd14bbe2102075e9e0cc	Assets/Feel/MMTools/Core/MMExtensions/MMVector2Extensions.cs	Assets/Scripts/ThirdParty/Feel/MMTools/Core/MMExtensions/MMVector2Extensions.cs
move	325b5ef7494cead4fbd33a7e9c22c44d	Assets/Feel/MMTools/Core/MMAttributes/MMInspectorButtonAttribute.cs	Assets/Scripts/ThirdParty/Feel/MMTools/Core/MMAttributes/MMInspectorButtonAttribute.cs
move	32dd23bf97680be41a75b45b50f0d8ac	Assets/Feel/MMTools/Accessories/MMPerformance/MMFPSUnlock.cs	Assets/Scripts/ThirdParty/Feel/MMTools/Accessories/MMPerformance/MMFPSUnlock.cs
move	32ed9853196ac60439e759122c98a09f	Assets/Feel/MMTools/Core/MMSingletons/MMPersistentSingleton.cs	Assets/Scripts/ThirdParty/Feel/MMTools/Core/MMSingletons/MMPersistentSingleton.cs
move	42453e475524af140ac923a2fe1e86f6	Assets/Feel/MMFeedbacks/MMFeedbacks/Feedbacks/MMF_AnimatorSpeed.cs	Assets/Scripts/ThirdParty/Feel/MMFeedbacks/MMFeedbacks/Feedbacks/MMF_AnimatorSpeed.cs
move	42dea95f190fc574eb0ce3f815cb2200	Assets/Feel/MMTools/Core/MMAttributes/MMDropdownAttribute.cs	Assets/Scripts/ThirdParty/Feel/MMTools/Core/MMAttributes/MMDropdownAttribute.cs
move	627c672fde1366f4ba7e81dbe83a464c	Assets/Feel/MMFeedbacks/MMFeedbacks/Springs/Feedbacks/MMF_SpringVector4.cs	Assets/Scripts/ThirdParty/Feel/MMFeedbacks/MMFeedbacks/Springs/Feedbacks/MMF_SpringVector4.cs
move	623d70b4da82bca44ba2a5afde9d09a2	Assets/Feel/MMFeedbacks/MMFeedbacks/Feedbacks/MMF_FreezeFrame.cs	Assets/Scripts/ThirdParty/Feel/MMFeedbacks/MMFeedbacks/Feedbacks/MMF_FreezeFrame.cs
move	72f4893994302d847bdb90bf4feead48	Assets/Feel/MMFeedbacks/MMFeedbacksForThirdParty/NiceVibrations/Feedbacks/MMF_NVEmphasis.cs	Assets/Scripts/ThirdParty/Feel/MMFeedbacks/MMFeedbacksForThirdParty/NiceVibrations/Feedbacks/MMF_NVEmphasis.cs
move	72d51457cd4e8a5438095d1ce5ce5f6f	Assets/Feel/MMTools/Core/MMAudio/MMAudioEvents/MMAudioEvents.cs	Assets/Scripts/ThirdParty/Feel/MMTools/Core/MMAudio/MMAudioEvents/MMAudioEvents.cs
move	72c972a1271fae14a92c46848763b4c0	Assets/Feel/MMFeedbacks/MMFeedbacksForThirdParty/UIToolkit/Feedbacks/MMF_UIToolkitBorderColor.cs	Assets/Scripts/ThirdParty/Feel/MMFeedbacks/MMFeedbacksForThirdParty/UIToolkit/Feedbacks/MMF_UIToolkitBorderColor.cs
move	723c68a65280145479e4e0b2f94a6ff0	Assets/Feel/MMTools/Accessories/MMActivation/MMAutoExecution.cs	Assets/Scripts/ThirdParty/Feel/MMTools/Accessories/MMActivation/MMAutoExecution.cs
move	72de0b0360096ea41a18d17864ecb963	Assets/Feel/MMTools/Core/MMObjectPool/MMPoolableObject.cs	Assets/Scripts/ThirdParty/Feel/MMTools/Core/MMObjectPool/MMPoolableObject.cs
move	822282e53ae1ea84d9795a45c89280db	Assets/Feel/MMFeedbacks/Editor/Core/MMFeedbacksColors.cs	Assets/Scripts/ThirdParty/Feel/MMFeedbacks/Editor/Core/MMFeedbacksColors.cs
move	82c6a6e2f2e591a498214d03f76d9f09	Assets/Feel/MMTools/Accessories/Editor/MMUtilities/MMScreenshotEditor.cs	Assets/Scripts/ThirdParty/Feel/MMTools/Accessories/Editor/MMUtilities/MMScreenshotEditor.cs
move	829c0c502ddd29f4c9e90c02353b2c34	Assets/Feel/MMFeedbacks/MMFeedbacks/Feedbacks/MMF_Flash.cs	Assets/Scripts/ThirdParty/Feel/MMFeedbacks/MMFeedbacks/Feedbacks/MMF_Flash.cs
move	921537c8cf6464a24bd55f54ec8ea0d0	Assets/Feel/NiceVibrations/Scripts/Components/LofeltHaptics.cs	Assets/Scripts/ThirdParty/Feel/NiceVibrations/Scripts/Components/LofeltHaptics.cs
move	9276c6165f72f7046bb1a60b59461c8c	Assets/Feel/MMFeedbacks/MMFeedbacksForThirdParty/TextMeshPro/Feedbacks/MMF_TMPCountToLong.cs	Assets/Scripts/ThirdParty/Feel/MMFeedbacks/MMFeedbacksForThirdParty/TextMeshPro/Feedbacks/MMF_TMPCountToLong.cs
move	a2e30721e98d6264b98d28d6f10fa395	Assets/Feel/MMFeedbacks/MMFeedbacks/Springs/Core/MMSpringComponentBase.cs	Assets/Scripts/ThirdParty/Feel/MMFeedbacks/MMFeedbacks/Springs/Core/MMSpringComponentBase.cs
move	a26c425236d5ebe48ad8c31f240eae65	Assets/Feel/MMFeedbacks/MMFeedbacks/Feedbacks/MMF_Graphic.cs	Assets/Scripts/ThirdParty/Feel/MMFeedbacks/MMFeedbacks/Feedbacks/MMF_Graphic.cs
move	a2cfef06e5c2aee4dad9fb668eddb176	Assets/Feel/MMTools/Core/Editor/MMRadio/MMRadioSignalGeneratorEditor.cs	Assets/Scripts/ThirdParty/Feel/MMTools/Core/Editor/MMRadio/MMRadioSignalGeneratorEditor.cs
move	b2625daa927689341bf30fbd51782d48	Assets/Feel/MMTools/Core/MMExtensions/MMGameObjectExtensions.cs	Assets/Scripts/ThirdParty/Feel/MMTools/Core/MMExtensions/MMGameObjectExtensions.cs
move	b2362762ee575ad4ab16bb938247878b	Assets/Feel/MMFeedbacks/MMFeedbacksForThirdParty/Cinemachine/Feedbacks/MMF_CinemachineImpulseClear.cs	Assets/Scripts/ThirdParty/Feel/MMFeedbacks/MMFeedbacksForThirdParty/Cinemachine/Feedbacks/MMF_CinemachineImpulseClear.cs
move	b2691418b0bcfc540b38b297cf91acf2	Assets/Feel/MMTools/Core/MMUI/MMFaderRound.cs	Assets/Scripts/ThirdParty/Feel/MMTools/Core/MMUI/MMFaderRound.cs
move	c25af41a2abe72640a4aaf1ff7537feb	Assets/Feel/MMFeedbacks/MMFeedbacks/Feedbacks/MMF_RotationSpring.cs	Assets/Scripts/ThirdParty/Feel/MMFeedbacks/MMFeedbacks/Feedbacks/MMF_RotationSpring.cs
move	d260fd7dcadc0284a8d734805d374223	Assets/Feel/MMTools/Core/MMRadio/MMProperty/MMPropertyLink/MMPropertyLinkBool.cs	Assets/Scripts/ThirdParty/Feel/MMTools/Core/MMRadio/MMProperty/MMPropertyLink/MMPropertyLinkBool.cs
move	d286788c116ce6547b8144f05f2f14d2	Assets/Feel/MMFeedbacks/MMFeedbacks/Sequencing/Scripts/MMSoundSequencer.cs	Assets/Scripts/ThirdParty/Feel/MMFeedbacks/MMFeedbacks/Sequencing/Scripts/MMSoundSequencer.cs
move	d2f88b719c3eddc45be16396a493f8d8	Assets/Feel/MMFeedbacks/MMFeedbacksForThirdParty/HDRP/Shakers/MMFilmGrainShaker_HDRP.cs	Assets/Scripts/ThirdParty/Feel/MMFeedbacks/MMFeedbacksForThirdParty/HDRP/Shakers/MMFilmGrainShaker_HDRP.cs
move	d20df93fb7de8457baa15a213a53ab19	Assets/Feel/NiceVibrations/Scripts/Components/HapticSource.cs	Assets/Scripts/ThirdParty/Feel/NiceVibrations/Scripts/Components/HapticSource.cs
move	d2ed4e1d780d3c341b45a60fd3358cf5	Assets/Feel/MMTools/Core/Editor/MMAttributes/MMVectorAttributeDrawer.cs	Assets/Scripts/ThirdParty/Feel/MMTools/Core/Editor/MMAttributes/MMVectorAttributeDrawer.cs
move	f211a3800cfd6094db6caf6e9d4571fd	Assets/Feel/MMTools/Core/Editor/MMAttributes/MMDropdownAttributeDrawer.cs	Assets/Scripts/ThirdParty/Feel/MMTools/Core/Editor/MMAttributes/MMDropdownAttributeDrawer.cs
move	f2e66687d665f8a4bb4d00f4b8ca3d1a	Assets/Feel/MMFeedbacks/MMFeedbacksForThirdParty/HDRP/Springs/MMSpringColorAdjustmentsHueShift_HDRP.cs	Assets/Scripts/ThirdParty/Feel/MMFeedbacks/MMFeedbacksForThirdParty/HDRP/Springs/MMSpringColorAdjustmentsHueShift_HDRP.cs
move	f28b7b1842189d04f8eb2c7093835fc8	Assets/Feel/MMTools/Core/MMRadio/MMProperty/MMPropertyLink/MMPropertyLinkVector3.cs	Assets/Scripts/ThirdParty/Feel/MMTools/Core/MMRadio/MMProperty/MMPropertyLink/MMPropertyLinkVector3.cs
move	f2cba57e3c6751145ba55ff4962addea	Assets/Feel/MMFeedbacks/MMFeedbacks/Feedbacks/MMF_Scale.cs	Assets/Scripts/ThirdParty/Feel/MMFeedbacks/MMFeedbacks/Feedbacks/MMF_Scale.cs
move	03d0a01e308ebd141ba5386b17e109e3	Assets/Feel/MMTools/Accessories/MMParticles/MMDelayParticles.cs	Assets/Scripts/ThirdParty/Feel/MMTools/Accessories/MMParticles/MMDelayParticles.cs
move	03434ee759b2dcc45b2a246dfc70ec89	Assets/Feel/MMFeedbacks/MMFeedbacksForThirdParty/URP/Springs/MMSpringWhiteBalanceTint_URP.cs	Assets/Scripts/ThirdParty/Feel/MMFeedbacks/MMFeedbacksForThirdParty/URP/Springs/MMSpringWhiteBalanceTint_URP.cs
move	0305ee4dd71cd604e95fb34a39ce09bd	Assets/Feel/MMTools/Accessories/MMPerformance/MMSpeedTest.cs	Assets/Scripts/ThirdParty/Feel/MMTools/Accessories/MMPerformance/MMSpeedTest.cs
move	0378a3a19b50e044aafc329deb33665a	Assets/Feel/MMFeedbacks/MMFeedbacksForThirdParty/PostProcessing/Feedbacks/MMF_DepthOfField.cs	Assets/Scripts/ThirdParty/Feel/MMFeedbacks/MMFeedbacksForThirdParty/PostProcessing/Feedbacks/MMF_DepthOfField.cs
move	037cbc62bd5d73b4fa2ca5ae37aba2da	Assets/Feel/MMFeedbacks/MMFeedbacks/Feedbacks/MMF_Wiggle.cs	Assets/Scripts/ThirdParty/Feel/MMFeedbacks/MMFeedbacks/Feedbacks/MMF_Wiggle.cs
move	03dee039a0942664ba28a68a924bd105	Assets/Feel/MMTools/Core/MMAudio/MMSoundManager/Events/MMSoundManagerTrackFadeEvent.cs	Assets/Scripts/ThirdParty/Feel/MMTools/Core/MMAudio/MMSoundManager/Events/MMSoundManagerTrackFadeEvent.cs
move	1374d534191fbdf40b704f29771981b9	Assets/Feel/MMTools/Accessories/MMMovement/MMFaceDirection.cs	Assets/Scripts/ThirdParty/Feel/MMTools/Accessories/MMMovement/MMFaceDirection.cs
move	2313508e7b935c54d9877ca20548a1b5	Assets/Feel/MMTools/Accessories/MMDebugMenu/Scripts/Events/MMDebugMenuButtonEventListener.cs	Assets/Scripts/ThirdParty/Feel/MMTools/Accessories/MMDebugMenu/Scripts/Events/MMDebugMenuButtonEventListener.cs
move	23b3aadda32833144bf093d88a493ca6	Assets/Feel/MMFeedbacks/MMFeedbacks/Springs/Core/MMSpringDebug.cs	Assets/Scripts/ThirdParty/Feel/MMFeedbacks/MMFeedbacks/Springs/Core/MMSpringDebug.cs
move	236af7dac17a2d24ea29f240d245f2cc	Assets/Feel/MMFeedbacks/MMFeedbacks/Feedbacks/MMF_GraphicCrossFade.cs	Assets/Scripts/ThirdParty/Feel/MMFeedbacks/MMFeedbacks/Feedbacks/MMF_GraphicCrossFade.cs
move	238ecd560015b8747bc952b63dc334c3	Assets/Feel/MMFeedbacks/MMFeedbacksForThirdParty/HDRP/Feedbacks/MMF_LensDistortion_HDRP.cs	Assets/Scripts/ThirdParty/Feel/MMFeedbacks/MMFeedbacksForThirdParty/HDRP/Feedbacks/MMF_LensDistortion_HDRP.cs
move	33c059583b0a7e44ebd9aa776e815cce	Assets/Feel/MMFeedbacks/MMFeedbacksForThirdParty/PostProcessing/Springs/MMSpringVignetteIntensity.cs	Assets/Scripts/ThirdParty/Feel/MMFeedbacks/MMFeedbacksForThirdParty/PostProcessing/Springs/MMSpringVignetteIntensity.cs
move	333259468901c6b40b6cfd1b603a34d5	Assets/Feel/MMFeedbacks/MMFeedbacks/Feedbacks/MMF_AnimatorPlayState.cs	Assets/Scripts/ThirdParty/Feel/MMFeedbacks/MMFeedbacks/Feedbacks/MMF_AnimatorPlayState.cs
move	3318ec2edbd59284a9d8a7371e84a33e	Assets/Feel/MMTools/Accessories/Editor/MMCamera/MMAspectRatioSafeZonesEditor.cs	Assets/Scripts/ThirdParty/Feel/MMTools/Accessories/Editor/MMCamera/MMAspectRatioSafeZonesEditor.cs
move	33e96efc928fc8848b7698b3703f9f02	Assets/Feel/MMFeedbacks/MMFeedbacksForThirdParty/HDRP/Shakers/MMChannelMixerShaker_HDRP.cs	Assets/Scripts/ThirdParty/Feel/MMFeedbacks/MMFeedbacksForThirdParty/HDRP/Shakers/MMChannelMixerShaker_HDRP.cs
move	339f02b3d924b984db779a1af1a59be2	Assets/Feel/MMTools/Core/MMSaveLoad/MMSaveLoadManagerMethodBinary.cs	Assets/Scripts/ThirdParty/Feel/MMTools/Core/MMSaveLoad/MMSaveLoadManagerMethodBinary.cs
move	43306c87c2558ad4c960d73c419e65aa	Assets/Feel/MMFeedbacks/MMFeedbacksForThirdParty/URP/Feedbacks/MMF_LensDistortion_URP.cs	Assets/Scripts/ThirdParty/Feel/MMFeedbacks/MMFeedbacksForThirdParty/URP/Feedbacks/MMF_LensDistortion_URP.cs
move	53907edcd2e7d344c8517b4e1da9e75f	Assets/Feel/MMFeedbacks/MMFeedbacksForThirdParty/Cinemachine/Helpers/MMCinemachineHelpers.cs	Assets/Scripts/ThirdParty/Feel/MMFeedbacks/MMFeedbacksForThirdParty/Cinemachine/Helpers/MMCinemachineHelpers.cs
move	53e5d263afa31f84eba026d21225b8fe	Assets/Feel/MMTools/Accessories/MMCamera/MMCameraFog.cs	Assets/Scripts/ThirdParty/Feel/MMTools/Accessories/MMCamera/MMCameraFog.cs
move	531894cbc68d4bf49a71825ad87c3305	Assets/Feel/MMFeedbacks/MMFeedbacks/Shakers/MMCameraShakerRotation.cs	Assets/Scripts/ThirdParty/Feel/MMFeedbacks/MMFeedbacks/Shakers/MMCameraShakerRotation.cs
move	6313950da8f5bbf459733aed2e327e0c	Assets/Feel/MMFeedbacks/MMFeedbacks/Feedbacks/MMF_CameraFieldOfView.cs	Assets/Scripts/ThirdParty/Feel/MMFeedbacks/MMFeedbacks/Feedbacks/MMF_CameraFieldOfView.cs
move	73098ca8f002adc4f9debdbe47a78c9a	Assets/Feel/MMTools/Core/MMObjectPool/MMMultipleObjectPooler.cs	Assets/Scripts/ThirdParty/Feel/MMTools/Core/MMObjectPool/MMMultipleObjectPooler.cs
move	732c2868ba8b5ae43b78fceeb122bda4	Assets/Feel/MMFeedbacks/MMFeedbacksForThirdParty/HDRP/Springs/MMSpringWhiteBalanceTint_HDRP.cs	Assets/Scripts/ThirdParty/Feel/MMFeedbacks/MMFeedbacksForThirdParty/HDRP/Springs/MMSpringWhiteBalanceTint_HDRP.cs
move	83dcb4ea8c2204a43adf98a01a3bc0d1	Assets/Feel/MMTools/Core/MMRadio/MMRadioReceiver.cs	Assets/Scripts/ThirdParty/Feel/MMTools/Core/MMRadio/MMRadioReceiver.cs
move	93076aeef94b6194eacceebc74fcd3b5	Assets/Feel/MMFeedbacks/MMFeedbacksForThirdParty/MMTools/Feedbacks/MMF_TextFontSize.cs	Assets/Scripts/ThirdParty/Feel/MMFeedbacks/MMFeedbacksForThirdParty/MMTools/Feedbacks/MMF_TextFontSize.cs
move	9377959c627301448afdcf8613b13e77	Assets/Feel/MMFeedbacks/Editor/Core/UIToolkit/MMF_PlayerEditorUITKStyleSheet_FeedbacksList.uss	Assets/Scripts/ThirdParty/Feel/MMFeedbacks/Editor/Core/UIToolkit/MMF_PlayerEditorUITKStyleSheet_FeedbacksList.uss
move	931b39b62e090af46bb775a436d4cb0e	Assets/Feel/MMFeedbacks/MMFeedbacks/Feedbacks/MMF_Events.cs	Assets/Scripts/ThirdParty/Feel/MMFeedbacks/MMFeedbacks/Feedbacks/MMF_Events.cs
move	93cb35ed4e3a7554cbb5cdc5e2bdfd4d	Assets/Feel/MMFeedbacks/MMFeedbacksForThirdParty/MMTools/Feedbacks/MMF_MMSoundManagerSoundData.cs	Assets/Scripts/ThirdParty/Feel/MMFeedbacks/MMFeedbacksForThirdParty/MMTools/Feedbacks/MMF_MMSoundManagerSoundData.cs
move	934c751bdc1eca14bb13d3c6b311c60c	Assets/Feel/MMTools/Core/MMAudio/MMSoundManager/Events/MMSoundManagerAllSoundsControlEvent.cs	Assets/Scripts/ThirdParty/Feel/MMTools/Core/MMAudio/MMSoundManager/Events/MMSoundManagerAllSoundsControlEvent.cs
move	932d7950b01edc04d8d29d2669394cf5	Assets/Feel/MMFeedbacks/MMFeedbacksForThirdParty/TextMeshPro/Feedbacks/MMF_TMPOutlineWidth.cs	Assets/Scripts/ThirdParty/Feel/MMFeedbacks/MMFeedbacksForThirdParty/TextMeshPro/Feedbacks/MMF_TMPOutlineWidth.cs
move	a3cc2a6a2ccbc204299038009e15eb65	Assets/Feel/MMFeedbacks/MMFeedbacks/Feedbacks/MMF_CameraShake.cs	Assets/Scripts/ThirdParty/Feel/MMFeedbacks/MMFeedbacks/Feedbacks/MMF_CameraShake.cs
move	b34371db751e55942bc9b51871b77ca1	Assets/Feel/MMFeedbacks/MMFeedbacksForThirdParty/MMTools/Feedbacks/MMF_FloatingText.cs	Assets/Scripts/ThirdParty/Feel/MMFeedbacks/MMFeedbacksForThirdParty/MMTools/Feedbacks/MMF_FloatingText.cs
move	c305c1f0b1c3f8e448d224c11baaaf9f	Assets/Feel/MMFeedbacks/MMFeedbacks/Springs/Springs/MMSpringTMPTextColor.cs	Assets/Scripts/ThirdParty/Feel/MMFeedbacks/MMFeedbacks/Springs/Springs/MMSpringTMPTextColor.cs
move	c3085c8741c1bb84ca7a609f2989b7e0	Assets/Feel/MMFeedbacks/MMFeedbacksForThirdParty/TextMeshPro/Feedbacks/MMF_TMPText.cs	Assets/Scripts/ThirdParty/Feel/MMFeedbacks/MMFeedbacksForThirdParty/TextMeshPro/Feedbacks/MMF_TMPText.cs
move	c3a9753eaf81ae04aa91936d315f19f6	Assets/Feel/MMFeedbacks/MMFeedbacks/Feedbacks/MMF_AudioFilterEcho.cs	Assets/Scripts/ThirdParty/Feel/MMFeedbacks/MMFeedbacks/Feedbacks/MMF_AudioFilterEcho.cs
move	c32d98c861c973c409133940cf9c2231	Assets/Feel/MMFeedbacks/MMFeedbacks/Shakers/MMLightShaker.cs	Assets/Scripts/ThirdParty/Feel/MMFeedbacks/MMFeedbacks/Shakers/MMLightShaker.cs
move	e3229bd32ac955842a56a44c38a45f9e	Assets/Feel/MMFeedbacks/MMFeedbacks/Feedbacks/MMF_PlayerControl.cs	Assets/Scripts/ThirdParty/Feel/MMFeedbacks/MMFeedbacks/Feedbacks/MMF_PlayerControl.cs
move	e352b5419942c704c85f5410c6d2ada3	Assets/Feel/MMFeedbacks/MMFeedbacks/Feedbacks/MMF_ScaleSpring.cs	Assets/Scripts/ThirdParty/Feel/MMFeedbacks/MMFeedbacks/Feedbacks/MMF_ScaleSpring.cs
move	e334a8b808ebad34dbfc09a6aa9f1102	Assets/Feel/MMTools/Accessories/MMParticles/MMTrailRendererSortingLayer.cs	Assets/Scripts/ThirdParty/Feel/MMTools/Accessories/MMParticles/MMTrailRendererSortingLayer.cs
move	e39702c3d8077294887f6c1ddec28589	Assets/Feel/MMFeedbacks/MMFeedbacksForThirdParty/TextMeshPro/Feedbacks/MMF_TMPOutlineColor.cs	Assets/Scripts/ThirdParty/Feel/MMFeedbacks/MMFeedbacksForThirdParty/TextMeshPro/Feedbacks/MMF_TMPOutlineColor.cs
move	e33ffe483e6d97f4fa9c59542152a536	Assets/Feel/MMFeedbacks/MMFeedbacks/Feedbacks/MMF_Rigidbody2D.cs	Assets/Scripts/ThirdParty/Feel/MMFeedbacks/MMFeedbacks/Feedbacks/MMF_Rigidbody2D.cs
move	04189ce672fd8c349b61eb900b1dc0ec	Assets/Feel/MMFeedbacks/MMFeedbacksForThirdParty/PostProcessing/Shakers/MMBloomShaker.cs	Assets/Scripts/ThirdParty/Feel/MMFeedbacks/MMFeedbacksForThirdParty/PostProcessing/Shakers/MMBloomShaker.cs
move	047a03483b611234e98bb00d93390155	Assets/Feel/MMFeedbacks/MMFeedbacksForThirdParty/MMTools/Feedbacks/MMF_RectTransformPivot.cs	Assets/Scripts/ThirdParty/Feel/MMFeedbacks/MMFeedbacksForThirdParty/MMTools/Feedbacks/MMF_RectTransformPivot.cs
move	14c18eda2751dd04ba846546118f8d97	Assets/Feel/MMFeedbacks/MMFeedbacksForThirdParty/MMTools/Feedbacks/MMF_MMSoundManagerSoundFade.cs	Assets/Scripts/ThirdParty/Feel/MMFeedbacks/MMFeedbacksForThirdParty/MMTools/Feedbacks/MMF_MMSoundManagerSoundFade.cs
move	14a47d8bf77ba3943a535dae0d46e99d	Assets/Feel/MMFeedbacks/MMFeedbacksForThirdParty/MMTools/Feedbacks/MMF_ImageAlpha.cs	Assets/Scripts/ThirdParty/Feel/MMFeedbacks/MMFeedbacksForThirdParty/MMTools/Feedbacks/MMF_ImageAlpha.cs
move	1425f31c35afe2d43944511ec551d73b	Assets/Feel/MMTools/Accessories/MMCamera/MMAspectRatioSafeZones.cs	Assets/Scripts/ThirdParty/Feel/MMTools/Accessories/MMCamera/MMAspectRatioSafeZones.cs
move	1466e386bacf73e428d7e19707b9e185	Assets/Feel/MMFeedbacks/MMFeedbacks/Core/MMF_Player/MMF_Feedback.cs	Assets/Scripts/ThirdParty/Feel/MMFeedbacks/MMFeedbacks/Core/MMF_Player/MMF_Feedback.cs
move	14662af9a6e0b6e409e588758b806feb	Assets/Feel/MMFeedbacks/MMFeedbacks/Shakers/MMAudioFilterEchoShaker.cs	Assets/Scripts/ThirdParty/Feel/MMFeedbacks/MMFeedbacks/Shakers/MMAudioFilterEchoShaker.cs
move	14b92bfe5ef8242479d196b4e9916647	Assets/Feel/MMFeedbacks/Editor/Core/UIToolkit/MMF_PlayerEditorUITKStyleSheet_LightSkin.uss	Assets/Scripts/ThirdParty/Feel/MMFeedbacks/Editor/Core/UIToolkit/MMF_PlayerEditorUITKStyleSheet_LightSkin.uss
move	148ba46d50e5e7346a7ac051cf1b6617	Assets/Feel/MMTools/Core/MMSaveLoad/MMSaveLoadManagerMethodJson.cs	Assets/Scripts/ThirdParty/Feel/MMTools/Core/MMSaveLoad/MMSaveLoadManagerMethodJson.cs
move	24c2aeb149cc5a640a406cfe9255b64e	Assets/Feel/MMFeedbacks/MMFeedbacksForThirdParty/URP/Springs/MMSpringDepthOfFieldFocalLength_URP.cs	Assets/Scripts/ThirdParty/Feel/MMFeedbacks/MMFeedbacksForThirdParty/URP/Springs/MMSpringDepthOfFieldFocalLength_URP.cs
move	2436c2ba147129746badf6cfa2ee2d1b	Assets/Feel/MMFeedbacks/MMFeedbacksForThirdParty/Cinemachine/Shakers/MMCinemachinePriorityBrainListener.cs	Assets/Scripts/ThirdParty/Feel/MMFeedbacks/MMFeedbacksForThirdParty/Cinemachine/Shakers/MMCinemachinePriorityBrainListener.cs
move	24f964aa3d55241b591bc1da7903819e	Assets/Feel/MMTools/Foundation/MMAchievements/Scripts/SerializedMMAchievementManager.cs	Assets/Scripts/ThirdParty/Feel/MMTools/Foundation/MMAchievements/Scripts/SerializedMMAchievementManager.cs
move	245a91b1a8b30dc479ea9c354ba36cb8	Assets/Feel/MMTools/Accessories/MMGUI/MMUIFollowMouse.cs	Assets/Scripts/ThirdParty/Feel/MMTools/Accessories/MMGUI/MMUIFollowMouse.cs
move	24ee678719e0c084eae35248ed08c192	Assets/Feel/MMFeedbacks/MMFeedbacksForThirdParty/PostProcessing/Springs/MMSpringMotionBlurShutterAngle.cs	Assets/Scripts/ThirdParty/Feel/MMFeedbacks/MMFeedbacksForThirdParty/PostProcessing/Springs/MMSpringMotionBlurShutterAngle.cs
move	347013242dca7c44fb5001793033ea59	Assets/Feel/MMFeedbacks/MMFeedbacks/Shakers/MMWiggle.cs	Assets/Scripts/ThirdParty/Feel/MMFeedbacks/MMFeedbacks/Shakers/MMWiggle.cs
move	3431d42f2979ef548bf60186ddc6fe44	Assets/Feel/MMFeedbacks/MMFeedbacks/Springs/Springs/MMSpringRotationAround.cs	Assets/Scripts/ThirdParty/Feel/MMFeedbacks/MMFeedbacks/Springs/Springs/MMSpringRotationAround.cs
move	44a39707cf7142b45a78bb9d0e5ebfa5	Assets/Feel/MMTools/Core/MMAttributes/MMColorAttribute.cs	Assets/Scripts/ThirdParty/Feel/MMTools/Core/MMAttributes/MMColorAttribute.cs
move	4474026fd06a48748b3ac7eef71e802d	Assets/Feel/MMFeedbacks/MMFeedbacks/Core/MMF_Player/MMF_PlayerDebugInput.cs	Assets/Scripts/ThirdParty/Feel/MMFeedbacks/MMFeedbacks/Core/MMF_Player/MMF_PlayerDebugInput.cs
move	447f85d5ac582a541bd440a4dcc469e0	Assets/Feel/MMFeedbacks/MMFeedbacks/Feedbacks/MMF_TextureScale.cs	Assets/Scripts/ThirdParty/Feel/MMFeedbacks/MMFeedbacks/Feedbacks/MMF_TextureScale.cs
move	5451e999c8f9dfb41aa3b2894ffc3d60	Assets/Feel/MMTools/Foundation/MMAnimation/MMAnimationParameter.cs	Assets/Scripts/ThirdParty/Feel/MMTools/Foundation/MMAnimation/MMAnimationParameter.cs
move	5412ea97eaefefa4fa53519f330cfaad	Assets/Feel/MMFeedbacks/MMFeedbacksForThirdParty/URP/Springs/MMSpringMotionBlurIntensity_URP.cs	Assets/Scripts/ThirdParty/Feel/MMFeedbacks/MMFeedbacksForThirdParty/URP/Springs/MMSpringMotionBlurIntensity_URP.cs
move	5463d50a0cd9b2449a50f538278303d2	Assets/Feel/MMFeedbacks/MMFeedbacks/Shakers/MMFlash.cs	Assets/Scripts/ThirdParty/Feel/MMFeedbacks/MMFeedbacks/Shakers/MMFlash.cs
move	547ab53f5c5bd8f47958e648c03ed7e9	Assets/Feel/MMFeedbacks/MMFeedbacks/Shakers/MMCameraZoom.cs	Assets/Scripts/ThirdParty/Feel/MMFeedbacks/MMFeedbacks/Shakers/MMCameraZoom.cs
move	540be5b94edd9f347bf404fe0d020285	Assets/Feel/MMTools/Core/MMTween/MMTweenDefinitions.cs	Assets/Scripts/ThirdParty/Feel/MMTools/Core/MMTween/MMTweenDefinitions.cs
move	6428d294fb684dc48917b398c67f178f	Assets/Feel/MMFeedbacks/MMFeedbacks/Feedbacks/MMF_Text.cs	Assets/Scripts/ThirdParty/Feel/MMFeedbacks/MMFeedbacks/Feedbacks/MMF_Text.cs
move	74e91560821f43e47a56cefccaf584cc	Assets/Feel/MMFeedbacks/MMFeedbacksForThirdParty/HDRP/Shakers/MMColorAdjustmentsShaker_HDRP.cs	Assets/Scripts/ThirdParty/Feel/MMFeedbacks/MMFeedbacksForThirdParty/HDRP/Shakers/MMColorAdjustmentsShaker_HDRP.cs
move	744b7d0770e56334f9ed2e0561c50cc3	Assets/Feel/MMTools/Core/MMObjectPool/MMObjectPooler.cs	Assets/Scripts/ThirdParty/Feel/MMTools/Core/MMObjectPool/MMObjectPooler.cs
move	74bba79889819c645bedf0dcd6d6cfa3	Assets/Feel/MMFeedbacks/Editor/Core/MMFeedbackStyling.cs	Assets/Scripts/ThirdParty/Feel/MMFeedbacks/Editor/Core/MMFeedbackStyling.cs
move	743d5178809b16b47a7cb50d29677882	Assets/Feel/MMTools/Core/MMAttributes/MMMonoBehaviour.cs	Assets/Scripts/ThirdParty/Feel/MMTools/Core/MMAttributes/MMMonoBehaviour.cs
move	74afe8fa850212e4cb811213ee9ae400	Assets/Feel/MMFeedbacks/MMFeedbacks/Springs/Springs/MMSpringLightIntensity.cs	Assets/Scripts/ThirdParty/Feel/MMFeedbacks/MMFeedbacks/Springs/Springs/MMSpringLightIntensity.cs
move	8434b53deaa9ae04f87f3c24bf70d482	Assets/Feel/MMTools/Accessories/MMActivation/MMConditionalActivation.cs	Assets/Scripts/ThirdParty/Feel/MMTools/Accessories/MMActivation/MMConditionalActivation.cs
move	847621151d634804f820b7c88b89dacc	Assets/Feel/MMTools/Accessories/MMCinemachine/MMGyroParallax/MMGyroParallax.cs	Assets/Scripts/ThirdParty/Feel/MMTools/Accessories/MMCinemachine/MMGyroParallax/MMGyroParallax.cs
move	841b72de2996c5c40bfb394f3d0e0a98	Assets/Feel/MMFeedbacks/MMFeedbacks/Core/Legacy/MMFeedbacks.cs	Assets/Scripts/ThirdParty/Feel/MMFeedbacks/MMFeedbacks/Core/Legacy/MMFeedbacks.cs
move	94df1ffae0c2c7d4ba695b68267eea10	Assets/Feel/MMFeedbacks/MMFeedbacksForThirdParty/URP/Shakers/MMVignetteShaker_URP.cs	Assets/Scripts/ThirdParty/Feel/MMFeedbacks/MMFeedbacksForThirdParty/URP/Shakers/MMVignetteShaker_URP.cs
move	a40118e4d239fe146bb900366085611f	Assets/Feel/MMFeedbacks/MMFeedbacks/Core/MMFeedbackTargetAcquisition.cs	Assets/Scripts/ThirdParty/Feel/MMFeedbacks/MMFeedbacks/Core/MMFeedbackTargetAcquisition.cs
move	a438c486d396ace46871d21f3d52bdf5	Assets/Feel/MMFeedbacks/MMFeedbacksForThirdParty/Cinemachine/Feedbacks/MMF_CinemachineCameraDutch.cs	Assets/Scripts/ThirdParty/Feel/MMFeedbacks/MMFeedbacksForThirdParty/Cinemachine/Feedbacks/MMF_CinemachineCameraDutch.cs
move	a4aae7df61e7da94d9c2215e2527012f	Assets/Feel/MMFeedbacks/MMFeedbacksForThirdParty/VisualEffectGraph/Feedbacks/MMF_VisualEffectSetProperty.cs	Assets/Scripts/ThirdParty/Feel/MMFeedbacks/MMFeedbacksForThirdParty/VisualEffectGraph/Feedbacks/MMF_VisualEffectSetProperty.cs
move	a4be8a3950b608c4785907ebe6be06ab	Assets/Feel/MMFeedbacks/MMFeedbacksForThirdParty/TextMeshPro/Feedbacks/MMF_TMPAlpha.cs	Assets/Scripts/ThirdParty/Feel/MMFeedbacks/MMFeedbacksForThirdParty/TextMeshPro/Feedbacks/MMF_TMPAlpha.cs
move	b4f6df1207b1c5e478e225b94a41fa42	Assets/Feel/MMFeedbacks/MMFeedbacksForThirdParty/MMTools/Feedbacks/MMF_LoadScene.cs	Assets/Scripts/ThirdParty/Feel/MMFeedbacks/MMFeedbacksForThirdParty/MMTools/Feedbacks/MMF_LoadScene.cs
move	b44bc3e42b280e843bc6108cbdee8253	Assets/Feel/MMFeedbacks/Editor/Core/MMFeedbacksEditor.cs	Assets/Scripts/ThirdParty/Feel/MMFeedbacks/Editor/Core/MMFeedbacksEditor.cs
move	c493dd563e694e040a426953b958e68e	Assets/Feel/MMTools/Core/Editor/MMSaveLoad/MMSaveLoadMenu.cs	Assets/Scripts/ThirdParty/Feel/MMTools/Core/Editor/MMSaveLoad/MMSaveLoadMenu.cs
move	c47cf85e660a3714e98c5ac0a9c153cd	Assets/Feel/MMTools/Core/MMAudio/MMSoundManager/Events/MMSoundManagerSoundControlEvent.cs	Assets/Scripts/ThirdParty/Feel/MMTools/Core/MMAudio/MMSoundManager/Events/MMSoundManagerSoundControlEvent.cs
move	c49da9accb2eb1440a67851db7465381	Assets/Feel/MMFeedbacks/MMFeedbacks/Feedbacks/MMF_SquashAndStretch.cs	Assets/Scripts/ThirdParty/Feel/MMFeedbacks/MMFeedbacks/Feedbacks/MMF_SquashAndStretch.cs
move	c4cd9f982e331c347a78bcae05117b99	Assets/Feel/MMFeedbacks/MMFeedbacksForThirdParty/PostProcessing/Springs/MMSpringVignetteCenter.cs	Assets/Scripts/ThirdParty/Feel/MMFeedbacks/MMFeedbacksForThirdParty/PostProcessing/Springs/MMSpringVignetteCenter.cs
move	d43a5cd3ef614ec46ae59135733b7d9c	Assets/Feel/MMTools/Core/MMHelpers/MMSerializableDictionary.cs	Assets/Scripts/ThirdParty/Feel/MMTools/Core/MMHelpers/MMSerializableDictionary.cs
move	d44c523d89caed94faa174d7a7b628f2	Assets/Feel/MMFeedbacks/MMFeedbacks/Feedbacks/MMF_PlayerChain.cs	Assets/Scripts/ThirdParty/Feel/MMFeedbacks/MMFeedbacks/Feedbacks/MMF_PlayerChain.cs
move	d45db69777541e74c8e5f0f820540601	Assets/Feel/MMTools/Accessories/MMGUI/MMSceneName.cs	Assets/Scripts/ThirdParty/Feel/MMTools/Accessories/MMGUI/MMSceneName.cs
move	d41f8597443038548a1310dde6bd3dc9	Assets/Feel/NiceVibrations/Helpers/AudioToHapticConverter.cs	Assets/Scripts/ThirdParty/Feel/NiceVibrations/Helpers/AudioToHapticConverter.cs
move	e4c4ad5c65605834a8f3d6718580bd06	Assets/Feel/MMTools/Accessories/MMGUI/MMTwoSidedUI.cs	Assets/Scripts/ThirdParty/Feel/MMTools/Accessories/MMGUI/MMTwoSidedUI.cs
move	e445c5a23799c9d4b8fb61d6061570cf	Assets/Feel/MMTools/Core/Editor/MMTween/MMTweenTypeDrawer.cs	Assets/Scripts/ThirdParty/Feel/MMTools/Core/Editor/MMTween/MMTweenTypeDrawer.cs
move	e455783e305d0724081dddf0f5e9dbab	Assets/Feel/MMFeedbacks/MMFeedbacks/Springs/Core/MMSpringFloat.cs	Assets/Scripts/ThirdParty/Feel/MMFeedbacks/MMFeedbacks/Springs/Core/MMSpringFloat.cs
move	e41826a58ab20124eab7cfc4d79a1eaa	Assets/Feel/MMTools/Accessories/MMDebugMenu/Scripts/MMDebugTouchDisplay.cs	Assets/Scripts/ThirdParty/Feel/MMTools/Accessories/MMDebugMenu/Scripts/MMDebugTouchDisplay.cs
move	e4184b673db0e27469895c376f79e78c	Assets/Feel/MMFeedbacks/MMFeedbacksForThirdParty/URP/Feedbacks/MMF_Vignette_URP.cs	Assets/Scripts/ThirdParty/Feel/MMFeedbacks/MMFeedbacksForThirdParty/URP/Feedbacks/MMF_Vignette_URP.cs
move	e4e9029e392667449a8e7021ac4d66b4	Assets/Feel/MMTools/Core/Editor/MMRadio/MMPropertyPickerDrawer.cs	Assets/Scripts/ThirdParty/Feel/MMTools/Core/Editor/MMRadio/MMPropertyPickerDrawer.cs
move	e4ca86eeefb9e704a9e99ebb71e8345d	Assets/Feel/MMTools/Accessories/Editor/MoreMountains.Tools.Accessories.Editor.asmref	Assets/Scripts/ThirdParty/Feel/MMTools/Accessories/Editor/MoreMountains.Tools.Accessories.Editor.asmref
move	e43c981f3033d36468c3cf0e9cbb5ef2	Assets/Feel/MMFeedbacks/MMFeedbacksForThirdParty/HDRP/Springs/MMSpringLensDistortionIntensity_HDRP.cs	Assets/Scripts/ThirdParty/Feel/MMFeedbacks/MMFeedbacksForThirdParty/HDRP/Springs/MMSpringLensDistortionIntensity_HDRP.cs
move	f4520ff861e339d42bae57b95686b14b	Assets/Feel/MMTools/Core/MMPropertyControllers/FloatController.cs	Assets/Scripts/ThirdParty/Feel/MMTools/Core/MMPropertyControllers/FloatController.cs
move	0542c719094b3924cbee2c7229b1f4eb	Assets/Feel/MMFeedbacks/MMFeedbacks/Core/MMFeedbacksHelpers.cs	Assets/Scripts/ThirdParty/Feel/MMFeedbacks/MMFeedbacks/Core/MMFeedbacksHelpers.cs
move	05b2a6b602b3ef04c90ed55c3fa03450	Assets/Feel/MMFeedbacks/MMFeedbacksForThirdParty/PostProcessing/Springs/MMSpringChromaticAberrationIntensity.cs	Assets/Scripts/ThirdParty/Feel/MMFeedbacks/MMFeedbacksForThirdParty/PostProcessing/Springs/MMSpringChromaticAberrationIntensity.cs
move	0585acb66fc8f9d40a59342095941c09	Assets/Feel/MMFeedbacks/MMFeedbacksForThirdParty/UIToolkit/Feedbacks/MMF_UIToolkitStylesheet.cs	Assets/Scripts/ThirdParty/Feel/MMFeedbacks/MMFeedbacksForThirdParty/UIToolkit/Feedbacks/MMF_UIToolkitStylesheet.cs
move	0516121ec1782264898972570320fbc9	Assets/Feel/MMFeedbacks/MMFeedbacksForThirdParty/HDRP/Springs/MMSpringWhiteBalanceTemperature_HDRP.cs	Assets/Scripts/ThirdParty/Feel/MMFeedbacks/MMFeedbacksForThirdParty/HDRP/Springs/MMSpringWhiteBalanceTemperature_HDRP.cs
move	05ed97bf9ce684b47ab50ba3bf13134e	Assets/Feel/MMTools/Accessories/Editor/MMMaintenance/MMCleanupMissingScripts.cs	Assets/Scripts/ThirdParty/Feel/MMTools/Accessories/Editor/MMMaintenance/MMCleanupMissingScripts.cs
move	158241bba510d154b9d2e7d7ab8d4fd7	Assets/Feel/MMTools/Accessories/MMTilemaps/MMTilemapCleaner.cs	Assets/Scripts/ThirdParty/Feel/MMTools/Accessories/MMTilemaps/MMTilemapCleaner.cs
move	1554ad3bc2245e64bbf7cf0a29ed7fa0	Assets/Feel/MMTools/Accessories/MMProcedural/MMTilemapGenerator/MMTilemapGenerator.cs	Assets/Scripts/ThirdParty/Feel/MMTools/Accessories/MMProcedural/MMTilemapGenerator/MMTilemapGenerator.cs
move	15ea18286341f8e4aa898fb1b8eb2cfa	Assets/Feel/MMFeedbacks/MMFeedbacksForThirdParty/HDRP/Springs/MMSpringVignetteColor_HDRP.cs	Assets/Scripts/ThirdParty/Feel/MMFeedbacks/MMFeedbacksForThirdParty/HDRP/Springs/MMSpringVignetteColor_HDRP.cs
move	150c5cade457df34bad2938a9cebc395	Assets/Feel/MMTools/Core/MMHelpers/MMUIToolkit.cs	Assets/Scripts/ThirdParty/Feel/MMTools/Core/MMHelpers/MMUIToolkit.cs
move	15fc18f096da54f4c9777f3cabf74f3a	Assets/Feel/MMFeedbacks/MMFeedbacks/Feedbacks/MMF_Enable.cs	Assets/Scripts/ThirdParty/Feel/MMFeedbacks/MMFeedbacks/Feedbacks/MMF_Enable.cs
move	25d31bbce27b6524192fba29ccfe28df	Assets/Feel/MMFeedbacks/MMFeedbacks/Core/MMShaker.cs	Assets/Scripts/ThirdParty/Feel/MMFeedbacks/MMFeedbacks/Core/MMShaker.cs
move	25aad3ee60dba574fb749c6ea78d559d	Assets/Feel/MMTools/Accessories/MMInstantiation/MMSpawnAroundTester.cs	Assets/Scripts/ThirdParty/Feel/MMTools/Accessories/MMInstantiation/MMSpawnAroundTester.cs
move	258c18f9cd813e644ad4c42e5b4f0d02	Assets/Feel/MMFeedbacks/MMFeedbacks/Feedbacks/MMF_CameraZoom.cs	Assets/Scripts/ThirdParty/Feel/MMFeedbacks/MMFeedbacks/Feedbacks/MMF_CameraZoom.cs
move	35d5d4d43a5ca4147b2488524fbe815e	Assets/Feel/MMTools/Core/MMSaveLoad/IMMPersistent.cs	Assets/Scripts/ThirdParty/Feel/MMTools/Core/MMSaveLoad/IMMPersistent.cs
move	35b65ddee73b8544486c63441149886c	Assets/Feel/MMFeedbacks/MMFeedbacksForThirdParty/MMTools/Feedbacks/MMF_FloatController.cs	Assets/Scripts/ThirdParty/Feel/MMFeedbacks/MMFeedbacksForThirdParty/MMTools/Feedbacks/MMF_FloatController.cs
move	35b7126fb201e074ea5a3421ba27c5b1	Assets/Feel/MMFeedbacks/Editor/Springs/MMSpringDebugPropertyDrawer.cs	Assets/Scripts/ThirdParty/Feel/MMFeedbacks/Editor/Springs/MMSpringDebugPropertyDrawer.cs
move	350a2c9fae5188346b6494925847d4e0	Assets/Feel/MMFeedbacks/MMFeedbacks/Springs/Core/Components/MMSpringFloatComponent.cs	Assets/Scripts/ThirdParty/Feel/MMFeedbacks/MMFeedbacks/Springs/Core/Components/MMSpringFloatComponent.cs
move	356e077c6b0c8614fa08b93f8099bedf	Assets/Feel/MMFeedbacks/Editor/Sequencing/MMInputSequenceRecorderEditor.cs	Assets/Scripts/ThirdParty/Feel/MMFeedbacks/Editor/Sequencing/MMInputSequenceRecorderEditor.cs
move	45b7f6ca773ad4e81ad2ed6d93158953	Assets/Feel/MMTools/Core/Editor/MMAttributes/MMInformationDrawer.cs	Assets/Scripts/ThirdParty/Feel/MMTools/Core/Editor/MMAttributes/MMInformationDrawer.cs
move	45c7e7c8965a9e247b9e9b53897db43b	Assets/Feel/MMFeedbacks/MMFeedbacks/Springs/Springs/MMSpringTMPWordSpacing.cs	Assets/Scripts/ThirdParty/Feel/MMFeedbacks/MMFeedbacks/Springs/Springs/MMSpringTMPWordSpacing.cs
move	45c7b8525ec6efc459e80a97bb09c688	Assets/Feel/MMFeedbacks/MMFeedbacksForThirdParty/TextMeshPro/Feedbacks/MMF_TMPTextReveal.cs	Assets/Scripts/ThirdParty/Feel/MMFeedbacks/MMFeedbacksForThirdParty/TextMeshPro/Feedbacks/MMF_TMPTextReveal.cs
move	45ff1ad6fa9e7af4ead4e1db1ed52877	Assets/Feel/MMTools/Core/MMHelpers/MMGUI.cs	Assets/Scripts/ThirdParty/Feel/MMTools/Core/MMHelpers/MMGUI.cs
move	55c12c0ec7006444aaec17e31510e884	Assets/Feel/MMTools/Core/MMHelpers/MMAnimationCurves.cs	Assets/Scripts/ThirdParty/Feel/MMTools/Core/MMHelpers/MMAnimationCurves.cs
move	55d739433fa69b24e9b9e0fc7388da77	Assets/Feel/MMFeedbacks/MMFeedbacksForThirdParty/MMTools/Feedbacks/MMF_MMSoundManagerSoundControl.cs	Assets/Scripts/ThirdParty/Feel/MMFeedbacks/MMFeedbacksForThirdParty/MMTools/Feedbacks/MMF_MMSoundManagerSoundControl.cs
move	55a9829731bf3d3458319a5a829f1f04	Assets/Feel/MMTools/Accessories/MMActivation/MMActivationOnStart.cs	Assets/Scripts/ThirdParty/Feel/MMTools/Accessories/MMActivation/MMActivationOnStart.cs
move	65443987bd9048f408777b8d8f4c1994	Assets/Feel/MMTools/Core/MMRadio/MMRadioSignal/MMRadioSignalGenerator.cs	Assets/Scripts/ThirdParty/Feel/MMTools/Core/MMRadio/MMRadioSignal/MMRadioSignalGenerator.cs
move	65772fc08a0d9314f86205390e1e772d	Assets/Feel/MMTools/Accessories/MMDebugMenu/Scripts/MMDebugMenu.cs	Assets/Scripts/ThirdParty/Feel/MMTools/Accessories/MMDebugMenu/Scripts/MMDebugMenu.cs
move	7511c4dccd4cbd54ab12529a4389e81c	Assets/Feel/MMTools/Core/MMAudio/MMPlaylist/MMPlaylistRemote.cs	Assets/Scripts/ThirdParty/Feel/MMTools/Core/MMAudio/MMPlaylist/MMPlaylistRemote.cs
move	7524a33cc4881484f94d10e60833382b	Assets/Feel/MMTools/Core/Editor/MMReorderableList/MMReorderableList.cs	Assets/Scripts/ThirdParty/Feel/MMTools/Core/Editor/MMReorderableList/MMReorderableList.cs
move	75c82ca66be53244b90a3a4794a07e63	Assets/Feel/MMTools/Core/MMExtensions/MMVector4Extensions.cs	Assets/Scripts/ThirdParty/Feel/MMTools/Core/MMExtensions/MMVector4Extensions.cs
move	75f9cc4cf2ef4324d99f4dc9d5709b63	Assets/Feel/MMTools/Accessories/Editor/MMUtilities/MMDebugEditor.cs	Assets/Scripts/ThirdParty/Feel/MMTools/Accessories/Editor/MMUtilities/MMDebugEditor.cs
move	755aedfb494d0004cacdb9dddcb170b0	Assets/Feel/MMFeedbacks/MMFeedbacksForThirdParty/UIToolkit/Feedbacks/MMF_UIToolkitFontSize.cs	Assets/Scripts/ThirdParty/Feel/MMFeedbacks/MMFeedbacksForThirdParty/UIToolkit/Feedbacks/MMF_UIToolkitFontSize.cs
move	751d6cd81845c5542a535cd29ab8d777	Assets/Feel/MMFeedbacks/MMFeedbacks/Springs/Springs/MMSpringRectTransformSizeDelta.cs	Assets/Scripts/ThirdParty/Feel/MMFeedbacks/MMFeedbacks/Springs/Springs/MMSpringRectTransformSizeDelta.cs
move	752e7f2cbc3684a4ca1c13a049c09d5d	Assets/Feel/MMTools/Accessories/MMDebugMenu/Scripts/UIClasses/MMDebugMenuSwitch.cs	Assets/Scripts/ThirdParty/Feel/MMTools/Accessories/MMDebugMenu/Scripts/UIClasses/MMDebugMenuSwitch.cs
move	8583d7ca8b7ea2c418257447cb3032f9	Assets/Feel/MMTools/Accessories/MMActivation/MMTriggerFilter.cs	Assets/Scripts/ThirdParty/Feel/MMTools/Accessories/MMActivation/MMTriggerFilter.cs
move	85f9f16a22943814196e731ffb6b0f62	Assets/Feel/MMTools/Core/MMSceneLoading/Scripts/Managers/MMAdditiveSceneLoadingManager.cs	Assets/Scripts/ThirdParty/Feel/MMTools/Core/MMSceneLoading/Scripts/Managers/MMAdditiveSceneLoadingManager.cs
move	95530134bb5ab7b4a959774f63c2e92f	Assets/Feel/MMFeedbacks/MMFeedbacksForThirdParty/MMTools/Feedbacks/MMF_ImageFill.cs	Assets/Scripts/ThirdParty/Feel/MMFeedbacks/MMFeedbacksForThirdParty/MMTools/Feedbacks/MMF_ImageFill.cs
move	951e153e1b6cbb442865fac50d3ea0db	Assets/Feel/MMFeedbacks/MMFeedbacksForThirdParty/URP/Feedbacks/MMF_DepthOfField_URP.cs	Assets/Scripts/ThirdParty/Feel/MMFeedbacks/MMFeedbacksForThirdParty/URP/Feedbacks/MMF_DepthOfField_URP.cs
move	b567abd7b952dc748b9dd6b139e37bbf	Assets/Feel/MMFeedbacks/MMFeedbacksForThirdParty/MMTools/Feedbacks/MMF_Property.cs	Assets/Scripts/ThirdParty/Feel/MMFeedbacks/MMFeedbacksForThirdParty/MMTools/Feedbacks/MMF_Property.cs
move	c5c6086564eb2a44db13fc3cd3a66644	Assets/Feel/MMFeedbacks/MMFeedbacksForThirdParty/Cinemachine/Shakers/MMCinemachineFreeLookZoom.cs	Assets/Scripts/ThirdParty/Feel/MMFeedbacks/MMFeedbacksForThirdParty/Cinemachine/Shakers/MMCinemachineFreeLookZoom.cs
move	c55f5c5831b7b344bb8ae4b4471d7253	Assets/Feel/MMTools/Core/MMHelpers/MMFade.cs	Assets/Scripts/ThirdParty/Feel/MMTools/Core/MMHelpers/MMFade.cs
move	c5efb216979c3fd489936ad2e22d7e94	Assets/Feel/MMFeedbacks/MMFeedbacksForThirdParty/URP/Shakers/MMFilmGrainShaker_URP.cs	Assets/Scripts/ThirdParty/Feel/MMFeedbacks/MMFeedbacksForThirdParty/URP/Shakers/MMFilmGrainShaker_URP.cs
move	d584bb96f63ba3848ab128ed5686f2f7	Assets/Feel/MMTools/Core/MMHelpers/MMDebug.cs	Assets/Scripts/ThirdParty/Feel/MMTools/Core/MMHelpers/MMDebug.cs
move	d566c4f1cefdec64fbce3a07b23976cb	Assets/Feel/MMTools/Core/MMRadio/MMRadioSignal/MMRadioSignalAudioAnalyzer.cs	Assets/Scripts/ThirdParty/Feel/MMTools/Core/MMRadio/MMRadioSignal/MMRadioSignalAudioAnalyzer.cs
move	e5d1374627ebc7d4491c7eb256713f69	Assets/Feel/MMTools/Foundation/MMAnimation/MMAnimatorMirror.cs	Assets/Scripts/ThirdParty/Feel/MMTools/Foundation/MMAnimation/MMAnimatorMirror.cs
move	e5a6fcac99c686a4ba4c6f04b2e0f02f	Assets/Feel/NiceVibrations/Define/NiceVibrationsDefineSymbols.cs	Assets/Scripts/ThirdParty/Feel/NiceVibrations/Define/NiceVibrationsDefineSymbols.cs
move	e5d6c0f2232e3b149b9e1b618c6f9592	Assets/Feel/MMFeedbacks/MMFeedbacksForThirdParty/URP/Feedbacks/MMF_ChromaticAberration_URP.cs	Assets/Scripts/ThirdParty/Feel/MMFeedbacks/MMFeedbacksForThirdParty/URP/Feedbacks/MMF_ChromaticAberration_URP.cs
move	f5c2406e2726fb2418de78aecddaefbe	Assets/Feel/MMFeedbacks/MMFeedbacksForThirdParty/MMTools/Feedbacks/MMF_MMSoundManagerTrackControl.cs	Assets/Scripts/ThirdParty/Feel/MMFeedbacks/MMFeedbacksForThirdParty/MMTools/Feedbacks/MMF_MMSoundManagerTrackControl.cs
move	f5786eaa162a9da408b32f063e56886d	Assets/Feel/MMTools/Core/MMExtensions/MMLayermaskExtensions.cs	Assets/Scripts/ThirdParty/Feel/MMTools/Core/MMExtensions/MMLayermaskExtensions.cs
move	f58aef5c589e998418e5d3ec374edefe	Assets/Feel/MMFeedbacks/MMFeedbacksForThirdParty/TextMeshPro/Feedbacks/MMF_TMPCharacterSpacing.cs	Assets/Scripts/ThirdParty/Feel/MMFeedbacks/MMFeedbacksForThirdParty/TextMeshPro/Feedbacks/MMF_TMPCharacterSpacing.cs
move	f54d7ad2fa8f4411e8cceb8d27f6e1ae	Assets/Feel/MMTools/Core/MMAttributes/MMReadOnlyAttribute.cs	Assets/Scripts/ThirdParty/Feel/MMTools/Core/MMAttributes/MMReadOnlyAttribute.cs
move	0617763b4190c364093ae8e7b62aea45	Assets/Feel/MMTools/Accessories/MMGUI/MMSelectionBase.cs	Assets/Scripts/ThirdParty/Feel/MMTools/Accessories/MMGUI/MMSelectionBase.cs
move	06e8923c17983d643980d7d7773b7382	Assets/Feel/MMTools/Accessories/MMPerformance/MMFPSCounter.cs	Assets/Scripts/ThirdParty/Feel/MMTools/Accessories/MMPerformance/MMFPSCounter.cs
move	06ab5e1bf51197d47a2b3cb81ac38c37	Assets/Feel/MMFeedbacks/MMFeedbacks/Sequencing/Scripts/MMInputSequenceRecorder.cs	Assets/Scripts/ThirdParty/Feel/MMFeedbacks/MMFeedbacks/Sequencing/Scripts/MMInputSequenceRecorder.cs
move	161799775c19ed44495de8edf8935aa2	Assets/Feel/MMTools/Core/MMSaveLoad/MMPersistentBase.cs	Assets/Scripts/ThirdParty/Feel/MMTools/Core/MMSaveLoad/MMPersistentBase.cs
move	1649500b034fa9c4b8b816af28f3ff64	Assets/Feel/MMFeedbacks/MMFeedbacks/Feedbacks/MMF_TextureOffset.cs	Assets/Scripts/ThirdParty/Feel/MMFeedbacks/MMFeedbacks/Feedbacks/MMF_TextureOffset.cs
move	168f80e4ec8a4314c8ca506740626021	Assets/Feel/MMTools/Accessories/MMUtilities/MMScreenshot.cs	Assets/Scripts/ThirdParty/Feel/MMTools/Accessories/MMUtilities/MMScreenshot.cs
move	26c20b10971f75d4f959b05982a2d1ea	Assets/Feel/MMFeedbacks/MMFeedbacks/Springs/Core/MMSpringDefinition.cs	Assets/Scripts/ThirdParty/Feel/MMFeedbacks/MMFeedbacks/Springs/Core/MMSpringDefinition.cs
move	267821bdecaf2b14993cc3df8c285df5	Assets/Feel/MMFeedbacks/MMFeedbacksForThirdParty/UIToolkit/Base/MMF_UIToolkitBoolBase.cs	Assets/Scripts/ThirdParty/Feel/MMFeedbacks/MMFeedbacksForThirdParty/UIToolkit/Base/MMF_UIToolkitBoolBase.cs
move	26996c3ee681f254592c7bbaf459447a	Assets/Feel/MMTools/Accessories/MMDebugMenu/Scripts/MMDebugMenuItems/MMDebugMenuItemText.cs	Assets/Scripts/ThirdParty/Feel/MMTools/Accessories/MMDebugMenu/Scripts/MMDebugMenuItems/MMDebugMenuItemText.cs
move	26da15f4b3a68a54295a67aede05e70b	Assets/Feel/MMFeedbacks/MMFeedbacksForThirdParty/UIToolkit/Base/MMF_UIToolkit.cs	Assets/Scripts/ThirdParty/Feel/MMFeedbacks/MMFeedbacksForThirdParty/UIToolkit/Base/MMF_UIToolkit.cs
move	266e8e08f7762ff488684f17ba9da511	Assets/Feel/MMFeedbacks/MMFeedbacksForThirdParty/MMTools/Feedbacks/MMF_MMSoundManagerTrackFade.cs	Assets/Scripts/ThirdParty/Feel/MMFeedbacks/MMFeedbacksForThirdParty/MMTools/Feedbacks/MMF_MMSoundManagerTrackFade.cs
move	3640adb06e738074793e72dc490d3600	Assets/Feel/MMTools/Accessories/MMGyroscope/MMGyroscope.cs	Assets/Scripts/ThirdParty/Feel/MMTools/Accessories/MMGyroscope/MMGyroscope.cs
move	3631f6ce0e380d74295fbb1d1f9ebbb8	Assets/Feel/MMFeedbacks/MMFeedbacksForThirdParty/HDRP/Feedbacks/MMF_ChromaticAberration_HDRP.cs	Assets/Scripts/ThirdParty/Feel/MMFeedbacks/MMFeedbacksForThirdParty/HDRP/Feedbacks/MMF_ChromaticAberration_HDRP.cs
move	36e7bd57934b78f4a9322ccf51d88b17	Assets/Feel/MMFeedbacks/MMFeedbacks/Feedbacks/MMF_SpriteSheetAnimation.cs	Assets/Scripts/ThirdParty/Feel/MMFeedbacks/MMFeedbacks/Feedbacks/MMF_SpriteSheetAnimation.cs
move	368b8371d6c95b34fae5ced0725180b1	Assets/Feel/MMTools/Core/MMExtensions/MMFloatExtensions.cs	Assets/Scripts/ThirdParty/Feel/MMTools/Core/MMExtensions/MMFloatExtensions.cs
move	36bf680dabd04c14288ec99ad204ee89	Assets/Feel/MMTools/Foundation/MMAI/AITransition.cs	Assets/Scripts/ThirdParty/Feel/MMTools/Foundation/MMAI/AITransition.cs
move	46840d8dc203908469ee327b591ae35f	Assets/Feel/MMTools/Accessories/MMActivation/MMTimedActivation.cs	Assets/Scripts/ThirdParty/Feel/MMTools/Accessories/MMActivation/MMTimedActivation.cs
move	4627644fa4929f64a92e4d63b3a1a95e	Assets/Feel/MMTools/Foundation/MMLoot/MMLootTableGameObjectSO.cs	Assets/Scripts/ThirdParty/Feel/MMTools/Foundation/MMLoot/MMLootTableGameObjectSO.cs
move	46aeaceda13e9344d9c572b88bd8e0c1	Assets/Feel/MMFeedbacks/MMFeedbacks/Feedbacks/MMF_LooperStart.cs	Assets/Scripts/ThirdParty/Feel/MMFeedbacks/MMFeedbacks/Feedbacks/MMF_LooperStart.cs
move	769890c09f9abdf42af40a0e8b1f8ea0	Assets/Feel/MMFeedbacks/MMFeedbacksForThirdParty/TextMeshPro/Feedbacks/MMF_TMPLineSpacing.cs	Assets/Scripts/ThirdParty/Feel/MMFeedbacks/MMFeedbacksForThirdParty/TextMeshPro/Feedbacks/MMF_TMPLineSpacing.cs
move	766d979625785dc48aecf8835de77661	Assets/Feel/MMTools/Core/MMExtensions/MMRectTransformExtensions.cs	Assets/Scripts/ThirdParty/Feel/MMTools/Core/MMExtensions/MMRectTransformExtensions.cs
move	76ee492955c4d2f4fa9c0dd9f9a59f12	Assets/Feel/MMFeedbacks/MMFeedbacksForThirdParty/TextMeshPro/Feedbacks/MMF_TMPCountTo.cs	Assets/Scripts/ThirdParty/Feel/MMFeedbacks/MMFeedbacksForThirdParty/TextMeshPro/Feedbacks/MMF_TMPCountTo.cs
move	86aa60c7eb6e3fe4a8c3624c6b3f1abc	Assets/Feel/MMTools/Foundation/MMAI/AIDecision.cs	Assets/Scripts/ThirdParty/Feel/MMTools/Foundation/MMAI/AIDecision.cs
move	869d9e226f9d85148ba6b532ba92aa63	Assets/Feel/MMFeedbacks/MMFeedbacksForThirdParty/URP/Shakers/MMLight2DShaker_URP.cs	Assets/Scripts/ThirdParty/Feel/MMFeedbacks/MMFeedbacksForThirdParty/URP/Shakers/MMLight2DShaker_URP.cs
move	863e22bb4bee3884e8c0e9d1823db321	Assets/Feel/MMFeedbacks/MMFeedbacksForThirdParty/URP/Helpers/MMGlobalPostProcessingVolumeAutoBlend_URP.cs	Assets/Scripts/ThirdParty/Feel/MMFeedbacks/MMFeedbacksForThirdParty/URP/Helpers/MMGlobalPostProcessingVolumeAutoBlend_URP.cs
move	9640016db57d1c646a90fa18111eebf0	Assets/Feel/MMTools/Foundation/MMControls/MMControlsTestInputManager.cs	Assets/Scripts/ThirdParty/Feel/MMTools/Foundation/MMControls/MMControlsTestInputManager.cs
move	9680118cd018daf4e92199c3b12ba729	Assets/Feel/MMFeedbacks/MMFeedbacksForThirdParty/HDRP/Springs/MMSpringVignetteCenter_HDRP.cs	Assets/Scripts/ThirdParty/Feel/MMFeedbacks/MMFeedbacksForThirdParty/HDRP/Springs/MMSpringVignetteCenter_HDRP.cs
move	96f05f56a5059314193ef8b32da639ce	Assets/Feel/MMFeedbacks/MMFeedbacks/Shakers/MMCameraClippingPlanesShaker.cs	Assets/Scripts/ThirdParty/Feel/MMFeedbacks/MMFeedbacks/Shakers/MMCameraClippingPlanesShaker.cs
move	9675984066528d34ebf02a5535fe188f	Assets/Feel/MMFeedbacks/MMFeedbacks/Springs/Springs/MMSpringAudioSourceVolume.cs	Assets/Scripts/ThirdParty/Feel/MMFeedbacks/MMFeedbacks/Springs/Springs/MMSpringAudioSourceVolume.cs
move	9687a46a55ccbca4f92cdff319b70844	Assets/Feel/MMTools/Foundation/MMAnimation/MMRagdoller.cs	Assets/Scripts/ThirdParty/Feel/MMTools/Foundation/MMAnimation/MMRagdoller.cs
move	968b4fa81982e914bb16c2928a085407	Assets/Feel/MMFeedbacks/MMFeedbacks/Feedbacks/MMF_Looper.cs	Assets/Scripts/ThirdParty/Feel/MMFeedbacks/MMFeedbacks/Feedbacks/MMF_Looper.cs
move	96fdc4f00baddf6498aa5cfe735a2321	Assets/Feel/MMTools/Accessories/MMTilemaps/MMTilemapShadow.cs	Assets/Scripts/ThirdParty/Feel/MMTools/Accessories/MMTilemaps/MMTilemapShadow.cs
move	96afd1836702fcc4297951d56333a9e2	Assets/Feel/MMTools/Core/MMRadio/MMProperty/MMPropertyLink/MMPropertyLinkVector4.cs	Assets/Scripts/ThirdParty/Feel/MMTools/Core/MMRadio/MMProperty/MMPropertyLink/MMPropertyLinkVector4.cs
move	a6b4439955a5ebf4eaa4285bc875fcc6	Assets/Feel/MMTools/Core/MMSceneLoading/Scripts/Helpers/MMSceneLoadingTextProgress.cs	Assets/Scripts/ThirdParty/Feel/MMTools/Core/MMSceneLoading/Scripts/Helpers/MMSceneLoadingTextProgress.cs
move	a6e5aa704bd68fb42a198fccd658dbfb	Assets/Feel/MMTools/Core/MMExtensions/MMArrayExtensions.cs	Assets/Scripts/ThirdParty/Feel/MMTools/Core/MMExtensions/MMArrayExtensions.cs
move	b681190ef64d3e2438805b489a9ac9a4	Assets/Feel/MMTools/Core/MMSaveLoad/MMSaveLoadManagerMethods.cs	Assets/Scripts/ThirdParty/Feel/MMTools/Core/MMSaveLoad/MMSaveLoadManagerMethods.cs
move	b6df521b0f2978740a4c18dddde873a8	Assets/Feel/MMTools/Core/MMExtensions/MMBoundsExtensions.cs	Assets/Scripts/ThirdParty/Feel/MMTools/Core/MMExtensions/MMBoundsExtensions.cs
move	c6a00a894837bd744b10fbeb03d1287b	Assets/Feel/MMFeedbacks/MMFeedbacks/Springs/Springs/MMSpringAnimatorSpeed.cs	Assets/Scripts/ThirdParty/Feel/MMFeedbacks/MMFeedbacks/Springs/Springs/MMSpringAnimatorSpeed.cs
move	c6012357a5b6f714ca471d66b44e12b6	Assets/Feel/MMFeedbacks/MMFeedbacks/Feedbacks/MMF_ImageTextureScale.cs	Assets/Scripts/ThirdParty/Feel/MMFeedbacks/MMFeedbacks/Feedbacks/MMF_ImageTextureScale.cs
move	c6f3cc53c6ac3754bbf1b45956f64a21	Assets/Feel/MMTools/Accessories/Editor/MMMaintenance/MMFindPrefabsByMono.cs	Assets/Scripts/ThirdParty/Feel/MMTools/Accessories/Editor/MMMaintenance/MMFindPrefabsByMono.cs
move	c6dc6bc8e4bb2834e80531c648886d13	Assets/Feel/MMTools/Accessories/MMActivation/MMDontDestroyOnLoad.cs	Assets/Scripts/ThirdParty/Feel/MMTools/Accessories/MMActivation/MMDontDestroyOnLoad.cs
move	c6cf2103244e0c94f993f2f0f281b0c9	Assets/Feel/MMFeedbacks/MMFeedbacksForThirdParty/HDRP/Springs/MMSpringVignetteIntensity_HDRP.cs	Assets/Scripts/ThirdParty/Feel/MMFeedbacks/MMFeedbacksForThirdParty/HDRP/Springs/MMSpringVignetteIntensity_HDRP.cs
move	d6234e4f3a210834b84433feac1a602d	Assets/Feel/MMFeedbacks/MMFeedbacks/Springs/Springs/MMSpringTextureScale.cs	Assets/Scripts/ThirdParty/Feel/MMFeedbacks/MMFeedbacks/Springs/Springs/MMSpringTextureScale.cs
move	d68394ff0deaba948873307b5fe5a801	Assets/Feel/MMFeedbacks/MMFeedbacksForThirdParty/Cinemachine/Shakers/MMCinemachineFieldOfViewShaker.cs	Assets/Scripts/ThirdParty/Feel/MMFeedbacks/MMFeedbacksForThirdParty/Cinemachine/Shakers/MMCinemachineFieldOfViewShaker.cs
move	d6480c3a11ef13143b71f9c64c7da64c	Assets/Feel/MMFeedbacks/MMFeedbacks/Sequencing/Scripts/MMSequence.cs	Assets/Scripts/ThirdParty/Feel/MMFeedbacks/MMFeedbacks/Sequencing/Scripts/MMSequence.cs
move	d6fe51abeddc2b844abf21fdba23b947	Assets/Feel/MMFeedbacks/MMFeedbacksForThirdParty/URP/Shakers/MMPaniniProjectionShaker_URP.cs	Assets/Scripts/ThirdParty/Feel/MMFeedbacks/MMFeedbacksForThirdParty/URP/Shakers/MMPaniniProjectionShaker_URP.cs
move	e65295240cbc68641b5b47a57a4296a9	Assets/Feel/MMTools/Core/Editor/MMAttributes/MMMonoBehaviourFieldInfo.cs	Assets/Scripts/ThirdParty/Feel/MMTools/Core/Editor/MMAttributes/MMMonoBehaviourFieldInfo.cs
move	e6b7fc2cafd170f4f8b039b213b568c6	Assets/Feel/MMTools/Accessories/MMGUI/MMSliderStep.cs	Assets/Scripts/ThirdParty/Feel/MMTools/Accessories/MMGUI/MMSliderStep.cs
move	e65f2e076950e5b4e87408581f939749	Assets/Feel/MMFeedbacks/MMFeedbacksForThirdParty/PostProcessing/Springs/MMSpringBloomIntensity.cs	Assets/Scripts/ThirdParty/Feel/MMFeedbacks/MMFeedbacksForThirdParty/PostProcessing/Springs/MMSpringBloomIntensity.cs
move	f641f9c946f40f346b424ed65100be88	Assets/Feel/MMFeedbacks/MMFeedbacksForThirdParty/MMTools/Feedbacks/MMF_MMSoundManagerAllSoundsControl.cs	Assets/Scripts/ThirdParty/Feel/MMFeedbacks/MMFeedbacksForThirdParty/MMTools/Feedbacks/MMF_MMSoundManagerAllSoundsControl.cs
move	f642848870e854947bbbb090be8948d7	Assets/Feel/MMFeedbacks/MMFeedbacksForThirdParty/UIToolkit/Base/MMF_UIToolkitColorBase.cs	Assets/Scripts/ThirdParty/Feel/MMFeedbacks/MMFeedbacksForThirdParty/UIToolkit/Base/MMF_UIToolkitColorBase.cs
move	f665ed98106607d4a8be79b240b4a801	Assets/Feel/MMFeedbacks/MMFeedbacks/Feedbacks/MMF_Feedbacks.cs	Assets/Scripts/ThirdParty/Feel/MMFeedbacks/MMFeedbacks/Feedbacks/MMF_Feedbacks.cs
move	f66839a3914de3d4db7c5682fc89f2fe	Assets/Feel/MMTools/Core/MMSaveLoad/MMPersistenceManager.cs	Assets/Scripts/ThirdParty/Feel/MMTools/Core/MMSaveLoad/MMPersistenceManager.cs
move	f6dcec9f2c4bea14baa2582a1bae072a	Assets/Feel/MMTools/Core/MMRadio/MMProperty/MMPropertyLink/MMPropertyLinkInt.cs	Assets/Scripts/ThirdParty/Feel/MMTools/Core/MMRadio/MMProperty/MMPropertyLink/MMPropertyLinkInt.cs
move	07b798a3f371c8f4f9919515319eb447	Assets/Feel/MMTools/Accessories/MMUtilities/MMTransformRandomizer.cs	Assets/Scripts/ThirdParty/Feel/MMTools/Accessories/MMUtilities/MMTransformRandomizer.cs
move	078b8f13a17171b49892ad10426d5af0	Assets/Feel/NiceVibrations/OlderVersions/v1.7/NiceVibrations-v-1-7.unitypackage	Assets/Scripts/ThirdParty/Feel/NiceVibrations/OlderVersions/v1.7/NiceVibrations-v-1-7.unitypackage
move	074e2f162fb1f104087f3cc4bef82972	Assets/Feel/MMFeedbacks/MMFeedbacksForThirdParty/MMTools/Feedbacks/MMF_Sound.cs	Assets/Scripts/ThirdParty/Feel/MMFeedbacks/MMFeedbacksForThirdParty/MMTools/Feedbacks/MMF_Sound.cs
move	17600328d06ef7e4299f5312eafcff74	Assets/Feel/MMTools/Foundation/MoreMountains.Tools.Foundation.asmref	Assets/Scripts/ThirdParty/Feel/MMTools/Foundation/MoreMountains.Tools.Foundation.asmref
move	17217ce8411bdf240a5e6ab4b8ad0a65	Assets/Feel/MMTools/Accessories/MMDebugMenu/Scripts/UIClasses/MMDebugMenuRadioButton.cs	Assets/Scripts/ThirdParty/Feel/MMTools/Accessories/MMDebugMenu/Scripts/UIClasses/MMDebugMenuRadioButton.cs
move	17b834b8463b2c344871f84ca5852a03	Assets/Feel/MMFeedbacks/MMFeedbacksForThirdParty/PostProcessing/Springs/MMSpringVignetteColor.cs	Assets/Scripts/ThirdParty/Feel/MMFeedbacks/MMFeedbacksForThirdParty/PostProcessing/Springs/MMSpringVignetteColor.cs
move	177926c7a52cdb247b4ea692ea51aa68	Assets/Feel/MMTools/Accessories/MMSprites/BezierLineRenderer/MMBezierLineRenderer.cs	Assets/Scripts/ThirdParty/Feel/MMTools/Accessories/MMSprites/BezierLineRenderer/MMBezierLineRenderer.cs
move	171bddfe1b8d24a049ab93c4b4d2323d	Assets/Feel/MMTools/Core/MMAttributes/MMHiddenAttribute.cs	Assets/Scripts/ThirdParty/Feel/MMTools/Core/MMAttributes/MMHiddenAttribute.cs
move	273314aadc2d09c4b8f7b497c86f6d3a	Assets/Feel/MMFeedbacks/MMFeedbacksForThirdParty/PostProcessing/Springs/MMSpringColorGradingContrast.cs	Assets/Scripts/ThirdParty/Feel/MMFeedbacks/MMFeedbacksForThirdParty/PostProcessing/Springs/MMSpringColorGradingContrast.cs
move	2745b12389b632b4793a46c0329b78a3	Assets/Feel/MMFeedbacks/MMFeedbacksForThirdParty/URP/Feedbacks/MMF_Bloom_URP.cs	Assets/Scripts/ThirdParty/Feel/MMFeedbacks/MMFeedbacksForThirdParty/URP/Feedbacks/MMF_Bloom_URP.cs
move	279c3792841e74f96b13b007d349facc	Assets/Feel/NiceVibrations/Plugins/macOS/libnice_vibrations_editor_plugin.dylib	Assets/Scripts/ThirdParty/Feel/NiceVibrations/Plugins/macOS/libnice_vibrations_editor_plugin.dylib
move	273f85de13f3ea84a9fe0139daf01c37	Assets/Feel/MMTools/Core/MMExtensions/MMListExtensions.cs	Assets/Scripts/ThirdParty/Feel/MMTools/Core/MMExtensions/MMListExtensions.cs
move	37877494ec9bebd499aa2b7ee97f204e	Assets/Feel/MMFeedbacks/MMFeedbacksForThirdParty/HDRP/Feedbacks/MMF_PaniniProjection_HDRP.cs	Assets/Scripts/ThirdParty/Feel/MMFeedbacks/MMFeedbacksForThirdParty/HDRP/Feedbacks/MMF_PaniniProjection_HDRP.cs
move	378d85c023238454db159ae565d259dd	Assets/Feel/MMFeedbacks/Editor/Curves/Editor/MMFCurves.curves	Assets/Scripts/ThirdParty/Feel/MMFeedbacks/Editor/Curves/Editor/MMFCurves.curves
move	47f1225adf998da428534e361e152700	Assets/Feel/MMFeedbacks/MMFeedbacksForThirdParty/URP/Feedbacks/MMF_GlobalPPVolumeAutoBlend_URP.cs	Assets/Scripts/ThirdParty/Feel/MMFeedbacks/MMFeedbacksForThirdParty/URP/Feedbacks/MMF_GlobalPPVolumeAutoBlend_URP.cs
move	4792d6bb2cfe7644da1e6972d3da260d	Assets/Feel/MMFeedbacks/MMFeedbacksForThirdParty/PostProcessing/Shakers/MMDepthOfFieldShaker.cs	Assets/Scripts/ThirdParty/Feel/MMFeedbacks/MMFeedbacksForThirdParty/PostProcessing/Shakers/MMDepthOfFieldShaker.cs
move	4709d37264c824e4ebdb775cd0902847	Assets/Feel/MMFeedbacks/MMFeedbacks/Feedbacks/MMF_UnloadScene.cs	Assets/Scripts/ThirdParty/Feel/MMFeedbacks/MMFeedbacks/Feedbacks/MMF_UnloadScene.cs
move	474936ac5716a714abf16bab43955d3d	Assets/Feel/MMFeedbacks/MMFeedbacksForThirdParty/URP/Springs/MMSpringBloomIntensity_URP.cs	Assets/Scripts/ThirdParty/Feel/MMFeedbacks/MMFeedbacksForThirdParty/URP/Springs/MMSpringBloomIntensity_URP.cs
move	47cd2899f51fb4842857c11182c8e62a	Assets/Feel/MMTools/Accessories/MMCinemachine/MMCinemachineZone/MMCinemachineZone2D.cs	Assets/Scripts/ThirdParty/Feel/MMTools/Accessories/MMCinemachine/MMCinemachineZone/MMCinemachineZone2D.cs
move	57a0b9bc628ab4740af4b6f1f0b2e134	Assets/Feel/NiceVibrations/Lofelt.NiceVibrations.asmdef	Assets/Scripts/ThirdParty/Feel/NiceVibrations/Lofelt.NiceVibrations.asmdef
move	5786831fccf809245bf95e1d459472ba	Assets/Feel/MMTools/Core/MMAudio/AudioAnalyzer/MMAudioAnalyzer.cs	Assets/Scripts/ThirdParty/Feel/MMTools/Core/MMAudio/AudioAnalyzer/MMAudioAnalyzer.cs
move	67c3b5deddd7fd5438aebce3a8ea178e	Assets/Feel/MMTools/Accessories/MMDebugMenu/Scripts/UIClasses/MMDebugMenuSpriteReplace.cs	Assets/Scripts/ThirdParty/Feel/MMTools/Accessories/MMDebugMenu/Scripts/UIClasses/MMDebugMenuSpriteReplace.cs
move	672424a3a46489f459437ba5a9afa89d	Assets/Feel/MMFeedbacks/MMFeedbacks/Springs/Springs/MMSpringTMPDilate.cs	Assets/Scripts/ThirdParty/Feel/MMFeedbacks/MMFeedbacks/Springs/Springs/MMSpringTMPDilate.cs
move	67bc5fafbf62b48858241ce814d3d489	Assets/Feel/NiceVibrations/Scripts/Editor/Lofelt.NiceVibrations.Editor.asmdef	Assets/Scripts/ThirdParty/Feel/NiceVibrations/Scripts/Editor/Lofelt.NiceVibrations.Editor.asmdef
move	67fc7d627b6e1074895b5ed483eb737d	Assets/Feel/MMFeedbacks/MMFeedbacksForThirdParty/NiceVibrations/Feedbacks/MMF_NVContinuous.cs	Assets/Scripts/ThirdParty/Feel/MMFeedbacks/MMFeedbacksForThirdParty/NiceVibrations/Feedbacks/MMF_NVContinuous.cs
move	77e19943fc6c12249aa90e2f613265ad	Assets/Feel/MMFeedbacks/MMFeedbacks/Springs/Springs/MMSpringRotation.cs	Assets/Scripts/ThirdParty/Feel/MMFeedbacks/MMFeedbacks/Springs/Springs/MMSpringRotation.cs
move	87a286771fa86194e979f187a1691a2a	Assets/Feel/MMTools/Foundation/MMControls/MMTouchButton.cs	Assets/Scripts/ThirdParty/Feel/MMTools/Foundation/MMControls/MMTouchButton.cs
move	878e38786f84b4cb2befd22693a97a33	Assets/Feel/MMTools/Core/MMHelpers/MMConsole.cs	Assets/Scripts/ThirdParty/Feel/MMTools/Core/MMHelpers/MMConsole.cs
move	97e17950a649fa84189ca3446539280b	Assets/Feel/MMFeedbacks/MMFeedbacksForThirdParty/URP/Shakers/MMAutoFocus_URP.cs	Assets/Scripts/ThirdParty/Feel/MMFeedbacks/MMFeedbacksForThirdParty/URP/Shakers/MMAutoFocus_URP.cs
move	9722df90d8b438e4b8b47fee471fbbee	Assets/Feel/MMFeedbacks/Editor/MoreMountains.Feedbacks.Editor.asmref	Assets/Scripts/ThirdParty/Feel/MMFeedbacks/Editor/MoreMountains.Feedbacks.Editor.asmref
move	97f57704667c5aa4586dab47e71ecade	Assets/Feel/MMFeedbacks/MMFeedbacksForThirdParty/PostProcessing/Feedbacks/MMF_Vignette.cs	Assets/Scripts/ThirdParty/Feel/MMFeedbacks/MMFeedbacksForThirdParty/PostProcessing/Feedbacks/MMF_Vignette.cs
move	97e6ede6fceb23f40805fef166a6f181	Assets/Feel/MMFeedbacks/MMFeedbacks/Core/MMFeedbacksInspectorColors.cs	Assets/Scripts/ThirdParty/Feel/MMFeedbacks/MMFeedbacks/Core/MMFeedbacksInspectorColors.cs
move	979e16096485bd645b1d47e00aabc982	Assets/Feel/MMFeedbacks/MMFeedbacksForThirdParty/HDRP/Feedbacks/MMF_Bloom_HDRP.cs	Assets/Scripts/ThirdParty/Feel/MMFeedbacks/MMFeedbacksForThirdParty/HDRP/Feedbacks/MMF_Bloom_HDRP.cs
move	a7418ffb631904a47b36fa84af828aa9	Assets/Feel/MMTools/Core/Editor/MMAttributes/MMConditionAttributeDrawer.cs	Assets/Scripts/ThirdParty/Feel/MMTools/Core/Editor/MMAttributes/MMConditionAttributeDrawer.cs
move	a7a2bc31348bf0944bdfecbcd88c4c5f	Assets/Feel/MMFeedbacks/MMFeedbacksForThirdParty/HDRP/MoreMountains.Feedbacks.HDRP.asmref	Assets/Scripts/ThirdParty/Feel/MMFeedbacks/MMFeedbacksForThirdParty/HDRP/MoreMountains.Feedbacks.HDRP.asmref
move	b76fc03c4a7392642aa1edd7647ffdac	Assets/Feel/MMFeedbacks/MMFeedbacks/Feedbacks/MMF_CameraClippingPlanes.cs	Assets/Scripts/ThirdParty/Feel/MMFeedbacks/MMFeedbacks/Feedbacks/MMF_CameraClippingPlanes.cs
move	c771cf4cdbab1ff43a08d35743880364	Assets/Feel/MMFeedbacks/MMFeedbacksForThirdParty/UIToolkit/Feedbacks/MMF_UIToolkitBorderWidth.cs	Assets/Scripts/ThirdParty/Feel/MMFeedbacks/MMFeedbacksForThirdParty/UIToolkit/Feedbacks/MMF_UIToolkitBorderWidth.cs
move	c7e54a3a8f5944d43ae992cd916cedda	Assets/Feel/MMTools/Core/MMPropertyControllers/LightController.cs	Assets/Scripts/ThirdParty/Feel/MMTools/Core/MMPropertyControllers/LightController.cs
move	d721bd69a5a65bf4ab07b36ad0883acf	Assets/Feel/MMFeedbacks/MMFeedbacks/Feedbacks/MMF_RotatePositionAround.cs	Assets/Scripts/ThirdParty/Feel/MMFeedbacks/MMFeedbacks/Feedbacks/MMF_RotatePositionAround.cs
move	d72ca77766228434bac267331d9890d6	Assets/Feel/MMFeedbacks/MMFeedbacksForThirdParty/URP/Feedbacks/MMF_ColorAdjustments_URP.cs	Assets/Scripts/ThirdParty/Feel/MMFeedbacks/MMFeedbacksForThirdParty/URP/Feedbacks/MMF_ColorAdjustments_URP.cs
move	d72d65b4a360e184da7662f4f4c6acc0	Assets/Feel/MMTools/Accessories/MMDebugMenu/Scripts/Tabs/MMDebugMenuTabContents.cs	Assets/Scripts/ThirdParty/Feel/MMTools/Accessories/MMDebugMenu/Scripts/Tabs/MMDebugMenuTabContents.cs
move	d7ae097ceef007248a49d4df212cceb7	Assets/Feel/MMTools/Accessories/Editor/MMCurves/MMCurves.curves	Assets/Scripts/ThirdParty/Feel/MMTools/Accessories/Editor/MMCurves/MMCurves.curves
move	e79061224d0604740b66d87c50047581	Assets/Feel/MMFeedbacks/MMFeedbacksForThirdParty/URP/Shakers/MMChannelMixerShaker_URP.cs	Assets/Scripts/ThirdParty/Feel/MMFeedbacks/MMFeedbacksForThirdParty/URP/Shakers/MMChannelMixerShaker_URP.cs
move	e70ed4c65521d064daf6f4fb01c8a707	Assets/Feel/MMTools/Core/Editor/MMAudio/AudioAnalyzer/MMAudioAnalyzerEditor.cs	Assets/Scripts/ThirdParty/Feel/MMTools/Core/Editor/MMAudio/AudioAnalyzer/MMAudioAnalyzerEditor.cs
move	f7f15f032bd296c4e8197aa296f04fbb	Assets/Feel/MMFeedbacks/MMFeedbacks/Springs/Feedbacks/MMF_SpringVector2.cs	Assets/Scripts/ThirdParty/Feel/MMFeedbacks/MMFeedbacks/Springs/Feedbacks/MMF_SpringVector2.cs
move	f7559d3ffebbab24885ba248a4e0e548	Assets/Feel/MMFeedbacks/MMFeedbacks/Feedbacks/MMF_Light.cs	Assets/Scripts/ThirdParty/Feel/MMFeedbacks/MMFeedbacks/Feedbacks/MMF_Light.cs
move	f767333d7f0eaf24892e4778169d0d37	Assets/Feel/MMTools/Accessories/Editor/MMParticles/MMTrailRendererSortingLayerEditor.cs	Assets/Scripts/ThirdParty/Feel/MMTools/Accessories/Editor/MMParticles/MMTrailRendererSortingLayerEditor.cs
move	f759f536b039f2b46881cfc8ea77c496	Assets/Feel/MMTools/Foundation/MMAchievements/Scripts/MMAchievementDisplayer.cs	Assets/Scripts/ThirdParty/Feel/MMTools/Foundation/MMAchievements/Scripts/MMAchievementDisplayer.cs
move	086f0a7e77273714b82f2e7d7b310521	Assets/Feel/MMFeedbacks/MMFeedbacksForThirdParty/VisualEffectGraph/Feedbacks/MMF_VisualEffect.cs	Assets/Scripts/ThirdParty/Feel/MMFeedbacks/MMFeedbacksForThirdParty/VisualEffectGraph/Feedbacks/MMF_VisualEffect.cs
move	18d70b42b0fd93e49b47f2970addf779	Assets/Feel/MMFeedbacks/MMFeedbacksForThirdParty/MMTools/Feedbacks/MMF_DebugLog.cs	Assets/Scripts/ThirdParty/Feel/MMFeedbacks/MMFeedbacksForThirdParty/MMTools/Feedbacks/MMF_DebugLog.cs
move	186a986c8de07d3478b88dc10e508869	Assets/Feel/MMTools/Accessories/MMDebugMenu/Scripts/Events/MMDebugMenuSliderEventListener.cs	Assets/Scripts/ThirdParty/Feel/MMTools/Accessories/MMDebugMenu/Scripts/Events/MMDebugMenuSliderEventListener.cs
move	2852911d573562f4a836903e5c779c94	Assets/Feel/MMTools/Accessories/MMGUI/MMParallaxUI.cs	Assets/Scripts/ThirdParty/Feel/MMTools/Accessories/MMGUI/MMParallaxUI.cs
move	2838524600839f84591c1d8a457b2176	Assets/Feel/MMFeedbacks/MMFeedbacksForThirdParty/Cinemachine/Feedbacks/MMF_CinemachineTransition.cs	Assets/Scripts/ThirdParty/Feel/MMFeedbacks/MMFeedbacksForThirdParty/Cinemachine/Feedbacks/MMF_CinemachineTransition.cs
move	28fbd4d56656345f4ba40f7e4d786fb1	Assets/Feel/MMTools/Core/Editor/MMAttributes/MMMenuHelp.cs	Assets/Scripts/ThirdParty/Feel/MMTools/Core/Editor/MMAttributes/MMMenuHelp.cs
move	285d55c3a8191984c848a8ecaee30c9d	Assets/Feel/MMTools/Core/MMExtensions/MMCameraExtensions.cs	Assets/Scripts/ThirdParty/Feel/MMTools/Core/MMExtensions/MMCameraExtensions.cs
move	28ad17ba84c916d499cb74e758d28e8e	Assets/Feel/MMTools/Accessories/MMDebugMenu/Scripts/MMDebugMenuItems/MMDebugMenuItemCheckbox.cs	Assets/Scripts/ThirdParty/Feel/MMTools/Accessories/MMDebugMenu/Scripts/MMDebugMenuItems/MMDebugMenuItemCheckbox.cs
move	38a2b9ccac643d24393293543ef5d825	Assets/Feel/MMFeedbacks/MMFeedbacks/Springs/Springs/MMSpringTMPLineSpacing.cs	Assets/Scripts/ThirdParty/Feel/MMFeedbacks/MMFeedbacks/Springs/Springs/MMSpringTMPLineSpacing.cs
move	38f5f99a403324842b72d7bb5d781405	Assets/Feel/MMTools/Foundation/MMAnimation/MMRagdollerIgnore.cs	Assets/Scripts/ThirdParty/Feel/MMTools/Foundation/MMAnimation/MMRagdollerIgnore.cs
move	4829c639bd6729945b0664d15e2f740e	Assets/Feel/MMTools/Accessories/MMProcedural/MMGridGenerators/MMGridGeneratorPerlinNoiseGround.cs	Assets/Scripts/ThirdParty/Feel/MMTools/Accessories/MMProcedural/MMGridGenerators/MMGridGeneratorPerlinNoiseGround.cs
move	487bb7f14f728c74ca3bfc0020509b6b	Assets/Feel/MMTools/Core/MMAudio/MMSoundManager/MMSoundManagerTrackVolumeSlider.cs	Assets/Scripts/ThirdParty/Feel/MMTools/Core/MMAudio/MMSoundManager/MMSoundManagerTrackVolumeSlider.cs
move	485e02e02c638cf4b9ca8344fd6213a9	Assets/Feel/MMFeedbacks/MMFeedbacksForThirdParty/URP/Shakers/MMBloomShaker_URP.cs	Assets/Scripts/ThirdParty/Feel/MMFeedbacks/MMFeedbacksForThirdParty/URP/Shakers/MMBloomShaker_URP.cs
move	58875ceee40a651498d6e840f42a38bd	Assets/Feel/MMFeedbacks/MMFeedbacksForThirdParty/MMTools/Feedbacks/MMF_RectTransformSizeDelta.cs	Assets/Scripts/ThirdParty/Feel/MMFeedbacks/MMFeedbacksForThirdParty/MMTools/Feedbacks/MMF_RectTransformSizeDelta.cs
move	58f9c048a89d0d5448bf5972cdc13fad	Assets/Feel/MMTools/Core/MMSaveLoad/MMSaveLoadTester.cs	Assets/Scripts/ThirdParty/Feel/MMTools/Core/MMSaveLoad/MMSaveLoadTester.cs
move	58ec23fbdf517a348851de2bb297888e	Assets/Feel/MMTools/Accessories/Editor/MMActivation/MMTriggerAndCollisionEditor.cs	Assets/Scripts/ThirdParty/Feel/MMTools/Accessories/Editor/MMActivation/MMTriggerAndCollisionEditor.cs
move	68f2e968d11ecbf46882dff546d9da6b	Assets/Feel/MMFeedbacks/MMFeedbacksForThirdParty/PostProcessing/Feedbacks/MMF_ChromaticAberration.cs	Assets/Scripts/ThirdParty/Feel/MMFeedbacks/MMFeedbacksForThirdParty/PostProcessing/Feedbacks/MMF_ChromaticAberration.cs
move	6875477705097214296780853d481a87	Assets/Feel/MMTools/Accessories/MMGUI/MMRadialProgressBar.cs	Assets/Scripts/ThirdParty/Feel/MMTools/Accessories/MMGUI/MMRadialProgressBar.cs
move	685b5496a166328449da980c010a79f2	Assets/Feel/MMFeedbacks/MMFeedbacksForThirdParty/MMTools/Feedbacks/MMF_MMSoundManagerSaveLoad.cs	Assets/Scripts/ThirdParty/Feel/MMFeedbacks/MMFeedbacksForThirdParty/MMTools/Feedbacks/MMF_MMSoundManagerSaveLoad.cs
move	688b4ab22ad89b24895a20351c49f7d5	Assets/Feel/MMFeedbacks/MMFeedbacksForThirdParty/MMTools/Feedbacks/MMF_Layer.cs	Assets/Scripts/ThirdParty/Feel/MMFeedbacks/MMFeedbacksForThirdParty/MMTools/Feedbacks/MMF_Layer.cs
move	78ba34f29f369984099f450eb0a6777c	Assets/Feel/MMFeedbacks/MMFeedbacksForThirdParty/URP/Feedbacks/MMF_FilmGrain_URP.cs	Assets/Scripts/ThirdParty/Feel/MMFeedbacks/MMFeedbacksForThirdParty/URP/Feedbacks/MMF_FilmGrain_URP.cs
move	88367c53ef5132e4c9df08d23e92c06d	Assets/Feel/MMFeedbacks/MMFeedbacks/Feedbacks/MMF_Animation.cs	Assets/Scripts/ThirdParty/Feel/MMFeedbacks/MMFeedbacks/Feedbacks/MMF_Animation.cs
move	886cecdd9d0da7e429a987be6cccf1da	Assets/Feel/MMTools/Accessories/MMGUI/MMPSBToUIConverter.cs	Assets/Scripts/ThirdParty/Feel/MMTools/Accessories/MMGUI/MMPSBToUIConverter.cs
move	886d805cbd686b046b8707c00676d919	Assets/Feel/MMFeedbacks/Editor/Core/UIToolkit/MMF_FeedbackPropertyDrawerUITK.cs	Assets/Scripts/ThirdParty/Feel/MMFeedbacks/Editor/Core/UIToolkit/MMF_FeedbackPropertyDrawerUITK.cs
move	887e928caeb50c74593acce11770f85f	Assets/Feel/MMTools/Accessories/Editor/MMVision/MMConeOfVisionInspector.cs	Assets/Scripts/ThirdParty/Feel/MMTools/Accessories/Editor/MMVision/MMConeOfVisionInspector.cs
move	889e935e9689c09488cc64807a889d5e	Assets/Feel/MMFeedbacks/MMFeedbacksForThirdParty/UIToolkit/Base/MMF_UIToolkitFloatBase.cs	Assets/Scripts/ThirdParty/Feel/MMFeedbacks/MMFeedbacksForThirdParty/UIToolkit/Base/MMF_UIToolkitFloatBase.cs
move	98c0487264de9e14f8af4f1b03a224f0	Assets/Feel/MMFeedbacks/MMFeedbacksForThirdParty/URP/Shakers/MMVolumeBlendShaker_URP.cs	Assets/Scripts/ThirdParty/Feel/MMFeedbacks/MMFeedbacksForThirdParty/URP/Shakers/MMVolumeBlendShaker_URP.cs
move	9865be098e06f714091b51ba01ecec85	Assets/Feel/MMTools/Accessories/MMGUI/MMCountdown.cs	Assets/Scripts/ThirdParty/Feel/MMTools/Accessories/MMGUI/MMCountdown.cs
move	98e84bec6c36ca5419922f3def4d4267	Assets/Feel/MMTools/Accessories/MMGUI/MMCursorVisible.cs	Assets/Scripts/ThirdParty/Feel/MMTools/Accessories/MMGUI/MMCursorVisible.cs
move	a81b3d6b0f5d3d14a8395a2a9611e7a4	Assets/Feel/MMTools/Core/MMRadio/MMRadioSignal/MMRadioSignal.cs	Assets/Scripts/ThirdParty/Feel/MMTools/Core/MMRadio/MMRadioSignal/MMRadioSignal.cs
move	b8671651c483f78429d998c7d9f5827f	Assets/Feel/MMFeedbacks/MMFeedbacks/Springs/Springs/MMSpringSpriteColor.cs	Assets/Scripts/ThirdParty/Feel/MMFeedbacks/MMFeedbacks/Springs/Springs/MMSpringSpriteColor.cs
move	b81dc1a6e4b189d4bae2faab8a2a1a25	Assets/Feel/MMTools/Accessories/MMMovement/MMPathMovement/MMPath.cs	Assets/Scripts/ThirdParty/Feel/MMTools/Accessories/MMMovement/MMPathMovement/MMPath.cs
move	c89376b60a9ff4b4d922b8d35778d386	Assets/Feel/MMTools/Core/MMSaveLoad/MMPersistenceDataStructures.cs	Assets/Scripts/ThirdParty/Feel/MMTools/Core/MMSaveLoad/MMPersistenceDataStructures.cs
move	c85a8307aa986a14d83db219ddc633da	Assets/Feel/MMFeedbacks/MMFeedbacksForThirdParty/HDRP/Feedbacks/MMF_WhiteBalance_HDRP.cs	Assets/Scripts/ThirdParty/Feel/MMFeedbacks/MMFeedbacksForThirdParty/HDRP/Feedbacks/MMF_WhiteBalance_HDRP.cs
move	c82cf35166701394ab910f41269944f9	Assets/Feel/MMTools/Accessories/MMInput/MMAutoInputModule.cs	Assets/Scripts/ThirdParty/Feel/MMTools/Accessories/MMInput/MMAutoInputModule.cs
move	d8ab561ba77c94d3fafd05ffde7d9f7c	Assets/Feel/MMTools/Foundation/MMAchievements/Scripts/MMAchievementEvent.cs	Assets/Scripts/ThirdParty/Feel/MMTools/Foundation/MMAchievements/Scripts/MMAchievementEvent.cs
move	d82dce2d70e40844290719d664b4ed1a	Assets/Feel/MMFeedbacks/MMFeedbacks/Springs/Feedbacks/MMF_SpringVector3.cs	Assets/Scripts/ThirdParty/Feel/MMFeedbacks/MMFeedbacks/Springs/Feedbacks/MMF_SpringVector3.cs
move	e8c0f2ffbd055e44497199bd1a209d9f	Assets/Feel/MMTools/Core/MMExtensions/MMSerializedPropertyExtensions.cs	Assets/Scripts/ThirdParty/Feel/MMTools/Core/MMExtensions/MMSerializedPropertyExtensions.cs
move	e815f28291646fc47a4ea53fa52db2a4	Assets/Feel/MMTools/Accessories/MMDebugMenu/Scripts/Events/MMDebugMenuSliderEvent.cs	Assets/Scripts/ThirdParty/Feel/MMTools/Accessories/MMDebugMenu/Scripts/Events/MMDebugMenuSliderEvent.cs
move	f832a347ffbe22e478be454dc5dc3cff	Assets/Feel/MMFeedbacks/Editor/FeedbackListOutputter/FeedbackListOutputer.cs	Assets/Scripts/ThirdParty/Feel/MMFeedbacks/Editor/FeedbackListOutputter/FeedbackListOutputer.cs
move	f8650a79a9f5e38449718559d1d6a2f5	Assets/Feel/MMFeedbacks/MMFeedbacksForThirdParty/Cinemachine/Shakers/MMCinemachinePriorityListener.cs	Assets/Scripts/ThirdParty/Feel/MMFeedbacks/MMFeedbacksForThirdParty/Cinemachine/Shakers/MMCinemachinePriorityListener.cs
move	09e29c2242d13d64480d58af86fcb50f	Assets/Feel/MMFeedbacks/MMFeedbacks/Core/MMChannels/MMChannel.cs	Assets/Scripts/ThirdParty/Feel/MMFeedbacks/MMFeedbacks/Core/MMChannels/MMChannel.cs
move	09758e9809f18be4db32f0059b184095	Assets/Feel/MMFeedbacks/MMFeedbacksForThirdParty/MMTools/Feedbacks/MMF_ShaderController.cs	Assets/Scripts/ThirdParty/Feel/MMFeedbacks/MMFeedbacksForThirdParty/MMTools/Feedbacks/MMF_ShaderController.cs
move	0988d9b4b34ac9c49a36cf9a04cf5776	Assets/Feel/MMTools/Accessories/MMUtilities/MMSceneRestarter.cs	Assets/Scripts/ThirdParty/Feel/MMTools/Accessories/MMUtilities/MMSceneRestarter.cs
move	09b9adc13f8d756438e4b01f706efbc1	Assets/Feel/MMTools/Core/MMHelpers/MMCircularList.cs	Assets/Scripts/ThirdParty/Feel/MMTools/Core/MMHelpers/MMCircularList.cs
move	09fb9010cab0ccd48b5c336634829ab7	Assets/Feel/MMTools/Core/Editor/MMPropertyControllers/ShaderControllerEditor.cs	Assets/Scripts/ThirdParty/Feel/MMTools/Core/Editor/MMPropertyControllers/ShaderControllerEditor.cs
move	09ed30f22b4748a44bc7862a66f01f2e	Assets/Feel/MMFeedbacks/MMFeedbacksForThirdParty/HDRP/Shakers/MMBloomShaker_HDRP.cs	Assets/Scripts/ThirdParty/Feel/MMFeedbacks/MMFeedbacksForThirdParty/HDRP/Shakers/MMBloomShaker_HDRP.cs
move	194c644ad43b53c478e2164aa4f41cb0	Assets/Feel/MMTools/Accessories/MMMovement/MMPreventPassingThrough3D.cs	Assets/Scripts/ThirdParty/Feel/MMTools/Accessories/MMMovement/MMPreventPassingThrough3D.cs
move	195cd029f2c828848a5f260fc5457f3e	Assets/Feel/MMTools/Core/MMHelpers/MMMovement.cs	Assets/Scripts/ThirdParty/Feel/MMTools/Core/MMHelpers/MMMovement.cs
move	29420e3cb1cf4c4f93a2201b521f1024	Assets/Feel/MMTools/Core/MMAudio/MMSoundManager/MMSoundManagerCustomTrackSO.cs	Assets/Scripts/ThirdParty/Feel/MMTools/Core/MMAudio/MMSoundManager/MMSoundManagerCustomTrackSO.cs
move	290476dd0718b944c9de1d397bfa0f4d	Assets/Feel/MMTools/Accessories/MMInstantiation/MMRandomBoundsInstantiator.cs	Assets/Scripts/ThirdParty/Feel/MMTools/Accessories/MMInstantiation/MMRandomBoundsInstantiator.cs
move	293c62544284dea419e338a8524a7fb4	Assets/Feel/MMFeedbacks/MMFeedbacks/Core/MMFeedbackTiming.cs	Assets/Scripts/ThirdParty/Feel/MMFeedbacks/MMFeedbacks/Core/MMFeedbackTiming.cs
move	294ea96cd093b544b8428037f5a17b43	Assets/Feel/MMFeedbacks/MMFeedbacksForThirdParty/HDRP/Feedbacks/MMF_Vignette_HDRP.cs	Assets/Scripts/ThirdParty/Feel/MMFeedbacks/MMFeedbacksForThirdParty/HDRP/Feedbacks/MMF_Vignette_HDRP.cs
move	39c2e38fedd7ea6458db806a703669ef	Assets/Feel/MMFeedbacks/MMFeedbacksForThirdParty/URP/Springs/MMSpringLensDistortionIntensity_URP.cs	Assets/Scripts/ThirdParty/Feel/MMFeedbacks/MMFeedbacksForThirdParty/URP/Springs/MMSpringLensDistortionIntensity_URP.cs
move	390bf4a7227d9094e82fd024ef00a069	Assets/Feel/MMFeedbacks/Editor/Core/UIToolkit/MMF_PlayerEditorUITKStyleSheet_Settings.uss	Assets/Scripts/ThirdParty/Feel/MMFeedbacks/Editor/Core/UIToolkit/MMF_PlayerEditorUITKStyleSheet_Settings.uss
move	39cb364c2dfacad469e5df86d6ec5e92	Assets/Feel/MMFeedbacks/MMFeedbacks/Shakers/MMBlink.cs	Assets/Scripts/ThirdParty/Feel/MMFeedbacks/MMFeedbacks/Shakers/MMBlink.cs
move	49f0c9a373a7bee44ba595f666d21fc4	Assets/Feel/MMTools/Accessories/MMCinemachine/MMCinemachineZone/MMCinemachineZone3D.cs	Assets/Scripts/ThirdParty/Feel/MMTools/Accessories/MMCinemachine/MMCinemachineZone/MMCinemachineZone3D.cs
move	49fca3db2731cab418491d2611d6577b	Assets/Feel/MMFeedbacks/MMFeedbacks/Springs/Springs/MMSpringTMPSoftness.cs	Assets/Scripts/ThirdParty/Feel/MMFeedbacks/MMFeedbacks/Springs/Springs/MMSpringTMPSoftness.cs
move	49af33803f6148b4dad64c35bf986275	Assets/Feel/MMTools/Core/MMHelpers/MMTime.cs	Assets/Scripts/ThirdParty/Feel/MMTools/Core/MMHelpers/MMTime.cs
move	59a1dca0105634a4db09372297afadbf	Assets/Feel/MMTools/Core/MMAttributes/MMInspectorGroupAttribute.cs	Assets/Scripts/ThirdParty/Feel/MMTools/Core/MMAttributes/MMInspectorGroupAttribute.cs
move	59b1afce1a5338c48befe053811a37df	Assets/Feel/MMFeedbacks/MMFeedbacks/Springs/Core/MMSpringVector4.cs	Assets/Scripts/ThirdParty/Feel/MMFeedbacks/MMFeedbacks/Springs/Core/MMSpringVector4.cs
move	59e17accdf8e47d4ab7fd8d8d6cec437	Assets/Feel/MMFeedbacks/MMFeedbacks/Feedbacks/MMF_ImageRaycastTarget.cs	Assets/Scripts/ThirdParty/Feel/MMFeedbacks/MMFeedbacks/Feedbacks/MMF_ImageRaycastTarget.cs
move	6906d20e526ebe749b396f651e78e047	Assets/Feel/MMFeedbacks/MMFeedbacksForThirdParty/MMTools/MMRadio/MMF_FeedbackBase.cs	Assets/Scripts/ThirdParty/Feel/MMFeedbacks/MMFeedbacksForThirdParty/MMTools/MMRadio/MMF_FeedbackBase.cs
move	6949e897c69920b4bb002749389fbd3f	Assets/Feel/MMFeedbacks/MMFeedbacks/Feedbacks/MMF_PositionSpring.cs	Assets/Scripts/ThirdParty/Feel/MMFeedbacks/MMFeedbacks/Feedbacks/MMF_PositionSpring.cs
move	695c7cc8319cf894f914eacf53e3d143	Assets/Feel/MMTools/Core/MMHelpers/MMShufflebag.cs	Assets/Scripts/ThirdParty/Feel/MMTools/Core/MMHelpers/MMShufflebag.cs
move	7969c2e1fc64bc64b8e2c338f430fa49	Assets/Feel/MMFeedbacks/MMFeedbacksForThirdParty/HDRP/Springs/MMSpringDepthOfFieldFocusDistance_HDRP.cs	Assets/Scripts/ThirdParty/Feel/MMFeedbacks/MMFeedbacksForThirdParty/HDRP/Springs/MMSpringDepthOfFieldFocusDistance_HDRP.cs
move	89f0c7ac1091bf24aa52fc37f6bbd307	Assets/Feel/MMFeedbacks/MMFeedbacks/Feedbacks/MMF_AudioMixerSnapshotTransition.cs	Assets/Scripts/ThirdParty/Feel/MMFeedbacks/MMFeedbacks/Feedbacks/MMF_AudioMixerSnapshotTransition.cs
move	89b1ab110187b0b4ebad017b364aafea	Assets/Feel/NiceVibrations/Scripts/Editor/NVHapticDataDrawer.cs	Assets/Scripts/ThirdParty/Feel/NiceVibrations/Scripts/Editor/NVHapticDataDrawer.cs
move	996385a9b56b4d14eb03dc65ed309620	Assets/Feel/MMTools/Accessories/MMActivation/MMParentingOnStart.cs	Assets/Scripts/ThirdParty/Feel/MMTools/Accessories/MMActivation/MMParentingOnStart.cs
move	991ae4d843392bc4e9ec4e7d8649d94e	Assets/Feel/MMTools/Core/MMRadio/MMProperty/MMPropertyLink/MMPropertyLinkColor.cs	Assets/Scripts/ThirdParty/Feel/MMTools/Core/MMRadio/MMProperty/MMPropertyLink/MMPropertyLinkColor.cs
move	99ca21bfff9408f44bf12916ef8f4363	Assets/Feel/MMTools/Accessories/MMGizmos/MMGizmo.cs	Assets/Scripts/ThirdParty/Feel/MMTools/Accessories/MMGizmos/MMGizmo.cs
move	99dee6f19eeff614d8e1497cb5a83677	Assets/Feel/MMFeedbacks/MMFeedbacks/Feedbacks/MMF_SetActive.cs	Assets/Scripts/ThirdParty/Feel/MMFeedbacks/MMFeedbacks/Feedbacks/MMF_SetActive.cs
move	a908ed7f06f3bf34e8ff030a385f46f2	Assets/Feel/MMTools/Accessories/Editor/MMMaintenance/MMGroupSelection.cs	Assets/Scripts/ThirdParty/Feel/MMTools/Accessories/Editor/MMMaintenance/MMGroupSelection.cs
move	a9bba16bb0fb2b94f972e8ffe57ba804	Assets/Feel/MMFeedbacks/MMFeedbacks/Feedbacks/MMF_RotationShake.cs	Assets/Scripts/ThirdParty/Feel/MMFeedbacks/MMFeedbacks/Feedbacks/MMF_RotationShake.cs
move	a9dd0616922ed17418e0d66673193441	Assets/Feel/MMFeedbacks/MMFeedbacks/Shakers/MMSpriteRendererShaker.cs	Assets/Scripts/ThirdParty/Feel/MMFeedbacks/MMFeedbacks/Shakers/MMSpriteRendererShaker.cs
move	b950a5ce764708a4ca0425a952fce75f	Assets/Feel/MMTools/Accessories/MMDebugMenu/Scripts/MMDebugMenuData.cs	Assets/Scripts/ThirdParty/Feel/MMTools/Accessories/MMDebugMenu/Scripts/MMDebugMenuData.cs
move	b9f71c3d801e5f84b88c2cb7256503ee	Assets/Feel/MMTools/Accessories/MMInstantiation/MMSpawnAround.cs	Assets/Scripts/ThirdParty/Feel/MMTools/Accessories/MMInstantiation/MMSpawnAround.cs
move	b91c53058d9ddc04bbc92506986923a3	Assets/Feel/MMTools/Accessories/MMActivation/MMPeriodicExecution.cs	Assets/Scripts/ThirdParty/Feel/MMTools/Accessories/MMActivation/MMPeriodicExecution.cs
move	c90af9401f16038488cbc1a21e79de15	Assets/Feel/MMFeedbacks/MMFeedbacksForThirdParty/PostProcessing/Helpers/MMPostProcessingHelpers.cs	Assets/Scripts/ThirdParty/Feel/MMFeedbacks/MMFeedbacksForThirdParty/PostProcessing/Helpers/MMPostProcessingHelpers.cs
move	d9316d13625724948a6824fbd529a617	Assets/Feel/MMFeedbacks/MMFeedbacksForThirdParty/MMTools/Feedbacks/MMF_LineRenderer.cs	Assets/Scripts/ThirdParty/Feel/MMFeedbacks/MMFeedbacksForThirdParty/MMTools/Feedbacks/MMF_LineRenderer.cs
move	d9b44209469b244478c826d3b44489d5	Assets/Feel/MMTools/Accessories/MMCurves/Plotter/MMPlotter.cs	Assets/Scripts/ThirdParty/Feel/MMTools/Accessories/MMCurves/Plotter/MMPlotter.cs
move	d9251a9f35d2c384a9e26195e0c63ee9	Assets/Feel/MMTools/Core/MMSceneLoading/Scripts/Helpers/MMLoadScene.cs	Assets/Scripts/ThirdParty/Feel/MMTools/Core/MMSceneLoading/Scripts/Helpers/MMLoadScene.cs
move	d948bd127b797e94fbf989672ffe1847	Assets/Feel/MMFeedbacks/MMFeedbacks/Springs/Feedbacks/MMF_SpringFloat.cs	Assets/Scripts/ThirdParty/Feel/MMFeedbacks/MMFeedbacks/Springs/Feedbacks/MMF_SpringFloat.cs
move	d92a948b1d89a964dad3e880ab3b9712	Assets/Feel/MMFeedbacks/MMFeedbacksForThirdParty/HDRP/Shakers/MMVignetteShaker_HDRP.cs	Assets/Scripts/ThirdParty/Feel/MMFeedbacks/MMFeedbacksForThirdParty/HDRP/Shakers/MMVignetteShaker_HDRP.cs
move	d9fae8d45e562f342ad2e7ecc03196cc	Assets/Feel/MMTools/Core/MMHelpers/MMColors.cs	Assets/Scripts/ThirdParty/Feel/MMTools/Core/MMHelpers/MMColors.cs
move	d99b1ef0840200a4ca8c98ee8b49e114	Assets/Feel/MMTools/Core/MMAttributes/MMConditionAttribute.cs	Assets/Scripts/ThirdParty/Feel/MMTools/Core/MMAttributes/MMConditionAttribute.cs
move	d9dbf313afb206f458581847ac758375	Assets/Feel/MMTools/Core/Editor/MoreMountains.Tools.Editor.asmdef	Assets/Scripts/ThirdParty/Feel/MMTools/Core/Editor/MoreMountains.Tools.Editor.asmdef
move	e980ecbe40d8ec64eb0a87b32fed766e	Assets/Feel/MMFeedbacks/MMFeedbacks/Springs/Core/Components/MMSpringVector2Component.cs	Assets/Scripts/ThirdParty/Feel/MMFeedbacks/MMFeedbacks/Springs/Core/Components/MMSpringVector2Component.cs
move	e98a6cfb8386a479a8a5c3ded1f05862	Assets/Feel/NiceVibrations/Scripts/Components/HapticPatterns.cs	Assets/Scripts/ThirdParty/Feel/NiceVibrations/Scripts/Components/HapticPatterns.cs
move	f9406a33814af9c47b352e77f079d798	Assets/Feel/NiceVibrations/OlderVersions/v2.0.1/NiceVibrations-v-2-0-1.unitypackage	Assets/Scripts/ThirdParty/Feel/NiceVibrations/OlderVersions/v2.0.1/NiceVibrations-v-2-0-1.unitypackage
move	f9722bddba2de794aa1baf2d5fa37d5e	Assets/Feel/MMFeedbacks/MMFeedbacks/Feedbacks/MMF_SpriteRenderer.cs	Assets/Scripts/ThirdParty/Feel/MMFeedbacks/MMFeedbacks/Feedbacks/MMF_SpriteRenderer.cs
move	f92a3f5abd60c5e41b92ebf0add536a1	Assets/Feel/MMFeedbacks/MMFeedbacksForThirdParty/MMTools/Feedbacks/MMF_Broadcast.cs	Assets/Scripts/ThirdParty/Feel/MMFeedbacks/MMFeedbacksForThirdParty/MMTools/Feedbacks/MMF_Broadcast.cs
move	f96d4bb1a57044c4baa681871d059ec3	Assets/Feel/MMFeedbacks/MMFeedbacksForThirdParty/URP/Springs/MMSpringPaniniProjectionDistance_URP.cs	Assets/Scripts/ThirdParty/Feel/MMFeedbacks/MMFeedbacksForThirdParty/URP/Springs/MMSpringPaniniProjectionDistance_URP.cs
move	f9bd36e0fdcb17346bb804d148559eb2	Assets/Feel/MMTools/Accessories/Editor/MMCurves/MMAntiCurves.curves	Assets/Scripts/ThirdParty/Feel/MMTools/Accessories/Editor/MMCurves/MMAntiCurves.curves
move	0a42a23ce4f9ed24abde69beacbef2f4	Assets/Feel/MMTools/Core/MMUI/MMProgressBar.cs	Assets/Scripts/ThirdParty/Feel/MMTools/Core/MMUI/MMProgressBar.cs
move	0ae5a7b14d18753448a2b01437ea288e	Assets/Feel/MMFeedbacks/MMFeedbacks/Shakers/MMLookAtShaker.cs	Assets/Scripts/ThirdParty/Feel/MMFeedbacks/MMFeedbacks/Shakers/MMLookAtShaker.cs
move	0ad790ad6438c39448c9177b592c30fe	Assets/Feel/MMFeedbacks/Editor/Shakers/MMWiggleEditor.cs	Assets/Scripts/ThirdParty/Feel/MMFeedbacks/Editor/Shakers/MMWiggleEditor.cs
move	0a4e11f66ff9ee844abeabf0af54b970	Assets/Feel/MMFeedbacks/Editor/Springs/MMSpringVector3PropertyDrawer.cs	Assets/Scripts/ThirdParty/Feel/MMFeedbacks/Editor/Springs/MMSpringVector3PropertyDrawer.cs
move	0aded04d7fa45744fb33cc0a43b0d6ef	Assets/Feel/MMFeedbacks/MMFeedbacksForThirdParty/Cinemachine/Shakers/MMCinemachineOrthographicSizeShaker.cs	Assets/Scripts/ThirdParty/Feel/MMFeedbacks/MMFeedbacksForThirdParty/Cinemachine/Shakers/MMCinemachineOrthographicSizeShaker.cs
move	0a5f5fa0a0eb12242b82f5e32e147334	Assets/Feel/MMFeedbacks/MMFeedbacks/Feedbacks/MMF_AudioSourcePitch.cs	Assets/Scripts/ThirdParty/Feel/MMFeedbacks/MMFeedbacks/Feedbacks/MMF_AudioSourcePitch.cs
move	1a60ed48e41f7574f890b8669d6fbfe0	Assets/Feel/MMTools/Foundation/MMControls/MMTouchRepositionableJoystick.cs	Assets/Scripts/ThirdParty/Feel/MMTools/Foundation/MMControls/MMTouchRepositionableJoystick.cs
move	1abead95d414bfc41842b81d3822dd9b	Assets/Feel/MMFeedbacks/MMFeedbacksForThirdParty/HDRP/Feedbacks/MMF_FilmGrain_HDRP.cs	Assets/Scripts/ThirdParty/Feel/MMFeedbacks/MMFeedbacksForThirdParty/HDRP/Feedbacks/MMF_FilmGrain_HDRP.cs
move	2a22f321adcb1374cb909aee327ff9f0	Assets/Feel/MMFeedbacks/MMFeedbacks/Feedbacks/MMF_DestinationTransform.cs	Assets/Scripts/ThirdParty/Feel/MMFeedbacks/MMFeedbacks/Feedbacks/MMF_DestinationTransform.cs
move	2ac2960c7e2121849bdf55de52559dd9	Assets/Feel/MMFeedbacks/MMFeedbacksForThirdParty/UIToolkit/Base/MMF_UIToolkitVector2Base.cs	Assets/Scripts/ThirdParty/Feel/MMFeedbacks/MMFeedbacksForThirdParty/UIToolkit/Base/MMF_UIToolkitVector2Base.cs
move	2a7f62b6c20f8fa459a2d976d9bc2fcf	Assets/Feel/MMFeedbacks/MMFeedbacks/MoreMountains.Feedbacks.asmref	Assets/Scripts/ThirdParty/Feel/MMFeedbacks/MMFeedbacks/MoreMountains.Feedbacks.asmref
move	3abc70b7028a09449b0976268deba80b	Assets/Feel/MMFeedbacks/MMFeedbacksForThirdParty/NiceVibrations/Feedbacks/Legacy/MMFeedbackNVSettings.cs	Assets/Scripts/ThirdParty/Feel/MMFeedbacks/MMFeedbacksForThirdParty/NiceVibrations/Feedbacks/Legacy/MMFeedbackNVSettings.cs
move	3aad8b45814dc6f4cab32abed0a152b8	Assets/Feel/MMTools/Accessories/MMActivation/MMToggleActive.cs	Assets/Scripts/ThirdParty/Feel/MMTools/Accessories/MMActivation/MMToggleActive.cs
move	4a8a0c934ca68d7418c2a935f4d8f7c7	Assets/Feel/MMFeedbacks/MMFeedbacksForThirdParty/HDRP/Feedbacks/MMF_ChannelMixer_HDRP.cs	Assets/Scripts/ThirdParty/Feel/MMFeedbacks/MMFeedbacksForThirdParty/HDRP/Feedbacks/MMF_ChannelMixer_HDRP.cs
move	4a1cb1490dc4df8409b2580d6b44e75e	Assets/Feel/MMTools/Core/MoreMountains.Tools.asmdef	Assets/Scripts/ThirdParty/Feel/MMTools/Core/MoreMountains.Tools.asmdef
move	5a68e615c17d2bf49a1a082e34fd9b6e	Assets/Feel/MMTools/Foundation/MMControls/MMSwipeZone.cs	Assets/Scripts/ThirdParty/Feel/MMTools/Foundation/MMControls/MMSwipeZone.cs
move	5a39fcd2b055db14184fbda2b333f40c	Assets/Feel/MMTools/Accessories/MMActivation/MMPlatformActivation.cs	Assets/Scripts/ThirdParty/Feel/MMTools/Accessories/MMActivation/MMPlatformActivation.cs
move	5aca560c844841f4797889b903dced26	Assets/Feel/MMTools/Core/MMHelpers/MMInterval.cs	Assets/Scripts/ThirdParty/Feel/MMTools/Core/MMHelpers/MMInterval.cs
move	5a5c04124f3de9c4c99bc8ccccb85f21	Assets/Feel/MMFeedbacks/MMFeedbacks/Feedbacks/MMF_CameraOrthographicSize.cs	Assets/Scripts/ThirdParty/Feel/MMFeedbacks/MMFeedbacks/Feedbacks/MMF_CameraOrthographicSize.cs
move	5aecab0d11ad9fe47bd4744bf897a145	Assets/Feel/MMTools/Accessories/MMDebugMenu/Scripts/MMDebugMenuItems/MMDebugMenuItemValue.cs	Assets/Scripts/ThirdParty/Feel/MMTools/Accessories/MMDebugMenu/Scripts/MMDebugMenuItems/MMDebugMenuItemValue.cs
move	5a2e3aab8bd306249afbd26c52205f46	Assets/Feel/MMFeedbacks/MMFeedbacks/Core/ObjectPool/MMMiniObjectPooler.cs	Assets/Scripts/ThirdParty/Feel/MMFeedbacks/MMFeedbacks/Core/ObjectPool/MMMiniObjectPooler.cs
move	6ad38ecaccfcdc04d886cb21721bfa60	Assets/Feel/MMFeedbacks/MMFeedbacksForThirdParty/UIToolkit/Feedbacks/MMF_UIToolkitBorderRadius.cs	Assets/Scripts/ThirdParty/Feel/MMFeedbacks/MMFeedbacksForThirdParty/UIToolkit/Feedbacks/MMF_UIToolkitBorderRadius.cs
move	6a3a1491160f1b944b35c4ba60eaedb2	Assets/Feel/MMFeedbacks/MMFeedbacksForThirdParty/NiceVibrations/Feedbacks/MMF_NVControl.cs	Assets/Scripts/ThirdParty/Feel/MMFeedbacks/MMFeedbacksForThirdParty/NiceVibrations/Feedbacks/MMF_NVControl.cs
move	6acbf0a8faacbb342ad72339d38c5a4d	Assets/Feel/MMFeedbacks/MMFeedbacksForThirdParty/MMTools/Shakers/MMPostProcessingMovingFilter.cs	Assets/Scripts/ThirdParty/Feel/MMFeedbacks/MMFeedbacksForThirdParty/MMTools/Shakers/MMPostProcessingMovingFilter.cs
move	6a6c4a44291630848b8d616911bd8c47	Assets/Feel/MMTools/Accessories/MMProcedural/MMGridGenerators/MMGridGeneratorPerlinNoise.cs	Assets/Scripts/ThirdParty/Feel/MMTools/Accessories/MMProcedural/MMGridGenerators/MMGridGeneratorPerlinNoise.cs
move	6acf6d4477d762d4d9d58016b9ff1c1d	Assets/Feel/MMFeedbacks/MMFeedbacksForThirdParty/UIToolkit/MoreMountains.Feedbacks.UIToolkit.asmref	Assets/Scripts/ThirdParty/Feel/MMFeedbacks/MMFeedbacksForThirdParty/UIToolkit/MoreMountains.Feedbacks.UIToolkit.asmref
move	7aa06285ee4b40b458022beb52aa9f94	Assets/Feel/MMFeedbacks/MMFeedbacksForThirdParty/HDRP/Feedbacks/MMF_DepthOfField_HDRP.cs	Assets/Scripts/ThirdParty/Feel/MMFeedbacks/MMFeedbacksForThirdParty/HDRP/Feedbacks/MMF_DepthOfField_HDRP.cs
move	7a7b40b69918c9840b090deb2a59d5eb	Assets/Feel/MMFeedbacks/MMFeedbacksForThirdParty/NiceVibrations/Feedbacks/MMF_NVClip.cs	Assets/Scripts/ThirdParty/Feel/MMFeedbacks/MMFeedbacksForThirdParty/NiceVibrations/Feedbacks/MMF_NVClip.cs
move	8ad986206bb726846a202cfdedd282dc	Assets/Feel/MMTools/Core/MMPropertyControllers/ShaderController.cs	Assets/Scripts/ThirdParty/Feel/MMTools/Core/MMPropertyControllers/ShaderController.cs
move	8a5db094ce3821d44a8a41a4cb7d45cc	Assets/Feel/MMTools/Accessories/MMProcedural/MMGridGenerators/MMGridGenerator.cs	Assets/Scripts/ThirdParty/Feel/MMTools/Accessories/MMProcedural/MMGridGenerators/MMGridGenerator.cs
move	8a7e8d0ecb9743b489dc9f0ee9627be6	Assets/Feel/MMFeedbacks/MMFeedbacksForThirdParty/PostProcessing/Feedbacks/MMF_ColorGrading.cs	Assets/Scripts/ThirdParty/Feel/MMFeedbacks/MMFeedbacksForThirdParty/PostProcessing/Feedbacks/MMF_ColorGrading.cs
move	8abe6344b7148db4687d3c84e7712904	Assets/Feel/MMTools/Accessories/MMGUI/MMHealthBar.cs	Assets/Scripts/ThirdParty/Feel/MMTools/Accessories/MMGUI/MMHealthBar.cs
move	9a55bdc9c20a8d640a83b706174628dd	Assets/Feel/MMFeedbacks/Authorizations/MoreMountains.Feedbacks.Authorizations.asmref	Assets/Scripts/ThirdParty/Feel/MMFeedbacks/Authorizations/MoreMountains.Feedbacks.Authorizations.asmref
move	9aacf6f3043624194bb6f6fe9a580786	Assets/Feel/NiceVibrations/OlderVersions/v3.9/NiceVibrations-v-3-9-0.unitypackage	Assets/Scripts/ThirdParty/Feel/NiceVibrations/OlderVersions/v3.9/NiceVibrations-v-3-9-0.unitypackage
move	aaf2109110b476340aeceda8863b1631	Assets/Feel/MMTools/Core/Editor/MMPropertyControllers/FloatControllerEditor.cs	Assets/Scripts/ThirdParty/Feel/MMTools/Core/Editor/MMPropertyControllers/FloatControllerEditor.cs
move	aaf470b8c3a10a941998800be2e324cc	Assets/Feel/MMTools/Core/MMExtensions/MMTransformExtensions.cs	Assets/Scripts/ThirdParty/Feel/MMTools/Core/MMExtensions/MMTransformExtensions.cs
move	aa48f53704ecf834c9f5e203a06874d3	Assets/Feel/MMTools/Core/MMAudio/MMSoundManager/MMSoundManagerSettingsSO.cs	Assets/Scripts/ThirdParty/Feel/MMTools/Core/MMAudio/MMSoundManager/MMSoundManagerSettingsSO.cs
move	aa3d0794b4f8e4b40b6a3dde5b794c0b	Assets/Feel/MMTools/Core/MMSaveLoad/MMSaveLoadManager.cs	Assets/Scripts/ThirdParty/Feel/MMTools/Core/MMSaveLoad/MMSaveLoadManager.cs
move	aade595aee3a1d24c9845361684f77d6	Assets/Feel/MMTools/Accessories/MMMovement/MMSquashAndStretch.cs	Assets/Scripts/ThirdParty/Feel/MMTools/Accessories/MMMovement/MMSquashAndStretch.cs
move	bad88d19339cd824eae939fb6492e1db	Assets/Feel/MMFeedbacks/MMFeedbacksForThirdParty/MMTools/Feedbacks/MMF_PPMovingFilter.cs	Assets/Scripts/ThirdParty/Feel/MMFeedbacks/MMFeedbacksForThirdParty/MMTools/Feedbacks/MMF_PPMovingFilter.cs
move	bae8ea1d0fd577d4b8a4adf809027eee	Assets/Feel/MMFeedbacks/MMFeedbacks/MMFloatingText/MMFloatingText.cs	Assets/Scripts/ThirdParty/Feel/MMFeedbacks/MMFeedbacks/MMFloatingText/MMFloatingText.cs
move	bada8c222727b4fe49b6a90f1dddad8e	Assets/Feel/MMTools/Core/Editor/MMObjectPool/ObjectBoundsEditor.cs	Assets/Scripts/ThirdParty/Feel/MMTools/Core/Editor/MMObjectPool/ObjectBoundsEditor.cs
move	ba5bf5d06e4a7ef4a8002f4444c4dab6	Assets/Feel/MMTools/Core/MMAttributes/MMInspectorButtonBarAttribute.cs	Assets/Scripts/ThirdParty/Feel/MMTools/Core/MMAttributes/MMInspectorButtonBarAttribute.cs
move	ca323e22713fb3a40af2f80e436eb449	Assets/Feel/MMFeedbacks/MMFeedbacks/MMFloatingText/MMFloatingTextSpawner.cs	Assets/Scripts/ThirdParty/Feel/MMFeedbacks/MMFeedbacks/MMFloatingText/MMFloatingTextSpawner.cs
move	ca735d93c2b69c247951881f5d6f1be2	Assets/Feel/MMTools/Accessories/MMSprites/MMLineRendererDriver.cs	Assets/Scripts/ThirdParty/Feel/MMTools/Accessories/MMSprites/MMLineRendererDriver.cs
move	caa7c923e7ca83849a4da9421e095559	Assets/Feel/MMTools/Core/MMExtensions/MMRectExtensions.cs	Assets/Scripts/ThirdParty/Feel/MMTools/Core/MMExtensions/MMRectExtensions.cs
move	ca68228d4301d47fab6a64b6d285e2dd	Assets/Feel/NiceVibrations/Scripts/Components/DeviceCapabilities.cs	Assets/Scripts/ThirdParty/Feel/NiceVibrations/Scripts/Components/DeviceCapabilities.cs
move	ca4c1ca8bc423b748983b24393521cb7	Assets/Feel/MMTools/Accessories/MMGUI/SelectionBase.cs	Assets/Scripts/ThirdParty/Feel/MMTools/Accessories/MMGUI/SelectionBase.cs
move	cacc4f51dca0d494dabb441565c23f0b	Assets/Feel/MMFeedbacks/MMFeedbacksForThirdParty/HDRP/Shakers/MMExposureShaker_HDRP.cs	Assets/Scripts/ThirdParty/Feel/MMFeedbacks/MMFeedbacksForThirdParty/HDRP/Shakers/MMExposureShaker_HDRP.cs
move	ca6eb3d6d3c09444ca79e5047b01e58c	Assets/Feel/MMTools/Core/MMAttributes/MMRequiresConstantRepaintAttribute.cs	Assets/Scripts/ThirdParty/Feel/MMTools/Core/MMAttributes/MMRequiresConstantRepaintAttribute.cs
move	da50fb2dabbb9534fb964920e61a0446	Assets/Feel/MMFeedbacks/MMFeedbacks/Feedbacks/MMF_Image.cs	Assets/Scripts/ThirdParty/Feel/MMFeedbacks/MMFeedbacks/Feedbacks/MMF_Image.cs
move	dabf1ff37a1366d46b6421d7438ab929	Assets/Feel/MMFeedbacks/MMFeedbacks/Feedbacks/MMF_ScaleShake.cs	Assets/Scripts/ThirdParty/Feel/MMFeedbacks/MMFeedbacks/Feedbacks/MMF_ScaleShake.cs
move	ea0440c408d18a54cb9610dd676e7e65	Assets/Feel/MMFeedbacks/MMFeedbacks/Springs/Springs/MMSpringRectTransformPosition.cs	Assets/Scripts/ThirdParty/Feel/MMFeedbacks/MMFeedbacks/Springs/Springs/MMSpringRectTransformPosition.cs
move	eab424a6e91496d4c9cc45c31adc7cc6	Assets/Feel/MMTools/Core/Editor/MMAttributes/MMBackgroundColorAttributeDrawer.cs	Assets/Scripts/ThirdParty/Feel/MMTools/Core/Editor/MMAttributes/MMBackgroundColorAttributeDrawer.cs
move	eab722862e080484cab1481e2481a922	Assets/Feel/MMFeedbacks/MMFeedbacksForThirdParty/HDRP/Springs/MMSpringMotionBlurIntensity_HDRP.cs	Assets/Scripts/ThirdParty/Feel/MMFeedbacks/MMFeedbacksForThirdParty/HDRP/Springs/MMSpringMotionBlurIntensity_HDRP.cs
move	ea8b9abba4f1a2949b1f9d03a2440aa4	Assets/Feel/MMFeedbacks/MMFeedbacks/Springs/Springs/MMSpringTMPAlpha.cs	Assets/Scripts/ThirdParty/Feel/MMFeedbacks/MMFeedbacks/Springs/Springs/MMSpringTMPAlpha.cs
move	fa40f7f3424f6fb41b91e1888ad1d960	Assets/Feel/MMTools/Accessories/MMProcedural/MMGridGenerators/MMGridGeneratorFull.cs	Assets/Scripts/ThirdParty/Feel/MMTools/Accessories/MMProcedural/MMGridGenerators/MMGridGeneratorFull.cs
move	fa659f9a4e4d1ac44942408d91a6d90c	Assets/Feel/MMFeedbacks/MMFeedbacksForThirdParty/HDRP/Shakers/MMWhiteBalanceShaker_HDRP.cs	Assets/Scripts/ThirdParty/Feel/MMFeedbacks/MMFeedbacksForThirdParty/HDRP/Shakers/MMWhiteBalanceShaker_HDRP.cs
move	fa26be0caf703664aa4524fb89373dd1	Assets/Feel/MMFeedbacks/MMFeedbacks/Springs/Core/MMSpringClampSettings.cs	Assets/Scripts/ThirdParty/Feel/MMFeedbacks/MMFeedbacks/Springs/Core/MMSpringClampSettings.cs
move	fa5bc168399356b4e8b48a498dfed282	Assets/Feel/MMTools/Core/MMAudio/MMSoundManager/Events/MMSoundManagerSoundPlayEvent.cs	Assets/Scripts/ThirdParty/Feel/MMTools/Core/MMAudio/MMSoundManager/Events/MMSoundManagerSoundPlayEvent.cs
move	0b7277539b95c0d45895792ecc99ce66	Assets/Feel/MMTools/Core/MMObjectPool/MMSimpleObjectPooler.cs	Assets/Scripts/ThirdParty/Feel/MMTools/Core/MMObjectPool/MMSimpleObjectPooler.cs
move	0be258710b59b254097822aef1c6820e	Assets/Feel/MMFeedbacks/MMFeedbacksForThirdParty/TextMeshPro/Feedbacks/MMF_TMPParagraphSpacing.cs	Assets/Scripts/ThirdParty/Feel/MMFeedbacks/MMFeedbacksForThirdParty/TextMeshPro/Feedbacks/MMF_TMPParagraphSpacing.cs
move	0bcfac83087655f42bcb7a42d7d02f05	Assets/Feel/MMFeedbacks/MMFeedbacksForThirdParty/MMTools/Feedbacks/MMF_CanvasGroup.cs	Assets/Scripts/ThirdParty/Feel/MMFeedbacks/MMFeedbacksForThirdParty/MMTools/Feedbacks/MMF_CanvasGroup.cs
move	1bc2946b57a0e7f40a9cb297b9f96923	Assets/Feel/MMFeedbacks/MMFeedbacksForThirdParty/HDRP/Feedbacks/MMF_MotionBlur_HDRP.cs	Assets/Scripts/ThirdParty/Feel/MMFeedbacks/MMFeedbacksForThirdParty/HDRP/Feedbacks/MMF_MotionBlur_HDRP.cs
move	1bb65b535952c9c4188009b61f3a31ef	Assets/Feel/MMFeedbacks/MMFeedbacksForThirdParty/URP/Feedbacks/MMF_Light2D_URP.cs	Assets/Scripts/ThirdParty/Feel/MMFeedbacks/MMFeedbacksForThirdParty/URP/Feedbacks/MMF_Light2D_URP.cs
move	1b57176af794a1544ab1d2b6a1b25e8f	Assets/Feel/MMTools/Accessories/MMParticles/MMVisibleParticle.cs	Assets/Scripts/ThirdParty/Feel/MMTools/Accessories/MMParticles/MMVisibleParticle.cs
move	1b89e406878a092438282239ce29006e	Assets/Feel/MMTools/Accessories/MMParticles/MMRendererSortingLayer.cs	Assets/Scripts/ThirdParty/Feel/MMTools/Accessories/MMParticles/MMRendererSortingLayer.cs
move	1b2bca3004ee68c45bb99ade8a9e5380	Assets/Feel/MMTools/Accessories/MMDebugMenu/Scripts/MMDebugMenuItems/MMDebugMenuItemChoices.cs	Assets/Scripts/ThirdParty/Feel/MMTools/Accessories/MMDebugMenu/Scripts/MMDebugMenuItems/MMDebugMenuItemChoices.cs
move	1beb22790c538de4180c96ef7cbd68a6	Assets/Feel/MMFeedbacks/MMFeedbacksForThirdParty/UIToolkit/Feedbacks/MMF_UIToolkitText.cs	Assets/Scripts/ThirdParty/Feel/MMFeedbacks/MMFeedbacksForThirdParty/UIToolkit/Feedbacks/MMF_UIToolkitText.cs
move	1b1d3a32ffe67b94187272c15134cae5	Assets/Feel/MMFeedbacks/MMFeedbacks/Core/Legacy/MMFeedback.cs	Assets/Scripts/ThirdParty/Feel/MMFeedbacks/MMFeedbacks/Core/Legacy/MMFeedback.cs
move	2be5777d688f22c4c90502e72d32cf60	Assets/Feel/MMFeedbacks/MMFeedbacks/Feedbacks/MMF_ShaderGlobal.cs	Assets/Scripts/ThirdParty/Feel/MMFeedbacks/MMFeedbacks/Feedbacks/MMF_ShaderGlobal.cs
move	2b0a35f7d8f5b3443a41bb74a444220e	Assets/Feel/MMTools/Core/MMAudio/MMPlaylist/MMPlaylist.cs	Assets/Scripts/ThirdParty/Feel/MMTools/Core/MMAudio/MMPlaylist/MMPlaylist.cs
move	2b3c116d0e316af4f98aea90424ad690	Assets/Feel/MMFeedbacks/MMFeedbacksForThirdParty/MMTools/Feedbacks/MMF_Blink.cs	Assets/Scripts/ThirdParty/Feel/MMFeedbacks/MMFeedbacksForThirdParty/MMTools/Feedbacks/MMF_Blink.cs
move	2b0d2c9595529ed47a73e3b75de4eae6	Assets/Feel/MMTools/Core/MMTween/MMSignal.cs	Assets/Scripts/ThirdParty/Feel/MMTools/Core/MMTween/MMSignal.cs
move	3b2a1f7815d40344186f7659d93abe80	Assets/Feel/MMTools/Accessories/MMMovement/MMPreventPassingThrough.cs	Assets/Scripts/ThirdParty/Feel/MMTools/Accessories/MMMovement/MMPreventPassingThrough.cs
move	3b5cb2f0917b1f34f8aceb725a71bfe7	Assets/Feel/MMTools/Core/Editor/MMReorderableList/ReorderableDrawer.cs	Assets/Scripts/ThirdParty/Feel/MMTools/Core/Editor/MMReorderableList/ReorderableDrawer.cs
move	4b96a37932e03d84586c714caa05bf79	Assets/Feel/MMTools/Core/MMAudio/MMSoundManager/Events/MMSoundManagerSoundFadeEvent.cs	Assets/Scripts/ThirdParty/Feel/MMTools/Core/MMAudio/MMSoundManager/Events/MMSoundManagerSoundFadeEvent.cs
move	4b49077b56e67ff469bc52b6a64e5e17	Assets/Feel/MMTools/Accessories/MMActivation/MMApplicationPlatformActivation.cs	Assets/Scripts/ThirdParty/Feel/MMTools/Accessories/MMActivation/MMApplicationPlatformActivation.cs
move	4b69e4219f8a33d46b034129f4d3ddea	Assets/Feel/MMTools/Accessories/MMGUI/MMOnPointer.cs	Assets/Scripts/ThirdParty/Feel/MMTools/Accessories/MMGUI/MMOnPointer.cs
move	4b4d071b416837d40b9bab019b738769	Assets/Feel/MMTools/Core/MMSaveLoad/MMSaveLoadManagerMethod.cs	Assets/Scripts/ThirdParty/Feel/MMTools/Core/MMSaveLoad/MMSaveLoadManagerMethod.cs
move	5bea8581ef5d28a4bb265a7720c925e0	Assets/Feel/MMFeedbacks/MMFeedbacks/Springs/Springs/MMSpringImageFillAmount.cs	Assets/Scripts/ThirdParty/Feel/MMFeedbacks/MMFeedbacks/Springs/Springs/MMSpringImageFillAmount.cs
move	5b5d530aed12d5f41b876b1237c161a7	Assets/Feel/MMTools/Accessories/Editor/MMVision/MMConeOfVision2DInspector.cs	Assets/Scripts/ThirdParty/Feel/MMTools/Accessories/Editor/MMVision/MMConeOfVision2DInspector.cs
move	6b8430789e6f2fc4fab154da3d6a848a	Assets/Feel/MMFeedbacks/MMFeedbacksForThirdParty/PostProcessing/MoreMountains.Feedbacks.PostProcessing.asmref	Assets/Scripts/ThirdParty/Feel/MMFeedbacks/MMFeedbacksForThirdParty/PostProcessing/MoreMountains.Feedbacks.PostProcessing.asmref
move	6ba4bd496d6656d4da1541ce7071ed10	Assets/Feel/MMTools/Foundation/MMAnimation/MMAnimationModifier.cs	Assets/Scripts/ThirdParty/Feel/MMTools/Foundation/MMAnimation/MMAnimationModifier.cs
move	6b05280df6098734a9d93da081ea29f1	Assets/Feel/MMFeedbacks/MMFeedbacksForThirdParty/PostProcessing/Shakers/MMAutoFocus.cs	Assets/Scripts/ThirdParty/Feel/MMFeedbacks/MMFeedbacksForThirdParty/PostProcessing/Shakers/MMAutoFocus.cs
move	6b08364980f6e884695f3959f374f6ad	Assets/Feel/MMFeedbacks/MMFeedbacksForThirdParty/UIToolkit/Feedbacks/MMF_UIToolkitSize.cs	Assets/Scripts/ThirdParty/Feel/MMFeedbacks/MMFeedbacksForThirdParty/UIToolkit/Feedbacks/MMF_UIToolkitSize.cs
move	6bf8e915527fa424a8b17dc168fe20eb	Assets/Feel/MMFeedbacks/MMFeedbacks/Shakers/MMCameraShaker.cs	Assets/Scripts/ThirdParty/Feel/MMFeedbacks/MMFeedbacks/Shakers/MMCameraShaker.cs
move	6b4b64ec300cb6948b1022cd5e3311c0	Assets/Feel/MMTools/Accessories/Editor/MMGizmos/MMGizmoEditor.cs	Assets/Scripts/ThirdParty/Feel/MMTools/Accessories/Editor/MMGizmos/MMGizmoEditor.cs
move	7bf3b8d115b7a0d42a8f0289c3c6e0cc	Assets/Feel/MMFeedbacks/MMFeedbacks/Springs/Springs/MMSpringImageAlpha.cs	Assets/Scripts/ThirdParty/Feel/MMFeedbacks/MMFeedbacks/Springs/Springs/MMSpringImageAlpha.cs
move	7b9d2829e14d10b4ca64457e40710bf2	Assets/Feel/MMTools/Core/MMAttributes/MMExecutionOrderAttribute.cs	Assets/Scripts/ThirdParty/Feel/MMTools/Core/MMAttributes/MMExecutionOrderAttribute.cs
move	8b50f078655cbd34fb69ee48182dbf37	Assets/Feel/MMTools/Core/MMSaveLoad/MMSaveLoadManagerMethodJsonEncrypted.cs	Assets/Scripts/ThirdParty/Feel/MMTools/Core/MMSaveLoad/MMSaveLoadManagerMethodJsonEncrypted.cs
move	8b91ce6d480b92e488d567b5558e559e	Assets/Feel/MMFeedbacks/MMFeedbacksForThirdParty/URP/Springs/MMSpringChromaticAberrationIntensity_URP.cs	Assets/Scripts/ThirdParty/Feel/MMFeedbacks/MMFeedbacksForThirdParty/URP/Springs/MMSpringChromaticAberrationIntensity_URP.cs
move	8bc90960c2aea754a8ff74069babfa0b	Assets/Feel/MMTools/Core/Editor/MMAttributes/MMReadOnlyAttributeDrawer.cs	Assets/Scripts/ThirdParty/Feel/MMTools/Core/Editor/MMAttributes/MMReadOnlyAttributeDrawer.cs
move	8bcf466015f0b254893ff0208fccf90f	Assets/Feel/MMFeedbacks/Editor/Core/MMF_PlayerConfiguration.cs	Assets/Scripts/ThirdParty/Feel/MMFeedbacks/Editor/Core/MMF_PlayerConfiguration.cs
move	9b821aa41cbf734458af19d8c6507e92	Assets/Feel/MMFeedbacks/MMFeedbacks/Shakers/MMRotationShaker.cs	Assets/Scripts/ThirdParty/Feel/MMFeedbacks/MMFeedbacks/Shakers/MMRotationShaker.cs
move	9bb3dab26afe5274597af318a1c3592c	Assets/Feel/MMFeedbacks/Editor/Core/UIToolkit/MMF_PlayerEditorUITKStyleSheet_Foldouts.uss	Assets/Scripts/ThirdParty/Feel/MMFeedbacks/Editor/Core/UIToolkit/MMF_PlayerEditorUITKStyleSheet_Foldouts.uss
move	9b4bf5a88d386b6428629ffc983eb62c	Assets/Feel/MMTools/Accessories/Editor/MMMovement/MMAutoRotateEditor.cs	Assets/Scripts/ThirdParty/Feel/MMTools/Accessories/Editor/MMMovement/MMAutoRotateEditor.cs
move	9b6f7c95fc9569f47a5b6b912da588a7	Assets/Feel/MMTools/Accessories/MMMovement/MMStayInPlace.cs	Assets/Scripts/ThirdParty/Feel/MMTools/Accessories/MMMovement/MMStayInPlace.cs
move	ab96bc57137345a439736693abc78817	Assets/Feel/MMTools/Core/MMHelpers/MMGeometry.cs	Assets/Scripts/ThirdParty/Feel/MMTools/Core/MMHelpers/MMGeometry.cs
move	ab8af48f1aee1a64cb6d29e1d9b03029	Assets/Feel/MMTools/Core/MMStateMachine/MMStateMachine.cs	Assets/Scripts/ThirdParty/Feel/MMTools/Core/MMStateMachine/MMStateMachine.cs
move	ab9c4511f66964b488597580ab1b228f	Assets/Feel/MMFeedbacks/MMFeedbacksForThirdParty/MMTools/Feedbacks/MMF_Fog.cs	Assets/Scripts/ThirdParty/Feel/MMFeedbacks/MMFeedbacksForThirdParty/MMTools/Feedbacks/MMF_Fog.cs
move	bbf0ffd851dbe2d4fb5d79335529e131	Assets/Feel/MMFeedbacks/MMFeedbacksForThirdParty/URP/Shakers/MMLensDistortionShaker_URP.cs	Assets/Scripts/ThirdParty/Feel/MMFeedbacks/MMFeedbacksForThirdParty/URP/Shakers/MMLensDistortionShaker_URP.cs
move	bbf1b6f8b44acf042a0f2bed486492e9	Assets/Feel/MMFeedbacks/MMFeedbacksForThirdParty/HDRP/Shakers/MMMotionBlurShaker_HDRP.cs	Assets/Scripts/ThirdParty/Feel/MMFeedbacks/MMFeedbacksForThirdParty/HDRP/Shakers/MMMotionBlurShaker_HDRP.cs
move	bbf5e7decc40e8d4e9a6ad8c5046c26d	Assets/Feel/MMTools/Core/Editor/MMRadio/MMPropertyEmitterDrawer.cs	Assets/Scripts/ThirdParty/Feel/MMTools/Core/Editor/MMRadio/MMPropertyEmitterDrawer.cs
move	bba9508cc683bc449975959a80f4ac6d	Assets/Feel/MMFeedbacks/MMFeedbacksForThirdParty/HDRP/Springs/MMSpringChromaticAberrationIntensity_HDRP.cs	Assets/Scripts/ThirdParty/Feel/MMFeedbacks/MMFeedbacksForThirdParty/HDRP/Springs/MMSpringChromaticAberrationIntensity_HDRP.cs
move	bb4df52d2a954374b913a14cc5d474d4	Assets/Feel/MMFeedbacks/Editor/Core/AttributeDrawers.cs	Assets/Scripts/ThirdParty/Feel/MMFeedbacks/Editor/Core/AttributeDrawers.cs
move	bb9fd307ae590c649a39344a277d14ad	Assets/Feel/MMFeedbacks/MMFeedbacks/Feedbacks/MMF_Skybox.cs	Assets/Scripts/ThirdParty/Feel/MMFeedbacks/MMFeedbacks/Feedbacks/MMF_Skybox.cs
move	cb001ad73daba6d49b6183ff4079ebb6	Assets/Feel/MMFeedbacks/MMFeedbacksForThirdParty/TextMeshPro/Feedbacks/MMF_TMPColor.cs	Assets/Scripts/ThirdParty/Feel/MMFeedbacks/MMFeedbacksForThirdParty/TextMeshPro/Feedbacks/MMF_TMPColor.cs
move	cbe74d0e479b10244b0368e807488b5d	Assets/Feel/MMTools/Accessories/MMCinemachine/MMCinemachineZone/MMCinemachineZone.cs	Assets/Scripts/ThirdParty/Feel/MMTools/Accessories/MMCinemachine/MMCinemachineZone/MMCinemachineZone.cs
move	eba8f600b11482740a9ae555e6cd1ea9	Assets/Feel/MMFeedbacks/MMFeedbacks/Feedbacks/MMF_Collider.cs	Assets/Scripts/ThirdParty/Feel/MMFeedbacks/MMFeedbacks/Feedbacks/MMF_Collider.cs
move	ebf9417587f151a47b3524335d88983e	Assets/Feel/MMFeedbacks/MMFeedbacks/Shakers/MMAudioFilterLowPassShaker.cs	Assets/Scripts/ThirdParty/Feel/MMFeedbacks/MMFeedbacks/Shakers/MMAudioFilterLowPassShaker.cs
move	eb1b2db13e60f244dae9130e1ea580d0	Assets/Feel/MMFeedbacks/MMFeedbacks/Springs/Core/Components/MMSpringVector3Component.cs	Assets/Scripts/ThirdParty/Feel/MMFeedbacks/MMFeedbacks/Springs/Core/Components/MMSpringVector3Component.cs
move	fbd00ea6a74ff2c4295668162e4661bb	Assets/Feel/MMFeedbacks/Editor/Springs/MMSpringVector4PropertyDrawer.cs	Assets/Scripts/ThirdParty/Feel/MMFeedbacks/Editor/Springs/MMSpringVector4PropertyDrawer.cs
move	fbe34950474788247ae05de95fa199f3	Assets/Feel/MMTools/Core/MMExtensions/MMAnimatorExtensions.cs	Assets/Scripts/ThirdParty/Feel/MMTools/Core/MMExtensions/MMAnimatorExtensions.cs
move	fbc9fda1740ba45499291b2e305fee54	Assets/Feel/MMFeedbacks/MMFeedbacksForThirdParty/HDRP/Feedbacks/MMF_Exposure_HDRP.cs	Assets/Scripts/ThirdParty/Feel/MMFeedbacks/MMFeedbacksForThirdParty/HDRP/Feedbacks/MMF_Exposure_HDRP.cs
move	fb2e3394a85703748ad01e196cf50ee1	Assets/Feel/MMFeedbacks/MMFeedbacks/Feedbacks/MMF_SquashAndStretchSpring.cs	Assets/Scripts/ThirdParty/Feel/MMFeedbacks/MMFeedbacks/Feedbacks/MMF_SquashAndStretchSpring.cs
move	fb2fb44761e9da645a012cd87424fc10	Assets/Feel/MMFeedbacks/MMFeedbacks/Feedbacks/MMF_AudioFilterReverb.cs	Assets/Scripts/ThirdParty/Feel/MMFeedbacks/MMFeedbacks/Feedbacks/MMF_AudioFilterReverb.cs
move	0cb29398a27cf104bb97fac0554c9457	Assets/Feel/MMFeedbacks/MMFeedbacks/Shakers/MMScaleShaker.cs	Assets/Scripts/ThirdParty/Feel/MMFeedbacks/MMFeedbacks/Shakers/MMScaleShaker.cs
move	0ca3ff8bc8827e24ab1490c416d7839f	Assets/Feel/MMTools/Accessories/Editor/MMParticles/MMRendererSortingLayerEditor.cs	Assets/Scripts/ThirdParty/Feel/MMTools/Accessories/Editor/MMParticles/MMRendererSortingLayerEditor.cs
move	0cd46e2eb52b6f14aaed1ac0024deeeb	Assets/Feel/MMFeedbacks/MMFeedbacksForThirdParty/PostProcessing/Springs/MMSpringColorGradingHueShift.cs	Assets/Scripts/ThirdParty/Feel/MMFeedbacks/MMFeedbacksForThirdParty/PostProcessing/Springs/MMSpringColorGradingHueShift.cs
move	0cd67bde1f024644d937e76c898ff1c0	Assets/Feel/MMTools/Foundation/MMTime/MMCooldown.cs	Assets/Scripts/ThirdParty/Feel/MMTools/Foundation/MMTime/MMCooldown.cs
move	0cb989d69836540e780467ed8454742c	Assets/Feel/MMTools/Accessories/Editor/MMGUI/MMHealthBarEditor.cs	Assets/Scripts/ThirdParty/Feel/MMTools/Accessories/Editor/MMGUI/MMHealthBarEditor.cs
move	1c32b4600f4e8964ea69bf0c126763e2	Assets/Feel/MMFeedbacks/MMFeedbacksForThirdParty/UIToolkit/Feedbacks/MMF_UIToolkitImageTint.cs	Assets/Scripts/ThirdParty/Feel/MMFeedbacks/MMFeedbacksForThirdParty/UIToolkit/Feedbacks/MMF_UIToolkitImageTint.cs
move	1c44d260255c89244812b064b6bbb5ca	Assets/Feel/MMTools/Core/MMAttributes/MMEnumConditionAttribute.cs	Assets/Scripts/ThirdParty/Feel/MMTools/Core/MMAttributes/MMEnumConditionAttribute.cs
move	2cd26dd47877d80498c4f66f944bdb09	Assets/Feel/MMTools/Core/MMObjectPool/MMObjectBounds.cs	Assets/Scripts/ThirdParty/Feel/MMTools/Core/MMObjectPool/MMObjectBounds.cs
move	2c7c529377dc843a9a2316262550c4d6	Assets/Feel/MMTools/Foundation/MMAchievements/Scripts/MMAchievementRules.cs	Assets/Scripts/ThirdParty/Feel/MMTools/Foundation/MMAchievements/Scripts/MMAchievementRules.cs
move	2c8fc9be87fcf9f4c99405f32483ccd1	Assets/Feel/MMTools/Accessories/MMTilemaps/MMTilemapGridRenderer.cs	Assets/Scripts/ThirdParty/Feel/MMTools/Accessories/MMTilemaps/MMTilemapGridRenderer.cs
move	3c349afb15421f141ae3ba659175c815	Assets/Feel/MMTools/Accessories/MMProcedural/MMGridGenerators/MMGridGeneratorRandomWalkAvoider.cs	Assets/Scripts/ThirdParty/Feel/MMTools/Accessories/MMProcedural/MMGridGenerators/MMGridGeneratorRandomWalkAvoider.cs
move	3c99aae5652b2184e88338afde13f993	Assets/Feel/MMFeedbacks/MMFeedbacks/Springs/Springs/MMSpringCameraOrthographicSize.cs	Assets/Scripts/ThirdParty/Feel/MMFeedbacks/MMFeedbacks/Springs/Springs/MMSpringCameraOrthographicSize.cs
move	4c62e684cc894124e8d7b2992e2118b1	Assets/Feel/MMTools/Accessories/MMInstantiation/MMRandomInstantiator.cs	Assets/Scripts/ThirdParty/Feel/MMTools/Accessories/MMInstantiation/MMRandomInstantiator.cs
move	4c4357fb44dc45247923329e5534f898	Assets/Feel/MMFeedbacks/MMFeedbacks/Feedbacks/MMF_LookAt.cs	Assets/Scripts/ThirdParty/Feel/MMFeedbacks/MMFeedbacks/Feedbacks/MMF_LookAt.cs
move	4c7437225490c3443b6d19ca7cc00196	Assets/Feel/MMTools/Accessories/MMGUI/MMGetFocusOnEnable.cs	Assets/Scripts/ThirdParty/Feel/MMTools/Accessories/MMGUI/MMGetFocusOnEnable.cs
move	4cfddfd71be34fb43b85eec28d5cf24a	Assets/Feel/MMFeedbacks/MMFeedbacks/Shakers/MMAudioSourcePitchShaker.cs	Assets/Scripts/ThirdParty/Feel/MMFeedbacks/MMFeedbacks/Shakers/MMAudioSourcePitchShaker.cs
move	4cafaf96adab44845be91a12c573cf50	Assets/Feel/MMFeedbacks/MMFeedbacksForThirdParty/PostProcessing/Springs/MMSpringColorGradingSaturation.cs	Assets/Scripts/ThirdParty/Feel/MMFeedbacks/MMFeedbacksForThirdParty/PostProcessing/Springs/MMSpringColorGradingSaturation.cs
move	5cc2d50cc470a8b448cb93411e66d069	Assets/Feel/MMTools/Accessories/MMActivation/MMTriggerAndCollisionFilter.cs	Assets/Scripts/ThirdParty/Feel/MMTools/Accessories/MMActivation/MMTriggerAndCollisionFilter.cs
move	5c87833dd08a8c842823386dde78cb2a	Assets/Feel/MMTools/Accessories/Editor/MMMaintenance/MMFindMissingScriptsRecursively.cs	Assets/Scripts/ThirdParty/Feel/MMTools/Accessories/Editor/MMMaintenance/MMFindMissingScriptsRecursively.cs
move	5c9b7fa66eec50b4490017a0a9098569	Assets/Feel/MMFeedbacks/MMFeedbacks/Feedbacks/MMF_ImageSprite.cs	Assets/Scripts/ThirdParty/Feel/MMFeedbacks/MMFeedbacks/Feedbacks/MMF_ImageSprite.cs
move	5c0e71f738b287843b432d007a0626bb	Assets/Feel/MMTools/Accessories/Editor/MMMaintenance/MMLockInspector.cs	Assets/Scripts/ThirdParty/Feel/MMTools/Accessories/Editor/MMMaintenance/MMLockInspector.cs
move	6ca15a4a57ce0a947835411d7c771538	Assets/Feel/MMTools/Core/MMAudio/MMSoundManager/MMSoundManagerAudioPool.cs	Assets/Scripts/ThirdParty/Feel/MMTools/Core/MMAudio/MMSoundManager/MMSoundManagerAudioPool.cs
move	6cf9893ce00472244950a7d0b0c4430e	Assets/Feel/MMTools/Core/Editor/MMAttributes/MMColorAttributeDrawer.cs	Assets/Scripts/ThirdParty/Feel/MMTools/Core/Editor/MMAttributes/MMColorAttributeDrawer.cs
move	6caabe887d9340e4cae45cc9f41897dc	Assets/Feel/MMTools/Accessories/MMDebugMenu/Scripts/Tabs/MMDebugMenuTabManager.cs	Assets/Scripts/ThirdParty/Feel/MMTools/Accessories/MMDebugMenu/Scripts/Tabs/MMDebugMenuTabManager.cs
move	7ca043dc9da4b1e49a30103f3e9a5fa8	Assets/Feel/MMFeedbacks/MMFeedbacks/Shakers/MMAudioFilterHighPassShaker.cs	Assets/Scripts/ThirdParty/Feel/MMFeedbacks/MMFeedbacks/Shakers/MMAudioFilterHighPassShaker.cs
move	7cd42026e6a9da7479e4c826b64a4df9	Assets/Feel/MMTools/Foundation/Editor/MMAI/AIBrainEditor.cs	Assets/Scripts/ThirdParty/Feel/MMTools/Foundation/Editor/MMAI/AIBrainEditor.cs
move	7c690b0b68e66a04d83df51f41d80650	Assets/Feel/MMTools/Core/MMAttributes/MMRequiresConstantRepaintOnlyWhenPlayingAttribute.cs	Assets/Scripts/ThirdParty/Feel/MMTools/Core/MMAttributes/MMRequiresConstantRepaintOnlyWhenPlayingAttribute.cs
move	7c6d499e66c8acc44a215001b8c76b8a	Assets/Feel/MMFeedbacks/MMFeedbacks/Feedbacks/MMF_HoldingPause.cs	Assets/Scripts/ThirdParty/Feel/MMFeedbacks/MMFeedbacks/Feedbacks/MMF_HoldingPause.cs
move	8ce385a1b7b20b9489103d52d3105023	Assets/Feel/MMFeedbacks/Editor/Springs/MMSpringVector2PropertyDrawer.cs	Assets/Scripts/ThirdParty/Feel/MMFeedbacks/Editor/Springs/MMSpringVector2PropertyDrawer.cs
move	9ce2978bc356b834984f6553e51886ce	Assets/Feel/MMFeedbacks/MMFeedbacks/Feedbacks/MMF_InstantiateObject.cs	Assets/Scripts/ThirdParty/Feel/MMFeedbacks/MMFeedbacks/Feedbacks/MMF_InstantiateObject.cs
move	9c77c6d59898ea34989b338214db7de1	Assets/Feel/MMTools/Foundation/MMAnimation/MMOffsetAnimation.cs	Assets/Scripts/ThirdParty/Feel/MMTools/Foundation/MMAnimation/MMOffsetAnimation.cs
move	9c0c9d2b8139a174a9adcecbfebc5ddb	Assets/Feel/MMFeedbacks/MMFeedbacks/Feedbacks/MMF_ParticlesInstantiation.cs	Assets/Scripts/ThirdParty/Feel/MMFeedbacks/MMFeedbacks/Feedbacks/MMF_ParticlesInstantiation.cs
move	9c6f9c86f5c6aa14490ae9a264c1e884	Assets/Feel/MMTools/Core/MMRadio/MMProperty/MMPropertyPicker/MMPropertyPicker.cs	Assets/Scripts/ThirdParty/Feel/MMTools/Core/MMRadio/MMProperty/MMPropertyPicker/MMPropertyPicker.cs
move	ac53bf83e8327014bbc73944dfec5ff8	Assets/Feel/MMTools/Core/Editor/MMAttributes/MMHiddenAttributeDrawer.cs	Assets/Scripts/ThirdParty/Feel/MMTools/Core/Editor/MMAttributes/MMHiddenAttributeDrawer.cs
move	ac5fe8b3eca74f8458dbf5237f3032b7	Assets/Feel/MMTools/Core/Editor/MMAttributes/MMLayerAttributeDrawer.cs	Assets/Scripts/ThirdParty/Feel/MMTools/Core/Editor/MMAttributes/MMLayerAttributeDrawer.cs
move	ac8f4e19669836447b70ca22e908a10c	Assets/Feel/MMTools/Core/MMRadio/MMProperty/MMPropertyLink/MMPropertyLinkString.cs	Assets/Scripts/ThirdParty/Feel/MMTools/Core/MMRadio/MMProperty/MMPropertyLink/MMPropertyLinkString.cs
move	bc7924747b6dade48ac9a15d72b5176b	Assets/Feel/MMTools/Core/MMAudio/MMSMPlaylist/MMSMPlaylist.cs	Assets/Scripts/ThirdParty/Feel/MMTools/Core/MMAudio/MMSMPlaylist/MMSMPlaylist.cs
move	bcddb04b7bb50904182da35f2b38777c	Assets/Feel/MMTools/Accessories/MMProcedural/MMGridGenerators/MMGridGeneratorRandomWalk.cs	Assets/Scripts/ThirdParty/Feel/MMTools/Accessories/MMProcedural/MMGridGenerators/MMGridGeneratorRandomWalk.cs
move	ccb12f2582242744685c2cb083debab8	Assets/Feel/MMFeedbacks/MMFeedbacksForThirdParty/NiceVibrations/Feedbacks/MMF_NVPreset.cs	Assets/Scripts/ThirdParty/Feel/MMFeedbacks/MMFeedbacksForThirdParty/NiceVibrations/Feedbacks/MMF_NVPreset.cs
move	cc036f4444084764c84eeffc8fa2f5f6	Assets/Feel/MMFeedbacks/MMFeedbacks/Feedbacks/MMF_Sprite.cs	Assets/Scripts/ThirdParty/Feel/MMFeedbacks/MMFeedbacks/Feedbacks/MMF_Sprite.cs
move	cc8d016f15b440144ac9fee01c995220	Assets/Feel/MMTools/Core/MMAttributes/MMLayerAttribute.cs	Assets/Scripts/ThirdParty/Feel/MMTools/Core/MMAttributes/MMLayerAttribute.cs
move	dc41dad25c8ecab4b8dba885fea5e5c9	Assets/Feel/MMFeedbacks/MMFeedbacksForThirdParty/PostProcessing/Springs/MMSpringColorGradingTemperature.cs	Assets/Scripts/ThirdParty/Feel/MMFeedbacks/MMFeedbacksForThirdParty/PostProcessing/Springs/MMSpringColorGradingTemperature.cs
move	dc84fb4fa9e67485a972c887d976d004	Assets/Feel/NiceVibrations/Scripts/Editor/HapticImporter.cs	Assets/Scripts/ThirdParty/Feel/NiceVibrations/Scripts/Editor/HapticImporter.cs
move	dcef6f636a0aab845a6c8d9b97bb4b51	Assets/Feel/MMFeedbacks/Editor/Curves/Editor/MMFAntiCurves.curves	Assets/Scripts/ThirdParty/Feel/MMFeedbacks/Editor/Curves/Editor/MMFAntiCurves.curves
move	ecda383e35cc53e4ca2b9d5857dbd8f4	Assets/Feel/MMFeedbacks/MMFeedbacks/Core/MMF_Player/MMF_FeedbackAttributes.cs	Assets/Scripts/ThirdParty/Feel/MMFeedbacks/MMFeedbacks/Core/MMF_Player/MMF_FeedbackAttributes.cs
move	fc509a62d8e6cfc45a8431d8d586b9f6	Assets/Feel/MMTools/Foundation/MMControls/MMTouchAxis.cs	Assets/Scripts/ThirdParty/Feel/MMTools/Foundation/MMControls/MMTouchAxis.cs
move	fc798aa25d3634ebbb996c8d60ace648	Assets/Feel/MMTools/Core/MMHelpers/MMMaths.cs	Assets/Scripts/ThirdParty/Feel/MMTools/Core/MMHelpers/MMMaths.cs
move	fcada72f36389ee498301db873e7cd1a	Assets/Feel/MMFeedbacks/MMFeedbacks/Springs/Springs/MMSpringPosition.cs	Assets/Scripts/ThirdParty/Feel/MMFeedbacks/MMFeedbacks/Springs/Springs/MMSpringPosition.cs
move	0dc617b01bf230943a22cac5dec24291	Assets/Feel/MMFeedbacks/MMFeedbacksForThirdParty/MMTools/Feedbacks/MMF_Fade.cs	Assets/Scripts/ThirdParty/Feel/MMFeedbacks/MMFeedbacksForThirdParty/MMTools/Feedbacks/MMF_Fade.cs
move	0d18225582eee064fa0fefcd74282b2b	Assets/Feel/MMFeedbacks/MMFeedbacksForThirdParty/MMTools/Feedbacks/MMF_RectTransformOffset.cs	Assets/Scripts/ThirdParty/Feel/MMFeedbacks/MMFeedbacksForThirdParty/MMTools/Feedbacks/MMF_RectTransformOffset.cs
move	0d3b0924fd73b1a4f8dffd6776c61c55	Assets/Feel/MMTools/Accessories/MMCurves/Plotter/MMPlotterGenerator.cs	Assets/Scripts/ThirdParty/Feel/MMTools/Accessories/MMCurves/Plotter/MMPlotterGenerator.cs
move	1dc025857430aa041b4588942e1f27d7	Assets/Feel/MMTools/Core/MMRadio/MMProperty/MMPropertyLink/MMPropertyLinkQuaternion.cs	Assets/Scripts/ThirdParty/Feel/MMTools/Core/MMRadio/MMProperty/MMPropertyLink/MMPropertyLinkQuaternion.cs
move	2d40819da14d2d1499237afb52ba159b	Assets/Feel/MMFeedbacks/MMFeedbacksForThirdParty/HDRP/Helpers/MMHDRPHelpers.cs	Assets/Scripts/ThirdParty/Feel/MMFeedbacks/MMFeedbacksForThirdParty/HDRP/Helpers/MMHDRPHelpers.cs
move	2d01154bce0123949a8800d85a063092	Assets/Feel/MMFeedbacks/MMFeedbacksForThirdParty/URP/Shakers/MMChromaticAberrationShaker_URP.cs	Assets/Scripts/ThirdParty/Feel/MMFeedbacks/MMFeedbacksForThirdParty/URP/Shakers/MMChromaticAberrationShaker_URP.cs
move	2d073f09c04a999428a9149986800bfb	Assets/Feel/MMFeedbacks/MMFeedbacksForThirdParty/PostProcessing/Helpers/MMGlobalPostProcessingVolumeAutoBlend.cs	Assets/Scripts/ThirdParty/Feel/MMFeedbacks/MMFeedbacksForThirdParty/PostProcessing/Helpers/MMGlobalPostProcessingVolumeAutoBlend.cs
move	2d8d3d62d1a2e8f429db2998bbdeb237	Assets/Feel/MMTools/Accessories/Editor/MMUtilities/MMLayerPropertyDrawer.cs	Assets/Scripts/ThirdParty/Feel/MMTools/Accessories/Editor/MMUtilities/MMLayerPropertyDrawer.cs
move	3d82c3eb70c39c44faf5889b222def4b	Assets/Feel/MMTools/Accessories/MMMovement/MMPositionRecorder.cs	Assets/Scripts/ThirdParty/Feel/MMTools/Accessories/MMMovement/MMPositionRecorder.cs
move	3d940d484781c4040921ce29789b1943	Assets/Feel/MMTools/Core/MMAttributes/MMBackgroundColorAttribute.cs	Assets/Scripts/ThirdParty/Feel/MMTools/Core/MMAttributes/MMBackgroundColorAttribute.cs
move	3df6166b66f19e040977adbc56b973b5	Assets/Feel/MMTools/Core/MMHelpers/MMArray.cs	Assets/Scripts/ThirdParty/Feel/MMTools/Core/MMHelpers/MMArray.cs
move	4d7020c7ee7492e40848350adbd515be	Assets/Feel/MMTools/Foundation/MMAI/AIAction.cs	Assets/Scripts/ThirdParty/Feel/MMTools/Foundation/MMAI/AIAction.cs
move	4d52e2caed94cf0408a14edc402b85ad	Assets/Feel/MMFeedbacks/MMFeedbacksForThirdParty/MMTools/Feedbacks/MMF_TrailRenderer.cs	Assets/Scripts/ThirdParty/Feel/MMFeedbacks/MMFeedbacksForThirdParty/MMTools/Feedbacks/MMF_TrailRenderer.cs
move	4d249ce4961d8fc48b6cb4dc6b165261	Assets/Feel/MMFeedbacks/MMFeedbacksForThirdParty/URP/MoreMountains.Feedbacks.URP.asmref	Assets/Scripts/ThirdParty/Feel/MMFeedbacks/MMFeedbacksForThirdParty/URP/MoreMountains.Feedbacks.URP.asmref
move	4de406fa905b7cd4586793dec9e9d93d	Assets/Feel/MMTools/Core/MMAttributes/MMDebugLogCommandAttribute.cs	Assets/Scripts/ThirdParty/Feel/MMTools/Core/MMAttributes/MMDebugLogCommandAttribute.cs
move	4d274a27f7628664db49fa023801aa2b	Assets/Feel/MMFeedbacks/Editor/Springs/MMSpringColorPropertyDrawer.cs	Assets/Scripts/ThirdParty/Feel/MMFeedbacks/Editor/Springs/MMSpringColorPropertyDrawer.cs
move	5d32468fc4b09b2409873fc687f0e04d	Assets/Feel/MMTools/Core/MMEvents/MMGameEventListener.cs	Assets/Scripts/ThirdParty/Feel/MMTools/Core/MMEvents/MMGameEventListener.cs
move	5de5c1aa74da1b742a5654a4e584f246	Assets/Feel/MMFeedbacks/MMFeedbacks/Feedbacks/MMF_TimescaleModifier.cs	Assets/Scripts/ThirdParty/Feel/MMFeedbacks/MMFeedbacks/Feedbacks/MMF_TimescaleModifier.cs
move	5dbb0d969791b2a4f991754c03cf2579	Assets/Feel/MMTools/Core/MMSingletons/MMSingleton.cs	Assets/Scripts/ThirdParty/Feel/MMTools/Core/MMSingletons/MMSingleton.cs
move	5d8e35f0e39f9744095dbb47ae3363a2	Assets/Feel/MMTools/Accessories/MMUtilities/MMApplicationQuit.cs	Assets/Scripts/ThirdParty/Feel/MMTools/Accessories/MMUtilities/MMApplicationQuit.cs
move	6da43522623d4704e979466dc7650b65	Assets/Feel/MMFeedbacks/MMFeedbacks/Core/MMF_Player/MMF_Player.cs	Assets/Scripts/ThirdParty/Feel/MMFeedbacks/MMFeedbacks/Core/MMF_Player/MMF_Player.cs
move	6d09203129ac2e44a8fada3ae8c32667	Assets/Feel/MMTools/Accessories/MMCamera/MMCameraAspectRatio.cs	Assets/Scripts/ThirdParty/Feel/MMTools/Accessories/MMCamera/MMCameraAspectRatio.cs
move	6d1a9ce427a59e54ba03f183675bc50d	Assets/Feel/MMTools/Core/MMHelpers/MMString.cs	Assets/Scripts/ThirdParty/Feel/MMTools/Core/MMHelpers/MMString.cs
move	6d8d661dac43a98489944be49a162bda	Assets/Feel/MMTools/Accessories/MMDebugMenu/Scripts/MMDebugMenuItems/MMDebugMenuItemSlider.cs	Assets/Scripts/ThirdParty/Feel/MMTools/Accessories/MMDebugMenu/Scripts/MMDebugMenuItems/MMDebugMenuItemSlider.cs
move	6dbf82cbd8a266041acbda8137fc5b9d	Assets/Feel/MMTools/Accessories/Editor/MMUtilities/MMTransformRandomizerEditor.cs	Assets/Scripts/ThirdParty/Feel/MMTools/Accessories/Editor/MMUtilities/MMTransformRandomizerEditor.cs
move	7dc665c3421b61d40bd0c4c6eaab763f	Assets/Feel/MMTools/Core/MMRadio/MMProperty/MMPropertyPicker/MMPropertyEmitter.cs	Assets/Scripts/ThirdParty/Feel/MMTools/Core/MMRadio/MMProperty/MMPropertyPicker/MMPropertyEmitter.cs
move	7d786b9e198e820439b64c5406322429	Assets/Feel/MMFeedbacks/MMFeedbacks/Springs/Springs/MMSpringTMPCharacterSpacing.cs	Assets/Scripts/ThirdParty/Feel/MMFeedbacks/MMFeedbacks/Springs/Springs/MMSpringTMPCharacterSpacing.cs
move	8d3188dd93bc22141a98ee77523b7853	Assets/Feel/MMFeedbacks/MMFeedbacks/Feedbacks/MMF_CanvasGroupBlocksRaycasts.cs	Assets/Scripts/ThirdParty/Feel/MMFeedbacks/MMFeedbacks/Feedbacks/MMF_CanvasGroupBlocksRaycasts.cs
move	8dc3e8a4ec6c8c54d8507f3736517ac5	Assets/Feel/MMTools/Accessories/MMParticles/MMRuntimeParticleControl.cs	Assets/Scripts/ThirdParty/Feel/MMTools/Accessories/MMParticles/MMRuntimeParticleControl.cs
move	8d956ba1792f2034a94f45a349064ba1	Assets/Feel/MMFeedbacks/MMFeedbacks/Feedbacks/MMF_AudioFilterDistortion.cs	Assets/Scripts/ThirdParty/Feel/MMFeedbacks/MMFeedbacks/Feedbacks/MMF_AudioFilterDistortion.cs
move	8d6b0cf6d1d21694084a7227b664276e	Assets/Feel/MMTools/Accessories/MMGUI/MMProgressBarDemoAuto.cs	Assets/Scripts/ThirdParty/Feel/MMTools/Accessories/MMGUI/MMProgressBarDemoAuto.cs
move	8dccaa5e1799e3b48ab214e494816880	Assets/Feel/MMFeedbacks/MMFeedbacksForThirdParty/HDRP/Shakers/MMDepthOfFieldShaker_HDRP.cs	Assets/Scripts/ThirdParty/Feel/MMFeedbacks/MMFeedbacksForThirdParty/HDRP/Shakers/MMDepthOfFieldShaker_HDRP.cs
move	9d11abeecdd903045a64fffcd165e178	Assets/Feel/MMTools/Core/Editor/MMAttributes/MMNavMeshAreaMaskAttributeDrawer.cs	Assets/Scripts/ThirdParty/Feel/MMTools/Core/Editor/MMAttributes/MMNavMeshAreaMaskAttributeDrawer.cs
move	9d7191dea72ef72449889a6e04ba83a9	Assets/Feel/MMFeedbacks/MMFeedbacks/Feedbacks/MMF_TextColor.cs	Assets/Scripts/ThirdParty/Feel/MMFeedbacks/MMFeedbacks/Feedbacks/MMF_TextColor.cs
move	9da245a6982a71d45b143036ec3684bd	Assets/Feel/MMTools/Core/Editor/MMAttributes/MMMonoBehaviourUITKEditorStylesheet.uss	Assets/Scripts/ThirdParty/Feel/MMTools/Core/Editor/MMAttributes/MMMonoBehaviourUITKEditorStylesheet.uss
move	9d539b61a69f036439e310358625cbc5	Assets/Feel/NiceVibrations/Helpers/NVHapticData.cs	Assets/Scripts/ThirdParty/Feel/NiceVibrations/Helpers/NVHapticData.cs
move	9da38c3c0ef84574b9a95440721bcf17	Assets/Feel/MMFeedbacks/MMFeedbacks/Shakers/MMAudioFilterDistortionShaker.cs	Assets/Scripts/ThirdParty/Feel/MMFeedbacks/MMFeedbacks/Shakers/MMAudioFilterDistortionShaker.cs
move	9de5862b14b53c74e8f45bf953fabf7e	Assets/Feel/MMTools/Core/MMHelpers/MMScene.cs	Assets/Scripts/ThirdParty/Feel/MMTools/Core/MMHelpers/MMScene.cs
move	9d66462bf720d28469c8db4b2e52720c	Assets/Feel/MMFeedbacks/MMFeedbacksForThirdParty/Cinemachine/Shakers/MMCinemachineCameraShaker.cs	Assets/Scripts/ThirdParty/Feel/MMFeedbacks/MMFeedbacksForThirdParty/Cinemachine/Shakers/MMCinemachineCameraShaker.cs
move	9db8f29e9da6c1041b8ced3bcd99acf6	Assets/Feel/MMFeedbacks/MMFeedbacks/Springs/Springs/MMSpringTextureOffset.cs	Assets/Scripts/ThirdParty/Feel/MMFeedbacks/MMFeedbacks/Springs/Springs/MMSpringTextureOffset.cs
move	9d6b34f746558214f8be920b214b567e	Assets/Feel/MMFeedbacks/MMFeedbacks/Feedbacks/MMF_AudioSource.cs	Assets/Scripts/ThirdParty/Feel/MMFeedbacks/MMFeedbacks/Feedbacks/MMF_AudioSource.cs
move	adde5948123bd8743a0048c044871b09	Assets/Feel/MMTools/Accessories/MMUtilities/MMLayer.cs	Assets/Scripts/ThirdParty/Feel/MMTools/Accessories/MMUtilities/MMLayer.cs
move	bda4c1805f4bd2f49923dfac1e1e004b	Assets/Feel/MMTools/Core/MMAudio/MMSoundManager/Events/MMSoundManagerTrackEvent.cs	Assets/Scripts/ThirdParty/Feel/MMTools/Core/MMAudio/MMSoundManager/Events/MMSoundManagerTrackEvent.cs
move	bd752e51b75d9404f8567b2de4478a17	Assets/Feel/MMFeedbacks/MMFeedbacksForThirdParty/URP/Feedbacks/MMF_PaniniProjection_URP.cs	Assets/Scripts/ThirdParty/Feel/MMFeedbacks/MMFeedbacksForThirdParty/URP/Feedbacks/MMF_PaniniProjection_URP.cs
move	bd8ab284de1a65c49870e4b81e46134a	Assets/Feel/MMTools/Core/MMTween/MMFollowTarget.cs	Assets/Scripts/ThirdParty/Feel/MMTools/Core/MMTween/MMFollowTarget.cs
move	cd48b27a4bcde354a99ab15f0bd82486	Assets/Feel/MMFeedbacks/MMFeedbacks/Springs/Springs/MMSpringScale.cs	Assets/Scripts/ThirdParty/Feel/MMFeedbacks/MMFeedbacks/Springs/Springs/MMSpringScale.cs
move	cd1ba6e99150bc54788ab1cadf6a8f09	Assets/Feel/MMFeedbacks/MMFeedbacksForThirdParty/MMTools/Feedbacks/MMF_Playlist.cs	Assets/Scripts/ThirdParty/Feel/MMFeedbacks/MMFeedbacksForThirdParty/MMTools/Feedbacks/MMF_Playlist.cs
move	cd6b5fb73f238654ba224ef88b91ac2a	Assets/Feel/MMTools/Core/MMTween/MMTween.cs	Assets/Scripts/ThirdParty/Feel/MMTools/Core/MMTween/MMTween.cs
move	cdec9bf9a59856c48a9bd8fe7caaedc7	Assets/Feel/MMTools/Core/MMAttributes/MMDebugLogCommandArgumentCountAttribute.cs	Assets/Scripts/ThirdParty/Feel/MMTools/Core/MMAttributes/MMDebugLogCommandArgumentCountAttribute.cs
move	dd84fe1c93f4349449c5a9eecc793678	Assets/Feel/MMFeedbacks/MMFeedbacks/Feedbacks/MMF_Rotation.cs	Assets/Scripts/ThirdParty/Feel/MMFeedbacks/MMFeedbacks/Feedbacks/MMF_Rotation.cs
move	dd5c9de2e9b0d6540b318450df3fb297	Assets/Feel/MMFeedbacks/MMFeedbacks/Core/Legacy/MMFeedbacksEnabler.cs	Assets/Scripts/ThirdParty/Feel/MMFeedbacks/MMFeedbacks/Core/Legacy/MMFeedbacksEnabler.cs
move	dd8d60a3aa719934084bb1539d7e4ef3	Assets/Feel/MMFeedbacks/MMFeedbacksForThirdParty/NiceVibrations/Feedbacks/MMF_Haptics.cs	Assets/Scripts/ThirdParty/Feel/MMFeedbacks/MMFeedbacksForThirdParty/NiceVibrations/Feedbacks/MMF_Haptics.cs
move	ede43f27f84b01545832f1dee8880684	Assets/Feel/MMFeedbacks/MMFeedbacks/Sequencing/Scripts/MMAudioSourceSequencer.cs	Assets/Scripts/ThirdParty/Feel/MMFeedbacks/MMFeedbacks/Sequencing/Scripts/MMAudioSourceSequencer.cs
move	ed6b74fe854687046873209aef2e5498	Assets/Feel/MMFeedbacks/MMFeedbacks/Springs/Feedbacks/MMF_SpringColor.cs	Assets/Scripts/ThirdParty/Feel/MMFeedbacks/MMFeedbacks/Springs/Feedbacks/MMF_SpringColor.cs
move	ed5d5aca24f393844931ca9f8c7e05c8	Assets/Feel/MMTools/Accessories/MMTilemaps/MMTilemapBoolean.cs	Assets/Scripts/ThirdParty/Feel/MMTools/Accessories/MMTilemaps/MMTilemapBoolean.cs
move	ed3e1ef7541c2d7439c23e2e5f185b96	Assets/Feel/MMFeedbacks/MMFeedbacks/Shakers/MMAudioSourceStereoPanShaker.cs	Assets/Scripts/ThirdParty/Feel/MMFeedbacks/MMFeedbacks/Shakers/MMAudioSourceStereoPanShaker.cs
move	fd22fcdfdb498eb44a478a291de6c940	Assets/Feel/MMFeedbacks/MMFeedbacksForThirdParty/Cinemachine/Shakers/MMCinemachineDutchShaker.cs	Assets/Scripts/ThirdParty/Feel/MMFeedbacks/MMFeedbacksForThirdParty/Cinemachine/Shakers/MMCinemachineDutchShaker.cs
move	0e5152d83c531f540987d09bea4675bb	Assets/Feel/MMFeedbacks/MMFeedbacksForThirdParty/HDRP/Feedbacks/MMF_ColorAdjustments_HDRP.cs	Assets/Scripts/ThirdParty/Feel/MMFeedbacks/MMFeedbacksForThirdParty/HDRP/Feedbacks/MMF_ColorAdjustments_HDRP.cs
move	0e932172a6c02a94c9cc24b921edb17e	Assets/Feel/MMFeedbacks/MMFeedbacksForThirdParty/UIToolkit/Feedbacks/MMF_UIToolkitTranslate.cs	Assets/Scripts/ThirdParty/Feel/MMFeedbacks/MMFeedbacksForThirdParty/UIToolkit/Feedbacks/MMF_UIToolkitTranslate.cs
move	0e88eb20b861cbc49b096ad2baac77cb	Assets/Feel/MMTools/Core/Editor/MMAttributes/MMEnumConditionAttributeDrawer.cs	Assets/Scripts/ThirdParty/Feel/MMTools/Core/Editor/MMAttributes/MMEnumConditionAttributeDrawer.cs
move	0e19b4303c2b04a49a00bb24fcccfd5c	Assets/Feel/MMFeedbacks/MMFeedbacks/Feedbacks/MMF_PositionShake.cs	Assets/Scripts/ThirdParty/Feel/MMFeedbacks/MMFeedbacks/Feedbacks/MMF_PositionShake.cs
move	0e8aa3525151bb343b66b059b6095946	Assets/Feel/MMTools/Core/MMAudio/MMAudioListener/MMAudioListener.cs	Assets/Scripts/ThirdParty/Feel/MMTools/Core/MMAudio/MMAudioListener/MMAudioListener.cs
move	1ed6dae7e25050744b45262d80b35bdf	Assets/Feel/MMFeedbacks/MMFeedbacks/Feedbacks/MMF_Destroy.cs	Assets/Scripts/ThirdParty/Feel/MMFeedbacks/MMFeedbacks/Feedbacks/MMF_Destroy.cs
move	1eac7cbe197dc794dbaed99e0565d2de	Assets/Feel/MMTools/Accessories/MMPhysics/MMRigidbodyInterface.cs	Assets/Scripts/ThirdParty/Feel/MMTools/Accessories/MMPhysics/MMRigidbodyInterface.cs
move	1e4e4b1cacbffd14ebb3aea93190805f	Assets/Feel/MMTools/Accessories/MMDebugMenu/Scripts/Commands/MMDebugMenuCommands.cs	Assets/Scripts/ThirdParty/Feel/MMTools/Accessories/MMDebugMenu/Scripts/Commands/MMDebugMenuCommands.cs
move	2ee48f409bf2e3e4baf85ca77d2ca0af	Assets/Feel/MMFeedbacks/MMFeedbacksForThirdParty/Cinemachine/Feedbacks/MMF_CinemachineImpulse.cs	Assets/Scripts/ThirdParty/Feel/MMFeedbacks/MMFeedbacksForThirdParty/Cinemachine/Feedbacks/MMF_CinemachineImpulse.cs
move	2efa1b899c8751046b9617c7268d54f8	Assets/Feel/MMTools/Core/MMRadio/MMProperty/MMPropertyLink/MMPropertyLinkFloat.cs	Assets/Scripts/ThirdParty/Feel/MMTools/Core/MMRadio/MMProperty/MMPropertyLink/MMPropertyLinkFloat.cs
move	2e0c0838d8791ea4e8b901003c8639a8	Assets/Feel/MMTools/Core/MMAttributes/MMVectorAttribute.cs	Assets/Scripts/ThirdParty/Feel/MMTools/Core/MMAttributes/MMVectorAttribute.cs
move	3ea237bea7ee0284eb3c367668540cdc	Assets/Feel/MMFeedbacks/MMFeedbacksForThirdParty/URP/Feedbacks/MMF_WhiteBalance_URP.cs	Assets/Scripts/ThirdParty/Feel/MMFeedbacks/MMFeedbacksForThirdParty/URP/Feedbacks/MMF_WhiteBalance_URP.cs
move	3ec5758e2d9e3f14abd3e218d26005d4	Assets/Feel/MMFeedbacks/MMFeedbacksForThirdParty/UIToolkit/Feedbacks/MMF_UIToolkitVisible.cs	Assets/Scripts/ThirdParty/Feel/MMFeedbacks/MMFeedbacksForThirdParty/UIToolkit/Feedbacks/MMF_UIToolkitVisible.cs
move	3e7af6eb6162e4f41a19087b663c52eb	Assets/Feel/MMFeedbacks/MMFeedbacks/Springs/Core/MMSpringVector2.cs	Assets/Scripts/ThirdParty/Feel/MMFeedbacks/MMFeedbacks/Springs/Core/MMSpringVector2.cs
move	3ede055534d39df4bad9ee11f7ab2a13	Assets/Feel/MMFeedbacks/MMFeedbacksForThirdParty/PostProcessing/Springs/MMSpringLensDistortionIntensity.cs	Assets/Scripts/ThirdParty/Feel/MMFeedbacks/MMFeedbacksForThirdParty/PostProcessing/Springs/MMSpringLensDistortionIntensity.cs
move	4e0304051f9f8464c9fe5ca7e5103140	Assets/Feel/MMFeedbacks/MMFeedbacksForThirdParty/URP/Helpers/MMURPHelpers.cs	Assets/Scripts/ThirdParty/Feel/MMFeedbacks/MMFeedbacksForThirdParty/URP/Helpers/MMURPHelpers.cs
move	4e775494159ed5e4c997035d2df49776	Assets/Feel/MMTools/Foundation/MMAchievements/Scripts/MMAchievementDisplayItem.cs	Assets/Scripts/ThirdParty/Feel/MMTools/Foundation/MMAchievements/Scripts/MMAchievementDisplayItem.cs
move	5e41d6cfe6c233c40a2bf4ddc63a71dc	Assets/Feel/MMTools/Core/MMExtensions/MMRendererExtensions.cs	Assets/Scripts/ThirdParty/Feel/MMTools/Core/MMExtensions/MMRendererExtensions.cs
move	5e6301cb44b6ff94f98077ceb3446fe2	Assets/Feel/MMTools/Foundation/MMLoot/MMLootTable.cs	Assets/Scripts/ThirdParty/Feel/MMTools/Foundation/MMLoot/MMLootTable.cs
move	6e1187ab043b6154493c3407ed149566	Assets/Feel/MMTools/Foundation/MMAI/AIState.cs	Assets/Scripts/ThirdParty/Feel/MMTools/Foundation/MMAI/AIState.cs
move	6e640499a55d3f348b303b7c2ce7d452	Assets/Feel/MMFeedbacks/MMFeedbacks/Sequencing/Scripts/MMFeedbacksSequencer.cs	Assets/Scripts/ThirdParty/Feel/MMFeedbacks/MMFeedbacks/Sequencing/Scripts/MMFeedbacksSequencer.cs
move	6e5da26383e93e941be7bdbcd7b5d940	Assets/Feel/MMTools/Core/MMRadio/MMProperty/MMProperty.cs	Assets/Scripts/ThirdParty/Feel/MMTools/Core/MMRadio/MMProperty/MMProperty.cs
move	6e8f18290b3c9ff499c82d3ff939754c	Assets/Feel/MMTools/Accessories/MMCamera/MMOrbitalCamera.cs	Assets/Scripts/ThirdParty/Feel/MMTools/Accessories/MMCamera/MMOrbitalCamera.cs
move	7e05480e454f546b4b1780169ecf2d6c	Assets/Feel/MMTools/Core/MMEvents/MMEventManager.cs	Assets/Scripts/ThirdParty/Feel/MMTools/Core/MMEvents/MMEventManager.cs
move	7e08cd56fd2838f45bb3577428403529	Assets/Feel/MMFeedbacks/MMFeedbacks/Springs/Springs/MMSpringSquashAndStretch.cs	Assets/Scripts/ThirdParty/Feel/MMFeedbacks/MMFeedbacks/Springs/Springs/MMSpringSquashAndStretch.cs
move	7e19dbc2273664c2d8ff6566055a994b	Assets/Feel/MMTools/Core/MMHelpers/MMImage.cs	Assets/Scripts/ThirdParty/Feel/MMTools/Core/MMHelpers/MMImage.cs
move	7e2bca92e67ccd243a920ed5311a183e	Assets/Feel/MMTools/Accessories/Editor/MMCurves/MMPlotterEditor.cs	Assets/Scripts/ThirdParty/Feel/MMTools/Accessories/Editor/MMCurves/MMPlotterEditor.cs
move	7efc6a4a233d87b4fbc72cda82ca4a31	Assets/Feel/MMFeedbacks/MMFeedbacksForThirdParty/PostProcessing/Shakers/MMLensDistortionShaker.cs	Assets/Scripts/ThirdParty/Feel/MMFeedbacks/MMFeedbacksForThirdParty/PostProcessing/Shakers/MMLensDistortionShaker.cs
move	8eb29863876e355408fe5429a4948fe5	Assets/Feel/MMFeedbacks/MMFeedbacks/Feedbacks/MMF_SetParent.cs	Assets/Scripts/ThirdParty/Feel/MMFeedbacks/MMFeedbacks/Feedbacks/MMF_SetParent.cs
move	8e1c231ece781884ba12b20110efeb03	Assets/Feel/MMFeedbacks/MMFeedbacksForThirdParty/UIToolkit/Feedbacks/MMF_UIToolkitRotate.cs	Assets/Scripts/ThirdParty/Feel/MMFeedbacks/MMFeedbacksForThirdParty/UIToolkit/Feedbacks/MMF_UIToolkitRotate.cs
move	8e1e841ae422aba49bcc65672025dfa4	Assets/Feel/MMTools/Core/MMAttributes/MMReadOnlyWhenPlayingAttribute.cs	Assets/Scripts/ThirdParty/Feel/MMTools/Core/MMAttributes/MMReadOnlyWhenPlayingAttribute.cs
move	9e71ad30bf1524741b90c1bd0354e1e0	Assets/Feel/MMTools/Accessories/MMActivation/MMTimedDestruction.cs	Assets/Scripts/ThirdParty/Feel/MMTools/Accessories/MMActivation/MMTimedDestruction.cs
move	9e07de691a1179d4c8fc231dc7dcf219	Assets/Feel/MMTools/Accessories/MMMovement/MMPathMovement/MMPathMovement.cs	Assets/Scripts/ThirdParty/Feel/MMTools/Accessories/MMMovement/MMPathMovement/MMPathMovement.cs
move	9ea7a938d4b9d584db335667287955f2	Assets/Feel/MMTools/Core/MMExtensions/MMColorExtensions.cs	Assets/Scripts/ThirdParty/Feel/MMTools/Core/MMExtensions/MMColorExtensions.cs
move	9e5ef4e0e1b94c54b97bc6387c8009bd	Assets/Feel/MMFeedbacks/MMFeedbacksForThirdParty/MMTools/Feedbacks/MMF_DebugComment.cs	Assets/Scripts/ThirdParty/Feel/MMFeedbacks/MMFeedbacksForThirdParty/MMTools/Feedbacks/MMF_DebugComment.cs
move	ae23e6af7cee13748b98cf83b79d01c9	Assets/Feel/MMFeedbacks/MMFeedbacksForThirdParty/MMTools/Feedbacks/MMF_MMSoundManagerSound.cs	Assets/Scripts/ThirdParty/Feel/MMFeedbacks/MMFeedbacksForThirdParty/MMTools/Feedbacks/MMF_MMSoundManagerSound.cs
move	ae83134bbe174934c889c5969a608e7d	Assets/Feel/MMTools/Foundation/MMLoot/MMLoot.cs	Assets/Scripts/ThirdParty/Feel/MMTools/Foundation/MMLoot/MMLoot.cs
move	aeb67f1f5c67282488b877818e410f30	Assets/Feel/MMTools/Accessories/MMSprites/MMAutoOrderInLayer.cs	Assets/Scripts/ThirdParty/Feel/MMTools/Accessories/MMSprites/MMAutoOrderInLayer.cs
move	be090172b5d6e3149b78c6da8b309d47	Assets/Feel/MMFeedbacks/Authorizations/MMFeedbacksAuthorizations.cs	Assets/Scripts/ThirdParty/Feel/MMFeedbacks/Authorizations/MMFeedbacksAuthorizations.cs
move	be7f36cb3d627414895b9bb53b323c15	Assets/Feel/MMTools/Core/MMHelpers/MMCoroutine.cs	Assets/Scripts/ThirdParty/Feel/MMTools/Core/MMHelpers/MMCoroutine.cs
move	ce42aabd176ab5e4d8ba2a0dc416e78e	Assets/Feel/MMFeedbacks/MMFeedbacksForThirdParty/TextMeshPro/Feedbacks/MMF_TMPDilate.cs	Assets/Scripts/ThirdParty/Feel/MMFeedbacks/MMFeedbacksForThirdParty/TextMeshPro/Feedbacks/MMF_TMPDilate.cs
move	ceb29a83998eb4949bc0a9c8e5662fa1	Assets/Feel/NiceVibrations/Scripts/Components/HapticReceiver.cs	Assets/Scripts/ThirdParty/Feel/NiceVibrations/Scripts/Components/HapticReceiver.cs
move	ce8507eee5dca844dae81d478b63d348	Assets/Feel/MMFeedbacks/MMFeedbacks/Springs/Core/Components/MMSpringColorComponent.cs	Assets/Scripts/ThirdParty/Feel/MMFeedbacks/MMFeedbacks/Springs/Core/Components/MMSpringColorComponent.cs
move	ce2656e6b00dc8d4788dc4d382e1588a	Assets/Feel/MMTools/Core/MMTween/MMAnimationCurveGenerator.cs	Assets/Scripts/ThirdParty/Feel/MMTools/Core/MMTween/MMAnimationCurveGenerator.cs
move	ceea5d59c11750f4e8deb2c47ff8bcb4	Assets/Feel/MMTools/Accessories/MMVision/MMConeOfVision2D.cs	Assets/Scripts/ThirdParty/Feel/MMTools/Accessories/MMVision/MMConeOfVision2D.cs
move	dee3b2b4131e71b4896b58b4361de7ac	Assets/Feel/MMTools/Accessories/MMUtilities/MMOpenURL.cs	Assets/Scripts/ThirdParty/Feel/MMTools/Accessories/MMUtilities/MMOpenURL.cs
move	dee9d1a07405d2146a51836ab3877138	Assets/Feel/MMFeedbacks/MMFeedbacks/Feedbacks/MMF_Flicker.cs	Assets/Scripts/ThirdParty/Feel/MMFeedbacks/MMFeedbacks/Feedbacks/MMF_Flicker.cs
move	de1ae83f81ca8aa4ea1a8f2fa8b5a8b2	Assets/Feel/MMFeedbacks/Editor/Springs/MMSpringFloatPropertyDrawer.cs	Assets/Scripts/ThirdParty/Feel/MMFeedbacks/Editor/Springs/MMSpringFloatPropertyDrawer.cs
move	debc95d929132814d968cb0e4c3c8bca	Assets/Feel/MMTools/Accessories/MMDebugMenu/Scripts/MMDebugMenuItems/MMDebugMenuItemTitle.cs	Assets/Scripts/ThirdParty/Feel/MMTools/Accessories/MMDebugMenu/Scripts/MMDebugMenuItems/MMDebugMenuItemTitle.cs
move	eea19a9647af946678dbcea38129dd98	Assets/Feel/NiceVibrations/Scripts/Components/HapticController.cs	Assets/Scripts/ThirdParty/Feel/NiceVibrations/Scripts/Components/HapticController.cs
move	ee885a74e6f1bb84989b1a044de340cf	Assets/Feel/MMTools/Accessories/MMParticles/MMChangeFogColor.cs	Assets/Scripts/ThirdParty/Feel/MMTools/Accessories/MMParticles/MMChangeFogColor.cs
move	eec89e4158bf96841b9bc830fc5385ca	Assets/Feel/MMTools/Foundation/MMAI/AIBrain.cs	Assets/Scripts/ThirdParty/Feel/MMTools/Foundation/MMAI/AIBrain.cs
move	eef8a54b228d3d148b605064c04e66a4	Assets/Feel/MMTools/Accessories/Editor/MMMaintenance/MMCleanEmptyFolders.cs	Assets/Scripts/ThirdParty/Feel/MMTools/Accessories/Editor/MMMaintenance/MMCleanEmptyFolders.cs
move	fec2335f22dc84b549dd9dfdeebca3e0	Assets/Feel/MMTools/Foundation/MMControls/MMTouchControls.cs	Assets/Scripts/ThirdParty/Feel/MMTools/Foundation/MMControls/MMTouchControls.cs
move	feb8bb2f278c6b047ab36f275dcaa126	Assets/Feel/MMTools/Core/MMAttributes/MMNavMeshAreaMaskAttribute.cs	Assets/Scripts/ThirdParty/Feel/MMTools/Core/MMAttributes/MMNavMeshAreaMaskAttribute.cs
move	0f7449660378a3c4aa7ab771c5a336ea	Assets/Feel/MMTools/Core/MMAudio/MMSoundManager/Events/MMSoundManagerEvent.cs	Assets/Scripts/ThirdParty/Feel/MMTools/Core/MMAudio/MMSoundManager/Events/MMSoundManagerEvent.cs
move	0f6892e7c981ffa45ad8e24c33bdac4e	Assets/Feel/MMFeedbacks/MMFeedbacksForThirdParty/Cinemachine/Feedbacks/MMF_CinemachineImpulseSource.cs	Assets/Scripts/ThirdParty/Feel/MMFeedbacks/MMFeedbacksForThirdParty/Cinemachine/Feedbacks/MMF_CinemachineImpulseSource.cs
move	0fcb0ff7991255940900581218e0053b	Assets/Feel/MMTools/Accessories/MMUtilities/MMDebugController.cs	Assets/Scripts/ThirdParty/Feel/MMTools/Accessories/MMUtilities/MMDebugController.cs
move	0fffa36c603d1bd4ea253a17e4d17757	Assets/Feel/MMFeedbacks/MMFeedbacksForThirdParty/TextMeshPro/Feedbacks/MMF_TMPFontSize.cs	Assets/Scripts/ThirdParty/Feel/MMFeedbacks/MMFeedbacksForThirdParty/TextMeshPro/Feedbacks/MMF_TMPFontSize.cs
move	1f655bab42c018140aaf68474d594e6c	Assets/Feel/MMTools/Core/MMRadio/MMRadioBroadcaster.cs	Assets/Scripts/ThirdParty/Feel/MMTools/Core/MMRadio/MMRadioBroadcaster.cs
move	1f39d038dce44a7428bbe3628ec512d0	Assets/Feel/MMFeedbacks/MMFeedbacksForThirdParty/URP/Shakers/MMDepthOfFieldShaker_URP.cs	Assets/Scripts/ThirdParty/Feel/MMFeedbacks/MMFeedbacksForThirdParty/URP/Shakers/MMDepthOfFieldShaker_URP.cs
move	1ffac7400616d3f44b99ca936f6ab406	Assets/Feel/MMFeedbacks/MMFeedbacksForThirdParty/URP/Springs/MMSpringWhiteBalanceTemperature_URP.cs	Assets/Scripts/ThirdParty/Feel/MMFeedbacks/MMFeedbacksForThirdParty/URP/Springs/MMSpringWhiteBalanceTemperature_URP.cs
move	2f0223e337b99754ca91160443728c46	Assets/Feel/MMTools/Core/MMHelpers/MMDebugOnScreenConsole.cs	Assets/Scripts/ThirdParty/Feel/MMTools/Core/MMHelpers/MMDebugOnScreenConsole.cs
move	2fe5de52b83841b49bb695e0d21a84e0	Assets/Feel/MMTools/Accessories/MoreMountains.Tools.Accessories.asmref	Assets/Scripts/ThirdParty/Feel/MMTools/Accessories/MoreMountains.Tools.Accessories.asmref
move	2fad23a01f1d6df49be8215ff24dbe62	Assets/Feel/MMTools/Accessories/Editor/MMProcedural/MMTilemapGeneratorEditor.cs	Assets/Scripts/ThirdParty/Feel/MMTools/Accessories/Editor/MMProcedural/MMTilemapGeneratorEditor.cs
move	3ffa54671933237418443d1faa5b3a23	Assets/Feel/MMFeedbacks/MMFeedbacksForThirdParty/URP/Springs/MMSpringVignetteCenter_URP.cs	Assets/Scripts/ThirdParty/Feel/MMFeedbacks/MMFeedbacksForThirdParty/URP/Springs/MMSpringVignetteCenter_URP.cs
move	3f3b3e40c5ec34183af765f15c1ce362	Assets/Feel/NiceVibrations/Plugins/iOS/LofeltHaptics.framework	Assets/Scripts/ThirdParty/Feel/NiceVibrations/Plugins/iOS/LofeltHaptics.framework
move	4fc82dc40d8eff44e8cda79abbc18f87	Assets/Feel/MMFeedbacks/MMFeedbacks/Feedbacks/MMF_MaterialSetProperty.cs	Assets/Scripts/ThirdParty/Feel/MMFeedbacks/MMFeedbacks/Feedbacks/MMF_MaterialSetProperty.cs
move	4fb9c8af0fcd0514e89d35554b6cae77	Assets/Feel/MMTools/Accessories/MMVision/MMConeOfVision.cs	Assets/Scripts/ThirdParty/Feel/MMTools/Accessories/MMVision/MMConeOfVision.cs
move	5fe2233d73fc8b7449e98cbeb826216a	Assets/Feel/MMTools/Accessories/MMDebugMenu/Scripts/Tabs/MMDebugMenuTab.cs	Assets/Scripts/ThirdParty/Feel/MMTools/Accessories/MMDebugMenu/Scripts/Tabs/MMDebugMenuTab.cs
move	5f351cd555ef38d4d8b69d8be107ce7f	Assets/Feel/MMTools/Core/MMAudio/MMSoundManager/MMSoundManagerSound.cs	Assets/Scripts/ThirdParty/Feel/MMTools/Core/MMAudio/MMSoundManager/MMSoundManagerSound.cs
move	5f28e9eb155c32542978f8e9ecbc19f3	Assets/Feel/MMTools/Accessories/MMDebugMenu/Scripts/Tabs/MMDebugMenuDebugTab.cs	Assets/Scripts/ThirdParty/Feel/MMTools/Accessories/MMDebugMenu/Scripts/Tabs/MMDebugMenuDebugTab.cs
move	5fc9302e06a3ad240a410b9264fd8e56	Assets/Feel/MMTools/Core/MMSceneLoading/Scripts/Managers/MMSceneLoadingManager.cs	Assets/Scripts/ThirdParty/Feel/MMTools/Core/MMSceneLoading/Scripts/Managers/MMSceneLoadingManager.cs
move	5f7bf459716aa484c8db5d1ef3ef8049	Assets/Feel/MMFeedbacks/Editor/Core/MMF_PlayerCopy.cs	Assets/Scripts/ThirdParty/Feel/MMFeedbacks/Editor/Core/MMF_PlayerCopy.cs
move	5fff0ec3f88bb6146b69ac5122464d3c	Assets/Feel/MMFeedbacks/Editor/Core/UIToolkit/MMF_PlayerEditorUITKStyleSheet_Controls.uss	Assets/Scripts/ThirdParty/Feel/MMFeedbacks/Editor/Core/UIToolkit/MMF_PlayerEditorUITKStyleSheet_Controls.uss
move	6f57413f575191641b987d9d04e61e3a	Assets/Feel/MMFeedbacks/Editor/Sequencing/MMSequencerEditor.cs	Assets/Scripts/ThirdParty/Feel/MMFeedbacks/Editor/Sequencing/MMSequencerEditor.cs
move	6f494035fcb1bd449ba11daf0b0280f2	Assets/Feel/MMFeedbacks/MMFeedbacksForThirdParty/UIToolkit/Feedbacks/MMF_UIToolkitClass.cs	Assets/Scripts/ThirdParty/Feel/MMFeedbacks/MMFeedbacksForThirdParty/UIToolkit/Feedbacks/MMF_UIToolkitClass.cs
move	6f8f916bd4c5a444fa42e298d90f488d	Assets/Feel/MMTools/Foundation/MMAchievements/Scripts/MMAchievementList.cs	Assets/Scripts/ThirdParty/Feel/MMTools/Foundation/MMAchievements/Scripts/MMAchievementList.cs
move	7f009572b4d918346b24337ef83f88c1	Assets/Feel/MMTools/Accessories/MMMovement/MMAutoRotate.cs	Assets/Scripts/ThirdParty/Feel/MMTools/Accessories/MMMovement/MMAutoRotate.cs
move	7f64f66e3526fb1458a4c1e34e5300a9	Assets/Feel/MMFeedbacks/MMFeedbacks/Feedbacks/MMF_Rigidbody.cs	Assets/Scripts/ThirdParty/Feel/MMFeedbacks/MMFeedbacks/Feedbacks/MMF_Rigidbody.cs
move	7fb7575f8c305d244ba40b4b661d997c	Assets/Feel/MMTools/Accessories/MMDebugMenu/Scripts/Events/MMDebugMenuButtonEvent.cs	Assets/Scripts/ThirdParty/Feel/MMTools/Accessories/MMDebugMenu/Scripts/Events/MMDebugMenuButtonEvent.cs
move	7f6a82eb72bef1c489dbd967387f8f08	Assets/Feel/MMFeedbacks/MMFeedbacksForThirdParty/URP/Springs/MMSpringColorAdjustmentsSaturation_URP.cs	Assets/Scripts/ThirdParty/Feel/MMFeedbacks/MMFeedbacksForThirdParty/URP/Springs/MMSpringColorAdjustmentsSaturation_URP.cs
move	8fe23ce5bc9554f46aebd960ab58b9eb	Assets/Feel/MMTools/Core/MMRadio/MMEmitterReceiver/MMEmmiterReceiver.cs	Assets/Scripts/ThirdParty/Feel/MMTools/Core/MMRadio/MMEmitterReceiver/MMEmmiterReceiver.cs
move	8f249c8f8a47aba49964aa06c41068bd	Assets/Feel/MMFeedbacks/MMFeedbacks/Springs/Core/Components/MMSpringVector4Component.cs	Assets/Scripts/ThirdParty/Feel/MMFeedbacks/MMFeedbacks/Springs/Core/Components/MMSpringVector4Component.cs
move	8f66483fc4928824e96ba9aa3eb86e6f	Assets/Feel/MMFeedbacks/MMFeedbacksForThirdParty/MMTools/MoreMountains.Feedbacks.MMTools.asmref	Assets/Scripts/ThirdParty/Feel/MMFeedbacks/MMFeedbacksForThirdParty/MMTools/MoreMountains.Feedbacks.MMTools.asmref
move	8f1a7efd09d5b3647afbef7890b18017	Assets/Feel/MMFeedbacks/MMFeedbacksForThirdParty/MMTools/Feedbacks/MMF_RandomEvents.cs	Assets/Scripts/ThirdParty/Feel/MMFeedbacks/MMFeedbacksForThirdParty/MMTools/Feedbacks/MMF_RandomEvents.cs
move	8f6a0577d46b80a4f929e57370c60650	Assets/Feel/MMTools/Foundation/MMControls/MMTouchJoystick.cs	Assets/Scripts/ThirdParty/Feel/MMTools/Foundation/MMControls/MMTouchJoystick.cs
move	8f2b35cd0da71894d92b885cf5e55c51	Assets/Feel/MMTools/Core/MMAudio/MMSMPlaylist/MMSMPlaylistManager.cs	Assets/Scripts/ThirdParty/Feel/MMTools/Core/MMAudio/MMSMPlaylist/MMSMPlaylistManager.cs
move	8f8bad73dac7361489c555af4bf184ea	Assets/Feel/MMFeedbacks/Editor/Core/UIToolkit/MMF_PlayerEditorUITKStyleSheet.uss	Assets/Scripts/ThirdParty/Feel/MMFeedbacks/Editor/Core/UIToolkit/MMF_PlayerEditorUITKStyleSheet.uss
move	8f7de9ef06f04864391a928af29f4b46	Assets/Feel/MMTools/Core/MMTimeManager/MMTimeManager.cs	Assets/Scripts/ThirdParty/Feel/MMTools/Core/MMTimeManager/MMTimeManager.cs
move	9f83ea5980293ee4bb6961962edb0cc1	Assets/Feel/MMFeedbacks/MMFeedbacksForThirdParty/URP/Shakers/MMMotionBlurShaker_URP.cs	Assets/Scripts/ThirdParty/Feel/MMFeedbacks/MMFeedbacksForThirdParty/URP/Shakers/MMMotionBlurShaker_URP.cs
move	9ff80f834f6ca564da816a2f08bc75f0	Assets/Feel/MMFeedbacks/MMFeedbacksForThirdParty/Cinemachine/Shakers/MMCinemachineClippingPlanesShaker.cs	Assets/Scripts/ThirdParty/Feel/MMFeedbacks/MMFeedbacksForThirdParty/Cinemachine/Shakers/MMCinemachineClippingPlanesShaker.cs
move	9fae850c6f63b97429e2eecf9e605965	Assets/Feel/MMTools/Core/MMObservable/MMObservable.cs	Assets/Scripts/ThirdParty/Feel/MMTools/Core/MMObservable/MMObservable.cs
move	9f4f5b5a7ea2cc745891557ab909c6c5	Assets/Feel/MMFeedbacks/MMFeedbacksForThirdParty/MMTools/MMRadio/Legacy/MMFeedbackBase.cs	Assets/Scripts/ThirdParty/Feel/MMFeedbacks/MMFeedbacksForThirdParty/MMTools/MMRadio/Legacy/MMFeedbackBase.cs
move	afb2be2d186835148b46d3b0c4ae900d	Assets/Feel/MMFeedbacks/MMFeedbacksForThirdParty/Cinemachine/MoreMountains.Feedbacks.Cinemachine.asmref	Assets/Scripts/ThirdParty/Feel/MMFeedbacks/MMFeedbacksForThirdParty/Cinemachine/MoreMountains.Feedbacks.Cinemachine.asmref
move	af342e664060d4e42bd5f6a5753d95e2	Assets/Feel/MMFeedbacks/MMFeedbacksForThirdParty/MMTools/Feedbacks/MMF_DebugBreak.cs	Assets/Scripts/ThirdParty/Feel/MMFeedbacks/MMFeedbacksForThirdParty/MMTools/Feedbacks/MMF_DebugBreak.cs
move	afc6104c5fc7fe244bf333c8d59aaa10	Assets/Feel/MMTools/Accessories/MMSprites/MMLineRendererCircle.cs	Assets/Scripts/ThirdParty/Feel/MMTools/Accessories/MMSprites/MMLineRendererCircle.cs
move	af18777bcf6ae2c47a02c3ff8adabb0e	Assets/Feel/MMTools/Core/MMReorderableList/Attributes/ReorderableAttribute.cs	Assets/Scripts/ThirdParty/Feel/MMTools/Core/MMReorderableList/Attributes/ReorderableAttribute.cs
move	af3876ae77702e24e8e1b06f675c0860	Assets/Feel/MMTools/Accessories/MMActivation/MMInputExecution.cs	Assets/Scripts/ThirdParty/Feel/MMTools/Accessories/MMActivation/MMInputExecution.cs
move	bfe04c61ac8739b4eb65938198bcc344	Assets/Feel/MMFeedbacks/MMFeedbacksForThirdParty/TextMeshPro/Feedbacks/MMF_TMPWordSpacing.cs	Assets/Scripts/ThirdParty/Feel/MMFeedbacks/MMFeedbacksForThirdParty/TextMeshPro/Feedbacks/MMF_TMPWordSpacing.cs
move	bf220d92758f9a54bae271726c599936	Assets/Feel/MMTools/Accessories/MMGUI/MMRaycastTarget.cs	Assets/Scripts/ThirdParty/Feel/MMTools/Accessories/MMGUI/MMRaycastTarget.cs
move	bf25723e7c003d74399d0f62f1098637	Assets/Feel/MMFeedbacks/MMFeedbacks/Shakers/MMFeedbacksShaker.cs	Assets/Scripts/ThirdParty/Feel/MMFeedbacks/MMFeedbacks/Shakers/MMFeedbacksShaker.cs
move	cfb03c2bcbc7bd64fbf6cc6081b9c441	Assets/Feel/MMTools/Core/MMSingletons/MMReferencedScriptableObject.cs	Assets/Scripts/ThirdParty/Feel/MMTools/Core/MMSingletons/MMReferencedScriptableObject.cs
move	df5cccc1b626f954881aee460f519752	Assets/Feel/MMFeedbacks/MMFeedbacksForThirdParty/URP/Springs/MMSpringVignetteIntensity_URP.cs	Assets/Scripts/ThirdParty/Feel/MMFeedbacks/MMFeedbacksForThirdParty/URP/Springs/MMSpringVignetteIntensity_URP.cs
move	df8d044f677634e749812dc987300584	Assets/Feel/NiceVibrations/Scripts/Components/HapticClip.cs	Assets/Scripts/ThirdParty/Feel/NiceVibrations/Scripts/Components/HapticClip.cs
move	dfdd322a582c3bc429d2350807e8a2c3	Assets/Feel/MMTools/Accessories/MMMovement/MMPreventPassingThrough2D.cs	Assets/Scripts/ThirdParty/Feel/MMTools/Accessories/MMMovement/MMPreventPassingThrough2D.cs
move	df7eb734a87468a40a9194761576a513	Assets/Feel/MMFeedbacks/MMFeedbacksForThirdParty/PostProcessing/Springs/MMSpringDepthOfFieldFocusDistance.cs	Assets/Scripts/ThirdParty/Feel/MMFeedbacks/MMFeedbacksForThirdParty/PostProcessing/Springs/MMSpringDepthOfFieldFocusDistance.cs
move	ef20247bd5f04449293bb8ea3982f3ac	Assets/Feel/NiceVibrations/Scripts/Components/Gamepad.cs	Assets/Scripts/ThirdParty/Feel/NiceVibrations/Scripts/Components/Gamepad.cs
move	efe052b91c95c534b8bf0f64fb0b9151	Assets/Feel/MMTools/Core/MMUI/MMFader.cs	Assets/Scripts/ThirdParty/Feel/MMTools/Core/MMUI/MMFader.cs
move	ef0aa39dbc6e77a4492bee30af779378	Assets/Feel/MMFeedbacks/MMFeedbacksForThirdParty/TextMeshPro/Feedbacks/MMF_TMPSoftness.cs	Assets/Scripts/ThirdParty/Feel/MMFeedbacks/MMFeedbacksForThirdParty/TextMeshPro/Feedbacks/MMF_TMPSoftness.cs
move	efda6721f0081284c9800ba75977ba30	Assets/Feel/MMTools/Accessories/MMPhysics/MMRigidbodyCenterOfMass.cs	Assets/Scripts/ThirdParty/Feel/MMTools/Accessories/MMPhysics/MMRigidbodyCenterOfMass.cs
move	ff113397ac737b84494337e5512328d8	Assets/Feel/MMFeedbacks/MMFeedbacks/Feedbacks/MMF_ImageTextureOffset.cs	Assets/Scripts/ThirdParty/Feel/MMFeedbacks/MMFeedbacks/Feedbacks/MMF_ImageTextureOffset.cs
move	ff41eb325c823854b878fbc622f8d9fe	Assets/Feel/MMTools/Core/MMExtensions/MMScrollRectExtensions.cs	Assets/Scripts/ThirdParty/Feel/MMTools/Core/MMExtensions/MMScrollRectExtensions.cs
move	fff95d1eb5038764b9fdf57b6818aa6f	Assets/Feel/MMFeedbacks/MMFeedbacks/Core/MMFeedbacksCoroutine.cs	Assets/Scripts/ThirdParty/Feel/MMFeedbacks/MMFeedbacks/Core/MMFeedbacksCoroutine.cs
move	ff1bc0ee84c11704b9fdeae5c51f6a76	Assets/Feel/MMFeedbacks/MMFeedbacksForThirdParty/UIToolkit/Feedbacks/MMF_UIToolkitScale.cs	Assets/Scripts/ThirdParty/Feel/MMFeedbacks/MMFeedbacksForThirdParty/UIToolkit/Feedbacks/MMF_UIToolkitScale.cs
move	ff6c7676065e39545a4f7ccb2f5d67b8	Assets/Feel/MMTools/Accessories/Editor/MMCollisions/MMMeshToPolygonCollider2D.cs	Assets/Scripts/ThirdParty/Feel/MMTools/Accessories/Editor/MMCollisions/MMMeshToPolygonCollider2D.cs
